tweet_id,tweet_text,original_label,event,binary_label,label_name
211040709124440064,#Intern #US #TATTOO #Wisconsin #Ohio #NC #PA #Florida #Colorado #Iowa #Nevada #Virginia #NV #mlb Travel Destinations---&gt;http://t.co/TIHBJKF2,Not related,2012 Colorado wildfires,0,Not informative
211111710294163457,RT @Jack4Ward: Get in on the fun every Thursday with the @csindependent #FunBrief http://ow.ly/br9Wi #CoSprings #Colorado,Not related,2012 Colorado wildfires,0,Not informative
211157222699433985,Welcome to our newest STUDENTathlete- Reagan Biechler from Colorado Springs (CO) ’13- Baseball. http://t.co/lzeiYMpq,Not related,2012 Colorado wildfires,0,Not informative
211162553659830272,Denver Post: #Colorado governor signs bill creating rules for public access to ballots http://t.co/Hmp1wQ8P #opengov,Not related,2012 Colorado wildfires,0,Not informative
211216962162933761,"Pretty sure I'm going to live in Manitou Springs, CO someday. Maybe live here and work in Colorado Springs?? #theplan",Not related,2012 Colorado wildfires,0,Not informative
211229146611843072,Flying over the beautiful snow capped #mountains of #colorado #livingsocial #iphonesia #hdr #instagood  http://t.co/tCgmQ2xI,Not related,2012 Colorado wildfires,0,Not informative
211232623706640384,It isn't a beach but just as great #colorado #summer  http://t.co/NPi5wJ9n,Not related,2012 Colorado wildfires,0,Not informative
211281973870727170,#colorado. Told you its #amazing http://t.co/6z0Qq7qe,Not applicable,2012 Colorado wildfires,0,Not informative
211333983269695488,RT @xRedRoverx: #Colorado #news #crime 3 bodies found in La Plata County Friday | http://t.co/BNPYWOBu http://t.co/iLUtRFED via @9news,Not related,2012 Colorado wildfires,0,Not informative
211380242227539968,checkmate payday loans colorado springs http://t.co/8pSlcpVV,Not related,2012 Colorado wildfires,0,Not informative
211437603529039872,"Free #HTC #Wildfire S, 250 minutes, 5,000 texts and 500MB data for only £7.50 per month at #Carphone.. #deals http://t.co/jpvMwt6r",Not related,2012 Colorado wildfires,0,Not informative
211490716004777984,Wildly popular Tough Mudder adventure race gives #Colorado ski areas some summertime crowds: http://t.co/Lyj5MxDC,Not related,2012 Colorado wildfires,0,Not informative
211511062573490177,day 9- your view. there's no other view like one on top of a mountain. i miss camp so much. #colorado  http://t.co/3RaO8P7b,Not related,2012 Colorado wildfires,0,Not informative
211545661387194369,#Colorado http://t.co/PIEZEJM8,Not related,2012 Colorado wildfires,0,Not informative
211557401231495171,RT @northfortynews: Tanker helicopter heads up to Paradise Park to drop water on #HighParkFire. http://t.co/7atRS5cy,Related and informative,2012 Colorado wildfires,1,Informative
211561134187225089,The Champ http://t.co/FzYGdD4O Statue Pro Rodeo Hall Of Fame Colorado Springs #photo #statue #Rodeo,Not related,2012 Colorado wildfires,0,Not informative
211565974422425600,#Evacuation center Cache La Poudre Middle School 3515 West County Road 54G in Laporte. #Colorado #Wildfire,Related and informative,2012 Colorado wildfires,1,Informative
211571531841675265,Frontier Ranch here I come!!!! #timetodrive24hours #tooexcitedtobebored #Colorado @Rochelleee24 @YoungLifeCRHS,Not related,2012 Colorado wildfires,0,Not informative
211601680507207681,Normal people watching horse related programming today are watching the Belmont Stakes. @Lilah86 is watching #Wildfire.,Not related,2012 Colorado wildfires,0,Not informative
211607187653533697,20F degrees cooler tomorrow in North Central &amp; Northeastern #Colorado. Highs in the mid and upper 70'S. #HighParkFire #COwx #Heat #Coolbreak,Related and informative,2012 Colorado wildfires,1,Informative
211610941526253568,The only good thing about driving down Arapahoe road... The view. #Colorado,Not related,2012 Colorado wildfires,0,Not informative
211654415503990784,FEMA has authorized the use of federal funds to help with firefighting costs for the #HighParkFire. http://t.co/whxlpPEP,Related and informative,2012 Colorado wildfires,1,Informative
211671247258521602,#Media Large wildfire in N. Colorado prompts evacuations: Crews are battling a fast-moving wildf... http://t.co/ju1BGTKH #Politics #News,Related and informative,2012 Colorado wildfires,1,Informative
211681309368655872,Large wildfire in northern Colorado prompts evacuations - Fox News: CBS NewsLarge wildfire in northern Colorado ... http://t.co/BvG6xSRH,Related and informative,2012 Colorado wildfires,1,Informative
211685621125742592,RT @LarimerSheriff: #HighParkFire update http://t.co/hBy5shen,Related - but not informative,2012 Colorado wildfires,0,Not informative
211687189799636993,Wildfires in Colorado and New Mexico ravage thousands of acres of forest and cause massiv... http://t.co/SZuFABvb + http://t.co/8uX1AJmQ,Related and informative,2012 Colorado wildfires,1,Informative
211703656611979265,India Large wildfire in N. Colorado prompts evacuations http://t.co/uprHT63g,Related and informative,2012 Colorado wildfires,1,Informative
211732966416719873,Western wildfires forcing evacuations: Firefighters in Colorado and New Mexico are battling wildfires that are m... http://t.co/BOaVjrRO,Related and informative,2012 Colorado wildfires,1,Informative
211790625530593282,"New #HighParkFire Evacs: 474 evac notices S &amp; W of Bellvue includes Lory State Park, Redstone Canyon &amp; Buckhorn Rd to Stove Prairie School",Related and informative,2012 Colorado wildfires,1,Informative
211797818766131200,#Colorado #Canada #NewMexico #Arkansas #Laredo #Strongsville #world #news #Georgia #Louisiana #Hawaii  Gossip---&gt;http://t.co/qXvuajVY,Not related,2012 Colorado wildfires,0,Not informative
211830756614475777,#50radio #NowPlaying 5-0 Radio app (Larimer County Fire and EMS) rr://7897 #highparkfire,Related - but not informative,2012 Colorado wildfires,0,Not informative
211848238465159170,"According to Gov Hickenlooper, One third of all fire retardant equipment in the country is here in Larimer County. #highparkfire",Related and informative,2012 Colorado wildfires,1,Informative
211877049147736064,RT @KyleLSaunders: Just some perspective: 14000 acres = 21.87500 sq mi #highparkfire; @LarimerSheriff notes still 0% containment--so sco ...,Related and informative,2012 Colorado wildfires,1,Informative
211884082991333376,Huge forest fire here in Colorado up in the mountains,Related and informative,2012 Colorado wildfires,1,Informative
211889384608374785,RT @HumaneSociety: .@winecountrydog it is still open to large animals just not people #highparkfire,Related - but not informative,2012 Colorado wildfires,0,Not informative
211893016892424192,"RT @denverpost: #HighParkFire, at 14,000 acres (22 sq. miles), is roughly the same size as the city of #Boulder (24 sq. miles): http://t ...",Related and informative,2012 Colorado wildfires,1,Informative
211904811250089984,"Colorado fire swells in size: A raging wildfire that swelled within a day to 8,000 acres in northern Colorado, b... http://t.co/VfjF9C59",Related and informative,2012 Colorado wildfires,1,Informative
211910322582335488,@alan_arnette Moore Animal Hosptal in FC offering free small animal boarding and pick up for #highparkfire evacuees. 970-560-0452 for info.,Related and informative,2012 Colorado wildfires,1,Informative
211931512180965378,"RT @TigerAngel2: RT @HumaneSociety: Not affected by #highparkfire? Help @LarimerHumane by donating wet dog/cat food, or on their site ht ...",Related and informative,2012 Colorado wildfires,1,Informative
211936520179945472,"#HighParkFire trying to get more of all resources.. air, ground crews, military assistance.. competing for fire resources due to other fires",Related and informative,2012 Colorado wildfires,1,Informative
211939976286453760,"Ufo Alerts: UFOs Filmed in Colorado Springs, CO - June 4, 2012 - YouTube: http://t.co/tkcCg3LM Strange ... http://t.co/VCiq0mmr",Not related,2012 Colorado wildfires,0,Not informative
211948511690895361,RT @monikarun: Apocalypse #highparkfire   @ Taste of Fort Collins http://t.co/tjhlJqLU,Not related,2012 Colorado wildfires,0,Not informative
211949036004057089,MT “@monikarun: #highparkfire @ Taste of Fort Collins http://t.co/InUMas5e” crazy. Kinda glad I'm not going now. But will miss Mat Kearney,Not related,2012 Colorado wildfires,0,Not informative
211958091485417473,RT @HumaneSociety: If you are evacuating please don't wait - take your pets when you evacuate!  #highparkfire #wildfire,Related and informative,2012 Colorado wildfires,1,Informative
211964198396231680,RT @HumaneSociety If you are evacuating please don't wait - take your pets when you evacuate! #highparkfire #wildfire #COwx,Related and informative,2012 Colorado wildfires,1,Informative
211964315853524993,"RT @HumaneSociety: Crystal Mtn Road, Upper Buckhorn, leave NOW! Take pets! Burn pattern of #HighParkFire could cut off exit via @Larimer ...",Related and informative,2012 Colorado wildfires,1,Informative
211968233312485378,RT @TheUmno: MT @KellyNehls: #photo Unedited photo from New Belgium Brewery #highparkfire #fortcollins #loc New Belgium Brewery # http:/ ...,Related and informative,2012 Colorado wildfires,1,Informative
211971932697010178,RT @SignaramaFC: Mulberry &amp; Lemay vie west 30 min ago. Can hardly believe it's actually 15 miles away!  #highparkfire http://t.co/vm ...,Related and informative,2012 Colorado wildfires,1,Informative
211976521278164993,#wildfire high park fire  http://t.co/OHB5nPtY,Related and informative,2012 Colorado wildfires,1,Informative
211991952135172098,This is crazy #highparkfire http://t.co/TJyXcdNN,Related and informative,2012 Colorado wildfires,1,Informative
212000114246553600,RT @jawtry: RT @runnermwilliams: SW side of Ft Collins. It's like a scene from Independence Day. #highparkfire http://t.co/NYFVinVM,Related and informative,2012 Colorado wildfires,1,Informative
212002932818841602,"RT @9NEWS: #HighParkFire press conference: 20,000 acres, 0 containment, Type 1 Incident Command takes over tomorrow",Related and informative,2012 Colorado wildfires,1,Informative
212019143803797505,#IFWT Colorado Wildfires Getting Worse - http://t.co/OhpuHWbi,Related and informative,2012 Colorado wildfires,1,Informative
212023103197421569,Colorado fire displaces hundreds; 1 person missing: Firefighters in Colorado and New Mexico are battling wind-fu... http://t.co/R6OQwpix,Related and informative,2012 Colorado wildfires,1,Informative
212024361513795584,"Hundreds evacuated as Colorado, New Mexico fires spread http://t.co/wr9JREt3",Related and informative,2012 Colorado wildfires,1,Informative
212025686918049793,RT @cnnbrk: Colorado #wildfire doubles in size on Sunday. http://t.co/CepAPje9,Related and informative,2012 Colorado wildfires,1,Informative
212032414564880384,"#LarimerCounty Colorado, #HighParkFire Map of fire: http://t.co/Dkm0JXmF",Related and informative,2012 Colorado wildfires,1,Informative
212046599696826369,RT @u2videoqueen: Smoke plume from #HighParkFire.  Viewed from Northern #Boulder county. http://t.co/z56NZeJ3,Related and informative,2012 Colorado wildfires,1,Informative
212056699572469760,#telluride #colorado #landscape  http://t.co/YU7bQZvb,Not related,2012 Colorado wildfires,0,Not informative
212058314387881985,#offer @nocok9cop We can take in a couple or small family + pets at our house for evacuees of #highparkfire - #loc live in Windsor.,Related and informative,2012 Colorado wildfires,1,Informative
212061829235613698,"Sunset I shot last April on top of Buckhorn Mountain, at #ShilohGuestRanch, now under #HighParkFire.  http://t.co/vVG1oCBO",Related and informative,2012 Colorado wildfires,1,Informative
212099863171710976,CNN: Homes at risk from Colorado wildfire: Hundreds of families took refuge early Monday at a northern Col... http://t.co/1whTp6PL #news,Related and informative,2012 Colorado wildfires,1,Informative
212137133736075264,Homes at risk from Colorado wildfire: Hundreds of families took refuge early Monday at a northern Colorado ... http://t.co/OoYTzBfx #CNN,Related and informative,2012 Colorado wildfires,1,Informative
212158197543337984,#highparkfire apparently now larger than the city of Boulder at approximately 31.25 sq miles,Related and informative,2012 Colorado wildfires,1,Informative
212169203422199808,RT @HumaneSociety: Every crew out there is risking their life. Our thoughts are with all of them #highparkfire,Related - but not informative,2012 Colorado wildfires,0,Not informative
212176367289253888,"Pray for rain! RT @LarimerSheriff: #HighParkFire is now at 36,930 acres.",Related and informative,2012 Colorado wildfires,1,Informative
212185569588035585,RT @HumaneSociety: we'll second that! RT @nalowry: Shout out to all local news agencies keeping people updated on the #highparkfire,Related and informative,2012 Colorado wildfires,1,Informative
212189675786477569,"RT @denverpost: Colorado wildfire: High Park Fire in Larimer County now up to 36,000 acres burned http://t.co/JndQLSTU",Related and informative,2012 Colorado wildfires,1,Informative
212193589088890880,"RT @ExaminerWeather: #HighParkFire explodes to 36,930 acres, 400 personnel on site, more evacuations ordered. Story &amp; photos: http:/ ...",Related and informative,2012 Colorado wildfires,1,Informative
212197095518633984,@wind4me Great point. Did see a request for tankers form Canada to aid has been made. #HighParkFire,Related and informative,2012 Colorado wildfires,1,Informative
212200052511342594,RT @TimesCall: Colorado's High Park fire has burned nearly 58 square miles. http://t.co/dqqFGDjr,Related and informative,2012 Colorado wildfires,1,Informative
212201952547840000,"Follow @TaliahBeatz RT @ressiVdanor RT @HADIARE: #OPENFOLLOW Fort Collins, Colorado Wildfire Spreads As New Mexico ...  Follow @JiNxBeatz",Related and informative,2012 Colorado wildfires,1,Informative
212202460046049280,"“Latest info: 36,930 acres, 18 structures damaged, 1 person missing. All stories and updates here: http://t.co/K0uRXxle #HighParkFire”",Related and informative,2012 Colorado wildfires,1,Informative
212212127929344001,Next #HighParkFire RESIDENT briefing: 3pm McKee bldg at The Ranch in Loveland. @DenverChannel #Denver7,Related and informative,2012 Colorado wildfires,1,Informative
212214560617275392,RT @KDVR: Follow the latest #HighParkFire updates with our live blog &amp; chat room http://t.co/fBRlcE2o #breakingnews #fortcollins,Related and informative,2012 Colorado wildfires,1,Informative
212220457783541761,"I'm at East Library (Colorado Springs, CO) http://t.co/kKcZlWYr",Not related,2012 Colorado wildfires,0,Not informative
212221690904723458,Great info on how to help #people and #pets http://t.co/oawrZZoK via @ColoradoStateU #HighParkFire #cofire,Related and informative,2012 Colorado wildfires,1,Informative
212227898512388096,RT @danbaileyphoto: Best wishes to all of my Northern Colorado friends who are in the path of the out of control High Park Fire.,Related - but not informative,2012 Colorado wildfires,0,Not informative
212228347286130689,"Due to Colorado wildfires, the trip is cancelled. So instead we will be driving through Nevada, and going to California.",Related and informative,2012 Colorado wildfires,1,Informative
212228666070011904,Photos: Fire threatens man and nature: Photos: Northern Colorado fire rages on       http://t.co/GgPZl7Zf,Related and informative,2012 Colorado wildfires,1,Informative
212231669170716672,MT @KyleClark: Please keep #HighParkFire firefighters in your thoughts/prayers. Difficult day looms for them.,Related - but not informative,2012 Colorado wildfires,0,Not informative
212231891477217283,RT @LarimerCounty: Map of #HighParkFire as of 00:20 this morning. http://t.co/5NcEjnop,Related and informative,2012 Colorado wildfires,1,Informative
212234550649163777,"RT @Ash_ann88: My friend took this at Horsetooth Reservoir, one of my favorite places in CO.. #devastating #Colorado http://t.co/OTwN0lEm",Related and informative,2012 Colorado wildfires,1,Informative
212235003646586880,Colorado wildfire 'moving fast' http://t.co/1VTm9QbN,Related and informative,2012 Colorado wildfires,1,Informative
212242750534451200,RT @SMEM911: RT @nocoredcross: #HighParkFire @RedCrossDenver @NoCORedCross People who want to volunteer may call 211 to be put on a wait ...,Related and informative,2012 Colorado wildfires,1,Informative
212242754703601664,"Sending lots of positive thoughts to Larimer County, Fort Collins and the people affected by the #HighParkFire",Related - but not informative,2012 Colorado wildfires,0,Not informative
212245812367982592,Photo of the Colorado wildfire from space (via @NASA) http://t.co/AWCRkwr2 #HighParkFire #FortCollins #Highpark #Lemay via @michaelhayes,Related and informative,2012 Colorado wildfires,1,Informative
212298127925977088,"Damage Assessment teams for #HighParkFire being assembled to determine what' structures have been burned, damaged or untouched.",Related and informative,2012 Colorado wildfires,1,Informative
212298199229149184,"RT @CBSDenver #HighParkFire continues to have multiple heads, or fronts firefighters are working. Some homes found not burned in fire area",Related and informative,2012 Colorado wildfires,1,Informative
212306336183091200,"New Mexico, Colorado fires burn out of control http://t.co/StksrcBK",Related and informative,2012 Colorado wildfires,1,Informative
212311709082337281,The copter is on the way to the #HighParkFire. We'll be airing it live throughout our coverage. You can also follow @CodyCrouch for pics.,Related and informative,2012 Colorado wildfires,1,Informative
212311717449973761,#boulder #colorado #hiking  @ Mount Sanitas Summit http://t.co/h26XBU70,Not related,2012 Colorado wildfires,0,Not informative
212315735609966592,RT @9NEWS: #HighParkFire - CONFIRMED cause of fire is lightning strike,Related and informative,2012 Colorado wildfires,1,Informative
212319443383103488,@scottbalster @gnip @mapbiquity @imnickarmstrong any ideas on a domain name? Re #HighParkFire house matching w displaced people.,Related and informative,2012 Colorado wildfires,1,Informative
212337210442264576,RT @KyleClark: Sources tell @9news a 62 yr old woman has died in the #HighParkFire,Related and informative,2012 Colorado wildfires,1,Informative
212364712506163201,62 year old linda stedman killed in #highparkfire,Related and informative,2012 Colorado wildfires,1,Informative
212365530391252993,"The High Park fire west of Fort Collins, #CO has consumed 36,930 acres so far, is 0% contained and continues to grow. #NWS #cowx #cofire",Related and informative,2012 Colorado wildfires,1,Informative
212373109477617664,"Current estimate for #HighParkFire is 41,140 acres. They will know more in the morning after a night IR picture is taken.",Related and informative,2012 Colorado wildfires,1,Informative
212377068904787969,RT @YahooNews: Hundreds are evacuated as the wildfires in Colorado and New Mexico continue to spread: http://t.co/kE24RNiZ,Related and informative,2012 Colorado wildfires,1,Informative
212384295719931904,"RT @dailycamera: #HighParkFire has grown to 41,000 acres; one dead; more than 100 structures burned in #Larimer.  via @denverpost.  http ...",Related and informative,2012 Colorado wildfires,1,Informative
212403224576131072,"Smokey sunset #highparkfire #sunset #nature  @ Fort Collins, CO http://t.co/MWlr6Fju",Not related,2012 Colorado wildfires,0,Not informative
212412775027314690,So proud of the Colorado Springs Air Force graduating class.  You guys did it!,Not related,2012 Colorado wildfires,0,Not informative
212414263984275456,"RT @news_com_au: MORE firefighters have been recruited to help fight a raging wildfire in the western US state of Colorado, which... htt ...",Related and informative,2012 Colorado wildfires,1,Informative
212429443170435072,"RT @jawtry: RT @travisswan: #HighParkFire 3 panoramas I took today from h.287, Bingham Hl Rd, &amp; ridge above Co Rd 23. @coloradoan ht ...",Related and informative,2012 Colorado wildfires,1,Informative
212441208226717697,Forest fires in Colorado and New Mexico. :(,Related - but not informative,2012 Colorado wildfires,0,Not informative
212452734148939776,"Colorado fire: 41,140 acres burned, 1 dead: Firefighters were hoping to get control Tuesday of a fast-moving wil... http://t.co/S2s77VSh",Related and informative,2012 Colorado wildfires,1,Informative
212462741770862592,VIDEO: Colorado wildfire 'moving fast' http://t.co/RvRouaTA,Related and informative,2012 Colorado wildfires,1,Informative
212484971594649600,"Colorado fire: 41,140 acres burned, 1 dead: Firefighters were hoping to get control Tuesday of a fast-moving wildfire in northern Col...",Related and informative,2012 Colorado wildfires,1,Informative
212525333348491264,BBC News - Hundreds forced from their homes by Colorado wildfire http://t.co/rAKBJwQJ,Related and informative,2012 Colorado wildfires,1,Informative
212539984052363265,"RT @NBCNews: New Mexico, Colorado wildfires burn out of control http://t.co/G415N0Hi",Related and informative,2012 Colorado wildfires,1,Informative
212552097219100673,"Pre-evacuation notice for part Glacier View CR74E, S &amp; E of McNay Hill. Hewlett Gulch Road, Deer Meadow Way, Gordon Creek Lane #HighParkFire",Related and informative,2012 Colorado wildfires,1,Informative
212552860590813184,RT @dhorning11: RT @LarimerCounty: #HighParkFire burn area map as of Monday night 10 p.m. http://t.co/1guBTcXX,Related and informative,2012 Colorado wildfires,1,Informative
212559890248499200,"RT @LarimerSheriff: #HighParkFire now at 43,433 acres with some containment.  500 firefighters will be working today.",Related and informative,2012 Colorado wildfires,1,Informative
212572162786201601,"RT @USParalympics: .@USATriathlon is hiring a paratriathlon manager to work in Colorado Springs, Colo., and oversee the paratri program: ...",Not related,2012 Colorado wildfires,0,Not informative
212572582220795904,"@9NEWS: Incident command: NE &amp; SE corners, S flank of #HighParkFire are hot. East flank, which is closest to Ft Collins is calm",Related and informative,2012 Colorado wildfires,1,Informative
212579779608719362,"Colorado Fires Map: Colorado Fires Map, A sprawling wildfire in northern Colorado grew larger than the nearby city... http://t.co/VukHl8wx",Related and informative,2012 Colorado wildfires,1,Informative
212580551381630977,"RT @infodude: Did some math, at 43,433 acres #highparkfire in CO is 67.86 sq miles. That's 3x the size of the island of Manhattan! (22.9 ...",Related - but not informative,2012 Colorado wildfires,0,Not informative
212581637702168577,Woke up to the smell of smoke in Denver this morning. Thoughts are with those affected by #HighParkFire,Related - but not informative,2012 Colorado wildfires,0,Not informative
212582216503533569,"RT @SarahBisbing: #HighParkFire #ecosystems Densely stocked forest, extremely dry fuels, lack of precip, and high winds = fire likely to ...",Related and informative,2012 Colorado wildfires,1,Informative
212587354542706688,High Park Wildfires Whip Through Colorado http://t.co/x0ARQdcY,Related and informative,2012 Colorado wildfires,1,Informative
212590940664238080,"RT @katelynburkhart: praying for the people, animals and entire communities affected by this #highparkfire. truly unreal.",Related - but not informative,2012 Colorado wildfires,0,Not informative
212595864772952064,@KateWilson0605 thanks! I just built it fast as I didn't have much time! God bless you! #HighParkFire,Related - but not informative,2012 Colorado wildfires,0,Not informative
212604953846480896,It is doingsome raining #onthefarm!!!   LORD send of this to put out the fires in Colorado.  #Thrutheflames safety!!!   #BelovedofGOD,Related - but not informative,2012 Colorado wildfires,0,Not informative
212612847501455361,"For the latest on the massive #HighParkFire, follow @CBSDenver and get the details here: http://t.co/CDODmPJr",Related and informative,2012 Colorado wildfires,1,Informative
212615137604018177,RT @LarimerSheriff: #HighParkFire evacuation orders issued for Pingree Park area.  25 notifications sent http://t.co/oSmxBfqJ,Related and informative,2012 Colorado wildfires,1,Informative
212617058616225792,RT @gannett: Terrific panorama shot of the #HighParkFire from @MattStephens with the @coloradoan.  http://t.co/fkp7jsfK,Related - but not informative,2012 Colorado wildfires,0,Not informative
212617322836398080,RT @BreakingNews: Evacuation order issued in Colorado's High Park Fire - @LarimerSheriff http://t.co/HuSEbG39,Related and informative,2012 Colorado wildfires,1,Informative
212620414025871360,RT @MattSantomarco: RT @coloradowx: SOBERING: The #HighParkFire has now grown to over 56 square miles. All of #Denver is 44 square miles ...,Related and informative,2012 Colorado wildfires,1,Informative
212632141304041473,"So sad! 43,000 acres, 5% contained, 500 firefighters...100 homes destroyed, 1 dead. #wildfire #HighParkFire http://t.co/fpyUydUg",Related and informative,2012 Colorado wildfires,1,Informative
212645420487282690,More details on Yuma Firefighter who died in rollover accident: http://t.co/2vvvcuMO via @KSWT #azfire #wildfire #fire,Not related,2012 Colorado wildfires,0,Not informative
212649728020725760,Colorado State University classes disrupted by High Park Fire  http://t.co/byA9WRQu,Related and informative,2012 Colorado wildfires,1,Informative
212659349779267584,Is the Colorado Wildfire the Future Norm? http://t.co/yfgHINNf,Related - but not informative,2012 Colorado wildfires,0,Not informative
212660335415529475,"#highparkfire It's a slow progress, but we need to have favorable weather and we've had that the last couple of days.",Related and informative,2012 Colorado wildfires,1,Informative
212670988956090371,"Is support of those fighting the fire in northern Colorado, we say THREE CHEERS FOR FIRE FIGHTERS! Here's a view... http://t.co/UIb2fSdj",Related and informative,2012 Colorado wildfires,1,Informative
212678790353137664,RT @kmitchellDP: Colorado wildfire: some residents defy evacuation order for #highparkfire. http://t.co/GuU8MduG,Related and informative,2012 Colorado wildfires,1,Informative
212679595655299072,RT @coloradoan: RT @LarimerHumane: ready for more evacuated animals from #highparkfire - call dispatch at 970-226-3647 ext. 7 to find ou ...,Related and informative,2012 Colorado wildfires,1,Informative
212692916794163200,"Beyond the trauma of losing a home, the #HighParkFire is going to take a chunk out of property tax revenue. http://t.co/l8vX6mAF",Related and informative,2012 Colorado wildfires,1,Informative
212700856590671874,The fire in Colorado is still burning?,Related - but not informative,2012 Colorado wildfires,0,Not informative
212706464366727169,High Park Fire in Colorado http://t.co/yi1nnag1,Related - but not informative,2012 Colorado wildfires,0,Not informative
212729109418217472,"People in Colorado shrug off a gigantic fire that one one can put out due to the unstoppable wind, but they have a heart attack over rain...",Related and informative,2012 Colorado wildfires,1,Informative
212740098519871490,Thx!! RT @CommUlinks: Read Charitable #Colorado ▸ today's top stories via @Summit54 @UrbanLandC @WalkingMtns  ▸ http://t.co/zZhZxxto,Not related,2012 Colorado wildfires,0,Not informative
212740819948539905,"Colorado wild fire now 44,000 acres and growing - respect for the fire fighters, thoughts with the homeless",Related and informative,2012 Colorado wildfires,1,Informative
212750642970771457,@glennbeck you are looking better.  Hope you come back to Colorado Springs sometime soon.,Not related,2012 Colorado wildfires,0,Not informative
212790421754085376,Colorado Springs hiring outlook improves - The Business Journal http://t.co/0zjG0D9l,Not related,2012 Colorado wildfires,0,Not informative
212824504689360896,"Colorado, New Mexico forest fire crews gain ground: (Reuters) - Fire crews battling flames roaring through natio... http://t.co/EH2aGeFa",Related and informative,2012 Colorado wildfires,1,Informative
212841818780467200,Colorado to double wildfire crews http://t.co/Zky8ALMM,Related and informative,2012 Colorado wildfires,1,Informative
212847162315382785,Colorado State University classes disrupted by High Park Fire – 9News http://t.co/MHFEQIIz,Related and informative,2012 Colorado wildfires,1,Informative
212847581733208064,Colorado to double wildfire crews: Officials plan to more than double the amount of fire engines battling the ra... http://t.co/6lsEbXJY,Related and informative,2012 Colorado wildfires,1,Informative
212860399547187201,"Search Healthcare $ Registered Nurse (RN) at Select Specialty Hospital (Colorado Springs, CO)  http://t.co/f8kzUhbr",Not related,2012 Colorado wildfires,0,Not informative
212887096262791168,"Colorado, New Mexico forest fire crews gain ground. (Reuters) Story: http://t.co/om9eCXm3",Related and informative,2012 Colorado wildfires,1,Informative
212913709121671170,4 Northern Rockies T2IA Crews are mobilizing to Colorado and New Mexico to assist with wildland fire suppression efforts.,Related and informative,2012 Colorado wildfires,1,Informative
212937008484589570,"#HighParkFire live briefing: Bill Hahnenberg, cmdr: Not the kind of fire where we fight for a couple days and head home. Here a long time.",Related - but not informative,2012 Colorado wildfires,0,Not informative
212940548472971264,@amitvkaushik Poncha Springs Colorado CO http://t.co/mIFtULJy,Not related,2012 Colorado wildfires,0,Not informative
212951164256391169,RT @RichKurtzman: #HighParkFire update: Fire officials now say they may not be able to put the fire out until NEXT summer!,Related and informative,2012 Colorado wildfires,1,Informative
212970143511363587,Great one here: Colorado wildfire roars to 73 square miles - Fox News  [a link in my bio],Related and informative,2012 Colorado wildfires,1,Informative
213002380910927874,"Colorado wildfire smoke blows into Cheyenne, Wyo. - USA TODAY: USA TODAYColorado wildfire smoke blows into Cheyenne, Wyo.USA TODAYLOV...",Related and informative,2012 Colorado wildfires,1,Informative
213003463032963072,"Colorado wildfire smoke smudges skies in Wyoming: LOVELAND, Colo.     (AP) -- Smoke from a massive northern Colo... http://t.co/rl4HKdUT",Related and informative,2012 Colorado wildfires,1,Informative
213007598637678592,"Colorado wildfire smoke chokes Cheyenne, Wyo. – http://t.co/JHBKgAAs http://t.co/3mnGdYqf",Related and informative,2012 Colorado wildfires,1,Informative
213011574850461698,"RT @K_Wills21: So I set the world on fire!  (whoops, sorry about that, Colorado)",Related - but not informative,2012 Colorado wildfires,0,Not informative
213015790109196288,RT @gbrockell: Wow this is the most amazing map of the #highparkfire I have seen. Takes a while to load but worth it. http://t.co/g4qpMOL4,Related and informative,2012 Colorado wildfires,1,Informative
213025390875246593,"Other/Attorney/In House/Colorado Springs, Colorado - USA-CO-Colorado Springs: License Management Analyst 3-Fin  ... http://t.co/W8w853M5",Not related,2012 Colorado wildfires,0,Not informative
213047834579173377,RT @Kswan11: Pic of #highparkfire from Estes park high school http://t.co/hTVMKlk6,Related and informative,2012 Colorado wildfires,1,Informative
213059129852436481,@BravoTangoTees Sara in Colorado Springs ... #BTturns1,Not related,2012 Colorado wildfires,0,Not informative
213066859971477504,#colorado Team USA to Compete at Pan Am Zonal Fencing Championships in ... http://t.co/hvZgtbHE,Not related,2012 Colorado wildfires,0,Not informative
213070509003374592,"RT @RMACCFireinfo: Tanker update: 6 pm, 37 drops, 58,557 gals retardant on #HighParkFire from #JeffcoAirTankerBase.... http://t.co/GQoDKs6A",Related and informative,2012 Colorado wildfires,1,Informative
213084463436009474,I miss my sister already. #colorado,Not related,2012 Colorado wildfires,0,Not informative
213087655309746176,"Love sippin this @BoulderBeerCo Singletrack while on the train in Glenwood Canyon, #Colorado! http://t.co/F1AN2YEf",Not related,2012 Colorado wildfires,0,Not informative
213092076093587457,Miss it already #Colorado http://t.co/jOT4Ul34,Not related,2012 Colorado wildfires,0,Not informative
213103874708471808,Airstrip in Colorado Springs.,Related - but not informative,2012 Colorado wildfires,0,Not informative
213121226510565376,"New post: NEW POLL: High Support for Marijuana Legalization in Colorado, 61% Say Regulate Like Alc http://t.co/eZPVrx9r #CO #Colorado",Not related,2012 Colorado wildfires,0,Not informative
213125177540739072,We're finishing up our #HighParkFire coverage for the night. @KellyCBS4 will have the very latest tomorrow AM on @CBSDenver,Related - but not informative,2012 Colorado wildfires,0,Not informative
213130902790873088,RT @meggrieve: Poetic. #highparkfire  http://t.co/F8eKA8JB,Related - but not informative,2012 Colorado wildfires,0,Not informative
213137450086838272,Can it be Sunday morning already? #Colorado #Plz #IHateTexas,Not related,2012 Colorado wildfires,0,Not informative
213138934887223296,RT @denverpost: PHOTOS: Here's an updated look at the #HighParkFire through the lens of @denverphotos: http://t.co/v6VS2vNH,Related and informative,2012 Colorado wildfires,1,Informative
213263585382637568,Colorado I'll see you soon #colorado #heaven #sonicbloom #festyseason #mountains 💗💗💗 http://t.co/2KlguV2G,Not related,2012 Colorado wildfires,0,Not informative
213265103724888064,Armed robbers get away: Colorado Springs police say two black men entered the Ambassador Adult Entertainment Store... http://t.co/4oUiDEGE,Not related,2012 Colorado wildfires,0,Not informative
213266525606526977,RT @DenverChannel: RT @1310kfkanews: @larimersheriff just told 1310 KFKA the acreage of the #Highparkfire may grow significantly today,Related and informative,2012 Colorado wildfires,1,Informative
213275195224494080,"RT @paterosbrew: #HighParkFire fundraiser THIS SATURDAY, from 11-2. With @TheWaffleLab and many others, so stay tuned for more details.",Related and informative,2012 Colorado wildfires,1,Informative
213278894600634369,"Forlan no Inter: sites na europa dizem que sim. Mas lembrem-se, a fonte de todos eles é o Neto. | #Inter #Colorado",Not applicable,2012 Colorado wildfires,0,Not informative
213290454127616003,#ayp #arvada #colorado (@ Personal Benefit Services Wealth Management w/ @erika1h) http://t.co/RYrXPlCQ: #ayp #a... http://t.co/XFDFP3lB,Not related,2012 Colorado wildfires,0,Not informative
213295311106482178,RT @DenverChannel: Watch #HighParkFire live update from officials:  http://t.co/ShSjABQq,Related and informative,2012 Colorado wildfires,1,Informative
213303712284811264,"RT @coloradoan: #HighParkFire live briefing: Commander, This fire could cross the river. If it does, we're going to have a hard time wi ...",Related and informative,2012 Colorado wildfires,1,Informative
213307550081359872,"RT @MickeyFactz Sad Really: I know we not talking about bottle fights... Not when Colorado has wildfires, KKK ... http://t.co/K4u2BXnL",Related - but not informative,2012 Colorado wildfires,0,Not informative
213336062980915200,"RT @LarimerCounty #HighParkFire website containing fire info, maps, Disaster Recovery Center details http://t.co/DrqfMMvO #cofire #smem",Related and informative,2012 Colorado wildfires,1,Informative
213348184506908673,RT @LarimerSheriff: #HighParkFire Another evacuation area notice has been lifted. Please check out link http://t.co/KXPBivpb,Related and informative,2012 Colorado wildfires,1,Informative
213356292113305600,RT @doyourpartorg: Thunderstorms expected to affect NW portion of the #HighParkFire by 2:30 pm today - 20-30 mph gusts w/light to modera ...,Related and informative,2012 Colorado wildfires,1,Informative
213373622943891457,"Homeowners from the Stratton Park, Pine Acres/ parts of Poudre Canyon have been notified that their homes have been destroyed. #HighParkFire",Related and informative,2012 Colorado wildfires,1,Informative
213384297481113602,"RT @BreakingNews: Colorado wildfire now over 50,000 acres, officials say; more than 1,300 personnel battling the blaze - @denverpost  ht ...",Related and informative,2012 Colorado wildfires,1,Informative
213387053143031809,RT @LarimerHumane: Marsha and her husband had to leave their horses and evacuate immediately from the #HighParkFire. Larimer Humane... h ...,Related and informative,2012 Colorado wildfires,1,Informative
213391209673134080,"#HighParkFire has burned about 73 square miles. Washington, DC measures 68 square miles. NASA photo t.co",Related and informative,2012 Colorado wildfires,1,Informative
213413158474358784,"RT @themishawaka: As per this morning's burn maps, we've still managed to remain away from the fire. #HighParkFire #grateful",Related and informative,2012 Colorado wildfires,1,Informative
213416409043181568,Watch live:  Colorado Wildfire Aerials http://t.co/DwR1UnqW,Related and informative,2012 Colorado wildfires,1,Informative
213443147735375873,Colorado wildfire: Tankers resume fighting 52000-acre High Park fire - Denver Post: Fox 31 KDVR.comColorado wild... http://t.co/a3Uxxcps,Related and informative,2012 Colorado wildfires,1,Informative
213469647377408000,"RT @TimesCall: #HighParkfire 15% contained, but jumps the Poudre http://t.co/hRxk47UA",Related and informative,2012 Colorado wildfires,1,Informative
213470175830351872,"More evacuated as wildfires spread in New Mexico, Colorado http://t.co/9THdcRnY",Related and informative,2012 Colorado wildfires,1,Informative
213471601918873602,"RT @dailycamera: Boulder County crews handled two fires started by lightning in foothills west of #Boulder tonight. One in Sugarloaf, on ...",Related and informative,2012 Colorado wildfires,1,Informative
213492158206971904,"RT @jpmeyerDPost: Not a good development. MT @KyleClark: #HighParkFire has jumped the Poudre, climbing a drainage near Glacier View.",Related and informative,2012 Colorado wildfires,1,Informative
213553466344341504,Colorado High Park fire now 15% contained; hundreds of homes to be evacuated – InciWeb via @NBCNews http://t.co/jyhWaOg5,Related and informative,2012 Colorado wildfires,1,Informative
213570046407081984,"Strawberry Days social networking brings talent to more than one ...: GLENWOOD SPRINGS, Colorado — Strawberry Da... http://t.co/fg1JKIRu",Not related,2012 Colorado wildfires,0,Not informative
213597628162777088,Colorado wildfire hops road: Firefighters Thursday made progress against a massive wildfire 15 miles west of For... http://t.co/vg18pC4v,Related and informative,2012 Colorado wildfires,1,Informative
213598055985987584,CNN: Colorado wildfire hops road http://t.co/6D1BEiP3,Related and informative,2012 Colorado wildfires,1,Informative
213598387310825472,Colorado wildfire hops road: Firefighters Thursday made progress against a massive wildfire 15 miles west of For... http://t.co/ZGeaE7su,Related and informative,2012 Colorado wildfires,1,Informative
213627768435519488,"RT @AnaCabrera: #HighParkFire latest: 52,000 acres, 15% contained, at least 48 homes destroyed, 200new evacs overnight in Glacier View area.",Related and informative,2012 Colorado wildfires,1,Informative
213638946247278592,RT @cwalkertime23: Goodluck bro do work . RT @jahprobound: Wheels up. Off to Colorado springs. ✌✈,Not related,2012 Colorado wildfires,0,Not informative
213641974534782979,Anything Goes opens summer season at RMRT http://t.co/m13SYv7A #colorado,Not related,2012 Colorado wildfires,0,Not informative
213646131098435587,Larry Austin jr headed to Colorado Springs for Fiba U17 World Championship tryouts #teamrose,Not related,2012 Colorado wildfires,0,Not informative
213662769889812482,"RT @USFWSHQ: We're reading @latimes: Colorado wildfire could burn all summer, officials fear http://t.co/hKuBfAU1",Related and informative,2012 Colorado wildfires,1,Informative
213671603081457664,"RT @denverpost: #HighParkFire has now burned more than 50,000 acres, fire officials say http://t.co/bzOBq2N9",Related and informative,2012 Colorado wildfires,1,Informative
213689735082807296,"#HighParkFire info on #LarimerCounty webpage. A lot of advice about prepping for a fire, safety lists, evacuation checklists, structure maps",Related - but not informative,2012 Colorado wildfires,0,Not informative
213702829674741761,RT @COEmergency: #HighParkFire Disaster Recovery Center opened this morning at CSU Johnson Hall to bring together resources. http://t.co ...,Related and informative,2012 Colorado wildfires,1,Informative
213714917654667265,Selling your Colorado Springs Colorado home? http://t.co/bui6YnzJ http://t.co/N1CKh6yV,Not related,2012 Colorado wildfires,0,Not informative
213737516602372097,"#wyzant #jobs #ColoradoSprings A student in Colorado Springs, CO is looking for a tutor in elementary (k-6th): http://t.co/TFpezc8A",Not related,2012 Colorado wildfires,0,Not informative
213748442739118080,RT @COEmergency: Want to donate to #HighParkFire families? Go to http://t.co/lo57JOy8,Related - but not informative,2012 Colorado wildfires,0,Not informative
213751626211667968,RT @850KOA: Devasting update from #HighParkFire.  112 homes lost.  More likely to be counted in the coming days.,Related and informative,2012 Colorado wildfires,1,Informative
213824988795518976,Back to the news: Latest perimeter map of the #HighParkFire as of late last night: http://t.co/vP3PhhKW,Related and informative,2012 Colorado wildfires,1,Informative
213826372911636480,"#Internship Product Management Internship: DiversityWorking - Fort Collins, CO -  for an inter... http://t.co/c1IIdXq1 #Colorado #intern",Not related,2012 Colorado wildfires,0,Not informative
213966051640221697,Colorado wildfire: High Park Fire near Fort Collins devours 37000 acres,Related and informative,2012 Colorado wildfires,1,Informative
214012344139911168,"RT @KyleLSaunders: Whoops, wrong link: #HighParkFire threatens largest Buddhist temple in North America http://t.co/I74jaJfG",Related and informative,2012 Colorado wildfires,1,Informative
214044891943145472,"RT @ColoradoStateU: Meet Ellie, a donkey who lead another donkey and 4 horses to safety before evacuation from #HighParkFire. http://t.c ...",Related - but not informative,2012 Colorado wildfires,0,Not informative
214065674748825602,"1908 photo Colorado Midland Band, Colorado Springs, Colo.. Male band posed on stage.: 1908 photo Colorado Midlan... http://t.co/YOd31WMS",Not related,2012 Colorado wildfires,0,Not informative
214131592413712385,"RT @BreakingNews: Officials: Colorado's High Park fire claims 181 homes, the most in state history - @denverpost http://t.co/Vf9Z667f",Related and informative,2012 Colorado wildfires,1,Informative
214137082774425600,Looks a lot like MOMA-San Francisco; I suspect the same architect. #denver #colorado #r  @ Denver Art Museum http://t.co/HFzKRH1d,Not related,2012 Colorado wildfires,0,Not informative
214149426611101696,"Full Time Housekeeper - Colorado Springs, CO http://t.co/YHyszwaE",Not related,2012 Colorado wildfires,0,Not informative
214158679220559872,BetRebels Live: (USA-MLS) #Vancouver Whitecaps vs #Colorado Rapids: 1-0: Goal for Vancouver Whitecaps http://t.co/GJGwRBmq @betrebels,Not related,2012 Colorado wildfires,0,Not informative
214164312175026177,Most destructive ever Colorado wildfire burns 181 homes http://t.co/D7pnuBOD via @msnbc_us,Related and informative,2012 Colorado wildfires,1,Informative
214168795881811969,High Park Fire 2012: Colorado Blaze Burns Record Number Of Homes: DENVER -- Additional crews were arriving Satur... http://t.co/sujgYpDy,Related and informative,2012 Colorado wildfires,1,Informative
214170347774291969,This is a beautiful state #Colorado,Not related,2012 Colorado wildfires,0,Not informative
214182184104370176,[Denver News] Colorado wildfire ranks as most destructive in state history: DENVER (Reuters) - An 85-square-mile... http://t.co/yHGdSthP,Related and informative,2012 Colorado wildfires,1,Informative
214194607657992192,"RT @9NEWS: #HIGHPARKFIRE now 45% containment, has burned 55,050 acres.  #9NEWS",Related and informative,2012 Colorado wildfires,1,Informative
214201167515885568,"“@news_com_au: THE wildfire burning just west of Fort Collins, Colorado, has destroyed 181 homes, ... http://t.co/hOFdZrkW”",Related and informative,2012 Colorado wildfires,1,Informative
214207349949349888,@thewantedmusic  I would love If you came to Colorado Springs so I don't have to only see you on YouTube,Not related,2012 Colorado wildfires,0,Not informative
214226740220928000,Wildfire destroys 181 homes in Colorado: Additional crews were joining the fight Saturday against a wildfire in ... http://t.co/fqUi3Wu6,Related and informative,2012 Colorado wildfires,1,Informative
214230229852495872,RT @ashleytrailrun: wishes all dads fighting the #highparkfire a happy father's day; also the evacuated dads who'll spend tomorrow comfo ...,Related - but not informative,2012 Colorado wildfires,0,Not informative
214233753072041986,Denver ties for nation's microbrew capital; Colorado Springs not far ...: Browse Food/Drink. Food/Drink Home Pag... http://t.co/nHU6w5C7,Not related,2012 Colorado wildfires,0,Not informative
214349314556821504,Colorado Sees Record Fire Damage http://t.co/8e0BxjxW,Related and informative,2012 Colorado wildfires,1,Informative
214350006621192192,What a week it's been!  #highparkfire you better behave today.  http://t.co/LAn96lrY,Related - but not informative,2012 Colorado wildfires,0,Not informative
214385830171648000,"RT @SeverePlains: #HighParkFire now most destructive in #COFire history, taking 181 homes. Now over 55k acres w/ $10.8M in damage: http: ...",Related and informative,2012 Colorado wildfires,1,Informative
214425449537867776,"#HighParkFire UPDATE: Re-Evacuations being announced for Hwy 14, east of Seaman Reservoir.",Related and informative,2012 Colorado wildfires,1,Informative
214426300994162688,"RT @coloradoan: #HighParkFire UPDATE: Re-Evacuations being announced for Hwy 14, east of Seaman Reservoir.",Related and informative,2012 Colorado wildfires,1,Informative
214477563756675072,Most destructive ever Colorado wildfire burns 181 homes - U.S. News http://t.co/Gnuz2cFp #COLORADOWILDFIRES,Related and informative,2012 Colorado wildfires,1,Informative
214479962911154176,Worst Colorado wildfire i... http://t.co/rFBZXtQ1,Related and informative,2012 Colorado wildfires,1,Informative
214485545521385473,#highparkfire from Loveland  http://t.co/WDBh0E7G,Related and informative,2012 Colorado wildfires,1,Informative
214490071183802368,High Park Fire: Kansas &amp;amp; Nebraska National Guards Support Colorado http://t.co/QRuKUrFj via @youtube [Like it? http://t.co/wHLz1XYp ],Related and informative,2012 Colorado wildfires,1,Informative
214509692133703683,"Unprecedented Colorado Wildfires Continue, As Strong Winds and Looting Add to the Problem: (The Blaze/AP) -- Cre... http://t.co/EerKtUjo",Related and informative,2012 Colorado wildfires,1,Informative
214519502602383360,Search ends for Japanese climbers on Mt. McKinley http://t.co/8ePHqLTm #sumco #colorado,Not related,2012 Colorado wildfires,0,Not informative
214521964692389889,"3 days and its just me, family and the joy of waking up to the mountains right outside my window. #Colorado #excited",Not related,2012 Colorado wildfires,0,Not informative
214527358533767170,RT @Org9: #note Please those affected by #highparkfire know that auth will make arrangements to get the affected #animals out - do not f ...,Related - but not informative,2012 Colorado wildfires,0,Not informative
214533540975616002,"...keeping a wary eye on the #SpringerFire. Sure, it's a way from us now, but so was Hayman before it blew up.",Related - but not informative,2012 Colorado wildfires,0,Not informative
214545406636474369,RT @SMDayFoCo2012: Holy McGillicutty! Wind gusts up to 60 tonight?? #Needabreak. #HighParkFire,Related and informative,2012 Colorado wildfires,1,Informative
214569351930576896,Biking is better than most things. #mtb #colorado #sunset #bike #nature #sky  http://t.co/2QMscFfC,Not related,2012 Colorado wildfires,0,Not informative
214570425664024576,RT @brianlphoto: Sunset in my hometown Fort Collins. High Park Fire smoke. #HighParkFire http://t.co/snllB0fB,Related - but not informative,2012 Colorado wildfires,0,Not informative
214672162693451777,"Unprecedented Colorado Wildfires Continue, As Strong Winds and Looting Add to the Problem http://t.co/HwKpHLBt",Related and informative,2012 Colorado wildfires,1,Informative
214706371466235906,"2bd 2ba ranch townhouse in desirable Hover Ridge in #Longmont | $224,900 | call Suz: 720.810.0683 #realestate #property #boulder #colorado",Not related,2012 Colorado wildfires,0,Not informative
214713954734317569,Colorado High Park Fire: Potential Looters Pose New Threat - ABC News: ABC NewsColorado High Park Fire: Potentia... http://t.co/4a1hBEVB,Related and informative,2012 Colorado wildfires,1,Informative
214722393673969665,"RT @denvernews: Denver News: Colorado to sizzle with record heat Monday, fire danger is high http://t.co/gnzPRjgX",Related and informative,2012 Colorado wildfires,1,Informative
214745932141563913,RT @CNNLive: Officials in #Colorado update the status of the High Park #wildfire.  Live: http://t.co/t3AZmcW2,Related and informative,2012 Colorado wildfires,1,Informative
214763543998898176,"Rockus - Photos: David Bazan at Fuel/Friends House Show, Colorado Springs http://t.co/VngCD2sM",Not related,2012 Colorado wildfires,0,Not informative
214769118254071808,See if our business loans are right for you. http://t.co/BcexcR8d #construction #commercial #Colorado #Business #Economy,Not related,2012 Colorado wildfires,0,Not informative
214789578056404992,RT @etniesBMX: That park is Amazing! “@NinaBurrito: Thanks etnies for helpin us on the #yeahzinetrip we made it to Colorado Springs!! ht ...,Not related,2012 Colorado wildfires,0,Not informative
214794103693643776,"RT @Meagan9News: Concern today for #highparkfire: Explosive weather conditions because of heat, high winds and low humidity.",Related and informative,2012 Colorado wildfires,1,Informative
214810230821879808,"RT @conewswire: Jogger hit, killed by vehicle in Denver is identified http://t.co/xhtcKDPG #colorado",Not related,2012 Colorado wildfires,0,Not informative
214826689233027072,"RT @timmytink: Colorado wildfire: Extreme weather conditions stoke High Park Fire, tax firefighters http://t.co/TIIaLAVY via @denverpost",Related and informative,2012 Colorado wildfires,1,Informative
214829348434345986,3 more homes may have burned in Colorado wildfire http://t.co/fHsfRvox #aspen,Related and informative,2012 Colorado wildfires,1,Informative
214849564992221184,RT @AC360: Firefighters are up against dangerous conditions trying to control the #Colorado wildfire. The latest from @chadmyerscnn 8 &a ...,Related and informative,2012 Colorado wildfires,1,Informative
214850416427548672,RT @AP: AP VIDEO: Wildfire tearing through northern Colorado destroys the house that Jeff Corum recently renovated: http://t.co/02UEpaxr ...,Related and informative,2012 Colorado wildfires,1,Informative
214886101553397760,Colorado wildfire destroys 8 more homes; structure toll at 189 http://t.co/OOTX4wNu,Related and informative,2012 Colorado wildfires,1,Informative
214887737352912896,Hyatt Regency 80202 Selected Colorado Airport Transportation 720-535-6030 #denver #colorado #airport #transportation #hyattregency #shuttle,Not related,2012 Colorado wildfires,0,Not informative
214915876930068481,"Colorado fire tops 58,000 acres; weather stays hot and windy: Firefighters in Colorado faced another round of ni... http://t.co/AaFS5McP",Related and informative,2012 Colorado wildfires,1,Informative
214917449777295365,High Winds Hamper Efforts to Fight Historic Colorado Wildfire http://t.co/uK4y4PIl,Related and informative,2012 Colorado wildfires,1,Informative
214949230027096064,"RT @dbouwman: Pretty smoke free day Fort Collins, but the smoke is settling in now... closing windows! #highparkfire",Related - but not informative,2012 Colorado wildfires,0,Not informative
214990296453357568,"Adventure Park di Glenwood Springs, Colorado http://t.co/Kf2bmFbZ… tertinggi-di-dunia @VIVAnews #SIMAKnews  76",Not related,2012 Colorado wildfires,0,Not informative
215011481916424193,Wind and heat fuel Colorado wildfire: Forecasters are expecting warmer than normal temperatures and gusty winds ... http://t.co/4tlsHcv9,Related and informative,2012 Colorado wildfires,1,Informative
215020352831635456,Colorado wildfire now 50 percent contained http://t.co/nXfvS9tF,Related and informative,2012 Colorado wildfires,1,Informative
215023850889547776,Colorado wildfire now 50 percent contained http://t.co/JOhi7rMx #bay2biz,Related and informative,2012 Colorado wildfires,1,Informative
215048576332603392,Thin the Trees. No beetle kill. #HighParkFire http://t.co/D5jzzJtP,Related - but not informative,2012 Colorado wildfires,0,Not informative
215052745449807872,"Wind, heat hurt Colorado wildfire fight: Forecasters are expecting warmer than normal temperatures and gusty win... http://t.co/G1DOJDk2",Related and informative,2012 Colorado wildfires,1,Informative
215062358802968576,Colorado wildfire: dramatic photographs of #highparkfire. http://t.co/igwlWNsw,Related and informative,2012 Colorado wildfires,1,Informative
215079349928476673,RT @LarimerSheriff: #HighParkFire Final Evening Update for 6-18-12.  Made some progress on containment! Check out the link. http://t.co/ ...,Related and informative,2012 Colorado wildfires,1,Informative
215087600128634880,"RT @peta: Security guard exposes elephant beatings by @RinglingTweets in Colorado Springs, CO: http://t.co/nZatZwjY #ElephantsNeverForget",Not related,2012 Colorado wildfires,0,Not informative
215091072999763968,On our way to Colorado springs! Pumped to be in the mountains,Not related,2012 Colorado wildfires,0,Not informative
215099583234183168,These wildfires in Colorado need to stop #favoriteplace,Related - but not informative,2012 Colorado wildfires,0,Not informative
215107061695000577,Colorado Wildfire Now 50 Percent Contained - LEX18 Lexington KY News http://t.co/ltAB7NSp,Related and informative,2012 Colorado wildfires,1,Informative
215107950874861569,RT @grouptour: High-elevation roller coaster opens at #Colorado’s @GlenwoodCaverns Adventure Park : http://t.co/Aiz3cCaZ #TT,Not related,2012 Colorado wildfires,0,Not informative
215119355187445760,"RT @cnnbrk: #Colorado firefighters facing more wind, heat. http://t.co/wQA8phBt",Related and informative,2012 Colorado wildfires,1,Informative
215121255215542272,#Personhood is back in #Colorado-check out this pic to get the lowdown #3xNoCharm #COPolitics http://t.co/8dAmsrkj,Not related,2012 Colorado wildfires,0,Not informative
215127597007384578,Thank you to all firefighters who are out at the #highparkfire protecting homes and saving lives.,Related - but not informative,2012 Colorado wildfires,0,Not informative
215132047172308994,"What? RT @danieljchacon: At about 71 percent, the city of Colorado Springs is the greatest funder of PPRTA, says Bach.",Not related,2012 Colorado wildfires,0,Not informative
215138435093110784,RT @COEmergency: Items needed for #HighParkFire Donation Center.  http://t.co/FlNhdClR,Related and informative,2012 Colorado wildfires,1,Informative
215150707609845760,"I'm at WolfWind (Colorado Springs, Colorado) http://t.co/Jp7DbxBy",Not related,2012 Colorado wildfires,0,Not informative
215174099247435776,"Wind, Heat Hamper Colorado Wildfire Fight: Wind, Heat Hamper Colorado Wildfire Fight",Related and informative,2012 Colorado wildfires,1,Informative
215216822444756992,RT @Maiani16: Thoughts and prayers to the victims of the Colorado wildfires #secondhome,Related - but not informative,2012 Colorado wildfires,0,Not informative
215216990195957761,RT @barry_osborne: #UFO activist: Mass airing of Rain Melody may end Colorado's #HighParkFire: http://t.co/rVhJGZVm,Related and informative,2012 Colorado wildfires,1,Informative
215249416393719808,BIG Colorado Thank You to @Good4UDrinks for sending more drinks to the frontline.  #HighParkFire http://t.co/sSH2NS2y,Related - but not informative,2012 Colorado wildfires,0,Not informative
215261927994167296,"Wells Fargo is now looking for qualified #job applicants in Colorado Springs, CO. http://t.co/8dKKj7LX #tweetmyjobs",Not related,2012 Colorado wildfires,0,Not informative
215271793001369600,Cameras come out when the BBoys start dancing... #bboy #breaklife #denver #colorado  http://t.co/gs1GvSuH,Not related,2012 Colorado wildfires,0,Not informative
215277044244819968,Went back in the ole memory banks and relived a mountain hike with my late great brother Mike. Posting about it tomorrow. #Colorado #hiking,Not related,2012 Colorado wildfires,0,Not informative
215277946032758784,@GMInsideNews @Holden We need that truck here! #Colorado #GMchat,Not related,2012 Colorado wildfires,0,Not informative
215286380757127168,"RT @pinkbunny70: Prayers for the residents, Firefighters and all those trying to put out the fires! #highparkfire #ColoradoFires Hope ev ...",Related - but not informative,2012 Colorado wildfires,0,Not informative
215303988445319170,#Colorado #Sky Watch RedGage - http://t.co/siWOZ5An,Not related,2012 Colorado wildfires,0,Not informative
215317343130238976,RT @EmrgncyNewsWire: Wildfires could force more evacuations - WTVQ http://t.co/M4ZZEu6w #Wildfire,Related and informative,2012 Colorado wildfires,1,Informative
215352826958843904,"RT @HuffingtonPost: Massive Colo. wildfire 50 percent contained, but still growing #HighParkFire  http://t.co/OOCVLbIC",Related and informative,2012 Colorado wildfires,1,Informative
215426868973801473,"FULL F LOAD FROM LAS VEGAS, NV TO COLORADO SPRINGS, CO ON JUN 20. 813 MILES. http://t.co/xDVCqcPp",Not related,2012 Colorado wildfires,0,Not informative
215433714094710784,"Pro Power Rooter, Colorado Springs, CO http://t.co/y3O8fKP2",Not related,2012 Colorado wildfires,0,Not informative
215449295938265089,Aftermath of a Forest Fire http://t.co/oWKjKt4H via @wordpressdotcom -- 16 #photos #wildfire #environment,Related and informative,2012 Colorado wildfires,1,Informative
215458431111405568,"Today's Photo - Girafe at the Denver Zoo - Denver, Colorado - http://t.co/AY8jmQsc #tbex #tbexrr #colorado @VisitDenver #photography",Not related,2012 Colorado wildfires,0,Not informative
215465313989427200,"RT @LarimerSheriff: #HighParkFire New acreage for High Park Fire is 65,738 with 55% containment.  Here is link for updated map http://t. ...",Related and informative,2012 Colorado wildfires,1,Informative
215476110127927297,RT @teknomantik: Beware of misinformation and agendas: Check sources before retweeting. Let's keep it factual! #HighParkFire,Not related,2012 Colorado wildfires,0,Not informative
215518451614236674,"LOVELL WINS BIG AT THE BIG HOUSE: Colorado Springs, CO 6/19/12 - Brad Lovell set the pro-light class on fire thi... http://t.co/Q8LzlM8b",Not related,2012 Colorado wildfires,0,Not informative
215527213519482881,Colorado LGBT Military Leads Gay Pride Parade http://t.co/JHFQA8jB #colorado,Not related,2012 Colorado wildfires,0,Not informative
215543047017074690,RT @TyCBS4: This sign welcomes evacuees back into the Soldier Canyon area #HighParkFire @CBSDenver http://t.co/mtFLYtPO,Related and informative,2012 Colorado wildfires,1,Informative
215548696731992064,RT @onweeronline: Prachtige foto's van de National Guard in strijd tegen #HighParkFire #wildfire #firefighting #NationalGuard #Colorado  ...,Related and informative,2012 Colorado wildfires,1,Informative
215564110799183872,Re symbols on today's map: MT @LarimerSheriff: Only relevant to firefightng effort. Will b removd 4 tomorrow to reduce confusn #HighParkFire,Related - but not informative,2012 Colorado wildfires,0,Not informative
215567663374675968,RT @9NEWS: LIVE #highparkfire media briefing: http://t.co/5ZBlLiYE,Related and informative,2012 Colorado wildfires,1,Informative
215578157523275776,390 #HighParkFire evacuees  told they can return home Wednesday http://t.co/cVMgyEwm,Related and informative,2012 Colorado wildfires,1,Informative
215578753118633984,RT @csgazette: Young moose stuck in #Colorado skate park dies after being tranquilized http://t.co/OFVQ2BD8 @outthereco,Not related,2012 Colorado wildfires,0,Not informative
215596876714606592,"The heat buster!   @ Colorado Springs, CO http://t.co/B8OZsdQN",Not related,2012 Colorado wildfires,0,Not informative
215690019640315904,Mineral Lease District is poised for first grant awards http://t.co/ve9PH9k9 #colorado,Not related,2012 Colorado wildfires,0,Not informative
215694696259919872,"RT @hollye83: Interested in writing a letter to the USOC? United States Olympic Committee, 27 South Tejon, Colorado Springs, CO 80903 #R ...",Not related,2012 Colorado wildfires,0,Not informative
215763893904089088,"Boulder, CO; Volunteers take on work of reseeding Fourmile Fire burn area: http://t.co/u8z4SPDA",Related and informative,2012 Colorado wildfires,1,Informative
215806621253771266,"Colorado. Soon to feature plagues of locusts.: First, the big fire came.   Then, the firefighters arrived to fig... http://t.co/YK4MzHPZ",Related - but not informative,2012 Colorado wildfires,0,Not informative
215815987151376385,RT @tmrounsaville: View of #highparkfire from #hughesstadium #csu the smoke was unreal on Sunday @coloradostateu http://t.co/eFSGrLpc,Related and informative,2012 Colorado wildfires,1,Informative
215821620097462272,USFS forest ecologist: Not just forests out of whack. It's whole life zones out of whack. #highparkfire #haymanfire,Related and informative,2012 Colorado wildfires,1,Informative
215826640696123392,@FortCollinsBrew 1900 considered the pride of #Colorado.  Do u agree?   http://t.co/vMeqLpD9,Not related,2012 Colorado wildfires,0,Not informative
215854406996996096,Campus and community preparing for medical school | http://t.co/ypg51dNG | Colorado Springs | Pueblo |: http://t.co/ZJYduzcM,Not related,2012 Colorado wildfires,0,Not informative
215855174546231296,Just when we thought it was safe to go outside. #CO #Wx  &gt;&gt; Fri=97 degrees Sat=100 degrees. You know what that means. #HighParkFire,Related and informative,2012 Colorado wildfires,1,Informative
215869691003011072,I'm at Target. Can someone tell me what donations are needed for #HighParkFire evacuees and firefighters?,Related - but not informative,2012 Colorado wildfires,0,Not informative
215882814997004288,In case you missed it --&gt; Welcome to Denver http://t.co/xWauVQXH #TBEX #Colorado,Not related,2012 Colorado wildfires,0,Not informative
215885881016463360,RT @romenesko: AJR editor says good for Barrett Tryon for telling Colorado Springs Gazette to take this job and shove it. http://t.co/oW ...,Not related,2012 Colorado wildfires,0,Not informative
215907372638539777,@amy_realtor Does it again Happy buyer clients!  #HUD property today!  303 W Lehow  #Englewood #Colorado sold/closed! http://t.co/wHItLepg,Not related,2012 Colorado wildfires,0,Not informative
215916281336037376,Medical Assistant - Orthopedics - Colorado Springs http://t.co/wvCPxVYB #cospringsmedicalassistant,Not related,2012 Colorado wildfires,0,Not informative
215935667430109186,Reasonable Cable Television and Internet Deal in Colorado Springs CO http://t.co/MSwRJv6K,Not related,2012 Colorado wildfires,0,Not informative
215941765952323586,@Real_Liam_Payne How was your day today? (: #Colorado,Not related,2012 Colorado wildfires,0,Not informative
215951618368225280,@Real_Liam_Payne it needs to be July 24th 2013 already! my bestie and I are so excited for our concert. I love you guys! :)xx  #Colorado,Not related,2012 Colorado wildfires,0,Not informative
215957985296515075,@Real_Liam_Payne I'm si excited to hear it #Colorado,Not related,2012 Colorado wildfires,0,Not informative
215976524153765888,Love it! RT @bargainblessing: I love visiting the Colorado Springs zoo here in #Colorado. Feeding the giraffes is the best! #SavingsNation,Not related,2012 Colorado wildfires,0,Not informative
216118371291369472,colorado fire: ... http://t.co/Xg78Wxtc,Related - but not informative,2012 Colorado wildfires,0,Not informative
216199195542036481,"RT @denverpost: Firefighters hope to fully contain #HighParkFire, Colorado's costliest wildfire, on or about July 8: http://t.co/GFJsaNPF",Related and informative,2012 Colorado wildfires,1,Informative
216215452685312001,"RT @KUNC: #HighParkFire: 60% Containment, Red Flag Conditions Concern Firefighters http://t.co/UU7mukPJ",Related and informative,2012 Colorado wildfires,1,Informative
216238169002229761,Stellar's Jay Perches on Evergreen Branch http://t.co/CHRlM7Yk #Colorado #RMNP http://t.co/Ox5ja5qf,Not related,2012 Colorado wildfires,0,Not informative
216262361781248003,Fresh fruit for #HighParkFire personnel staying on campus not needed. Plenty of fruit already! Please donate $ to @NoCORedCross instead,Related and informative,2012 Colorado wildfires,1,Informative
216267445248331778,Winds today are out of the NE filling the Front Range w/smoke. Hard to see what is going on w/ #HighParkFire.,Related and informative,2012 Colorado wildfires,1,Informative
216270809101115393,RT @KUNC: #HighParkFire: New Evacuations Ordered http://t.co/in9sygXF,Related and informative,2012 Colorado wildfires,1,Informative
216276525945847809,"Are you a Statistics expert and looking for extra money as a tutor in the Colorado Springs, CO area? - check this out: http://t.co/SwMDNr5t",Not related,2012 Colorado wildfires,0,Not informative
216305818927251456,RT @tri1025: RT @LarimerSheriff: #HighParkFire Residents of Red Feather Lakes and Crystal Lakes need to use Cherokee Park Road (CR 80C)...,Related and informative,2012 Colorado wildfires,1,Informative
216336307352371200,#HighParkFire from I-25. http://t.co/2nXZFfIv,Related and informative,2012 Colorado wildfires,1,Informative
216340732338905088,Me too;) RT @JKsCOGirl: @dannywood I'm very excited to walk for two Team Betty's this year in Colorado Springs and Denver! :),Not related,2012 Colorado wildfires,0,Not informative
216342460396343297,"RT @reporterherald: #HighParkFire making push north over Red Feather Lakes Road. All of Glacier View, and more, evacuated. http://t.co/z ...",Related and informative,2012 Colorado wildfires,1,Informative
216342540062961664,@rqskye I'm in Boulder so about 50 miles southwest of the fire.  I have seen numerous reports of wind.  Not good.,Related and informative,2012 Colorado wildfires,1,Informative
216345710960979968,RT @KyleClark: RT @northfortynews: High winds at #HighParkFire sent flames 300-400 feet in the air near the top of East White Pine Mtn h ...,Related and informative,2012 Colorado wildfires,1,Informative
216349737488621568,RT @jawtry: #HighParkFire: A view from @CDOT's Virginia Dale traffic camera near the CO/WY border:  http://t.co/cC0T3bjW,Related and informative,2012 Colorado wildfires,1,Informative
216359954846728194,"#HighParkFire live briefing: Bill Hahnenberg, cmdr: The prognosis for the next day — a little better, but extreme weather conditions.",Related and informative,2012 Colorado wildfires,1,Informative
216366107873914880,Photographer was in Glacier View as #HighParkFire evacuations were declared. His photo gallery: http://t.co/Yr8Rcv4J,Related and informative,2012 Colorado wildfires,1,Informative
216369501049065472,Just chillin with @katiearledge little sister in Colorado springs haha,Not related,2012 Colorado wildfires,0,Not informative
216374014132760576,"We're number 5 on the ReverbNation Country charts for Colorado Springs, CO. http://t.co/UCe9ORYA",Not related,2012 Colorado wildfires,0,Not informative
216519560663281664,RT @TransNewsDaily: Denver sheriff’s department plans new policies for #transgender inmates #trans #colorado htt... http://t.co/cliLvS7M,Not related,2012 Colorado wildfires,0,Not informative
216523499123126272,Larimer County Landscape Explorer updated with latest IR boundary.  http://t.co/Jx5umIdi #highparkfire,Not related,2012 Colorado wildfires,0,Not informative
216550187492057088,"RT @SMDayFoCo2012: Donationsl continue for #HighParkFire at Foothills Mall. #HelpColoradoNow. If you are out an about this morning,... h ...",Related and informative,2012 Colorado wildfires,1,Informative
216608731599872000,"@KyleLSaunders Well, we have a report/block button for a reason. Although, I did make some really low-brow #highparkfire jokes a week ago...",Related - but not informative,2012 Colorado wildfires,0,Not informative
216615845118480385,RT @DearNinax3: Crazy fires in Colorado 🗻🔥 http://t.co/SW5Ib3DC,Related - but not informative,2012 Colorado wildfires,0,Not informative
216626137940504577,Today my lifelong fear of our cabin in Colorado succumbing to fire has actually become a reality.,Related - but not informative,2012 Colorado wildfires,0,Not informative
216634987921944576,Colorado Spring wildfire http://t.co/yKxOv7xP,Related and informative,2012 Colorado wildfires,1,Informative
216647784751824897,Jesus...half this state is on fire and its 102° right now.  #summerfun colorado style,Related and informative,2012 Colorado wildfires,1,Informative
216650766893596672,RT @krccfm: Official hashtag for fire is #waldofire,Related - but not informative,2012 Colorado wildfires,0,Not informative
216651878400929792,RT @aradia53: COFires: 1 in Colorado Springs area is #WaldoFire . 1 in Estes Park is #WoodlandHeights fire. Another near Leadville is #N ...,Related and informative,2012 Colorado wildfires,1,Informative
216654818595450882,@ashergrey @NWSSaltLakeCity #ConnecttheDots #utheat &amp; #wildfire fueled by climate change http://t.co/WyG4Db5c,Related and informative,2012 Colorado wildfires,1,Informative
216656810902437889,@TheWorldCalls we lived in #Colorado for 4 years and go back every year to ski! We used to camp near the Castle! He is an interesting man!,Not related,2012 Colorado wildfires,0,Not informative
216658463441428480,Wild fires in colorado serious right now,Related and informative,2012 Colorado wildfires,1,Informative
216664859759214592,RT @VisitCOS: Follow #waldofire for information and updated evacuations,Related and informative,2012 Colorado wildfires,1,Informative
216674120782462977,Currently 4th warmest June ever recorded for #Denver.  #cowx #colorado http://t.co/03pKmq6r,Not related,2012 Colorado wildfires,0,Not informative
216685898392276992,RT @reporterherald: Red Cross aid distribution center for #HighParkFire set up in old Mervyns building at Foothills Mall. http://t.co/uM ...,Related and informative,2012 Colorado wildfires,1,Informative
216706395951742977,"I'm at Pizza Time (Colorado Springs, CO) http://t.co/LKnprGVY",Not related,2012 Colorado wildfires,0,Not informative
216713333322166272,"@KingTimJames #Sunset #telluride #colorado #mountai red sky at night, sailors delight. Looks like tomorrow will be a good day my man. Enjoy",Not related,2012 Colorado wildfires,0,Not informative
216741229650649088,RT @jeffestes: #weberfire http://t.co/2pZqhWAS  #cofire,Not applicable,2012 Colorado wildfires,0,Not informative
216741565182386176,"11th Annual Lakewood SK8 competition: LakewoodSK8, the action sports program at First Baptis... http://t.co/wySOMhch #Colorado #News #US",Not related,2012 Colorado wildfires,0,Not informative
216743465193713664,There are numerous serious fires going on in Colorado and a heat wave that isn't helping. Pray for rain! People are losing their homes. :(,Related - but not informative,2012 Colorado wildfires,0,Not informative
216749215613857792,"RT @james_willstrop: Whilst the floods cause havoc in Yorkshire, Colorado is burning. Wild fires are closing in on Estes Park! Desperate ...",Related and informative,2012 Colorado wildfires,1,Informative
216759722336980992,Sunset + High Park Fire = Intense Picture. #highparkfire #fortcollins http://t.co/DAq8TO3j,Related and informative,2012 Colorado wildfires,1,Informative
216764575146704898,Thank you Firefighters .  There are so many fires going on in Colorado right now and you are doing an awesome job.,Not related,2012 Colorado wildfires,0,Not informative
216774209446215680,"RT @Bewickwren: #WaldoCanyonFire 11:21 p.m. Evacuations in Manitou Springs as fire makes late-night run, dispatchers say. #COFire  http: ...",Related and informative,2012 Colorado wildfires,1,Informative
216868350607884288,"New Colorado wildfire erupts, grows out of control - Yahoo! News http://t.co/kOKAVruc",Related and informative,2012 Colorado wildfires,1,Informative
216899384279961601,#waldocanyon fire....Views from my parents neighborhood....they have evacuated. I did steal these photos fro http://t.co/W8xDNvLw,Related and informative,2012 Colorado wildfires,1,Informative
216900122443923456,RT @AP: Wildfire near Colorado Springs quickly becoming dangerous threat as thousands of residents evacuate homes: http://t.co/ZTtTJqY9 -JM,Related and informative,2012 Colorado wildfires,1,Informative
216911086354575363,#Colorado #redneck yee-haw!! http://t.co/pF4J89tO,Not related,2012 Colorado wildfires,0,Not informative
216912374014296065,Headin up to Colorado Springs this morning to worship with @NewLifeColorado my future family! :),Not related,2012 Colorado wildfires,0,Not informative
216920003461648385,Hanhnenberg: Currently we have the resources we need and will continue to but there will be competition for resources. #HighParkFire,Related and informative,2012 Colorado wildfires,1,Informative
216931198067421185,Colorado town evacuated as wildfire nears http://t.co/0W8M2PbK,Related and informative,2012 Colorado wildfires,1,Informative
216934155034963969,RT @denverpost High Park fire competes with blazes across the state http://t.co/LyT8bPOF &gt; &gt; seems the whole state is on fire #HighParkFire,Related and informative,2012 Colorado wildfires,1,Informative
216935509811929088,RT @EPCSheriff: HASHTAG CHANGE - from @COEmergency - #WaldoCanyonFire is now #WaldoFire,Related and informative,2012 Colorado wildfires,1,Informative
216941084033560577,"Dear #highparkfire, Im sick. Of you. Be gone. I want this whole mess cleared up by friday.",Related - but not informative,2012 Colorado wildfires,0,Not informative
216944376578981888,"#HighParkFire #OwlsNestProject Displaced families need basic, household items. https://t.co/oDiyp3yJ @TMHRealEstate Please join our efforts",Related and informative,2012 Colorado wildfires,1,Informative
216951989232349184,CURRENT TEMP in Colorado Springs is 95 degrees. #WaldoCanyonFire,Related and informative,2012 Colorado wildfires,1,Informative
216958289055977473,"Be praying, this is very close to where my parents and sister live...WALDO CANYON FIRE - Colorado Springs Gazette, CO http://t.co/9mQ2VNrm",Related - but not informative,2012 Colorado wildfires,0,Not informative
216961334129078272,RT @Jon_G3: Seeing 1/3 of Colorado on fire makes me wonder how certain political figures can argue cutting fire fighter numbers #COFire,Related and informative,2012 Colorado wildfires,1,Informative
216962340774617089,Thousands evacuated as Colorado wildfire nears http://t.co/1jtGu6Bb,Related and informative,2012 Colorado wildfires,1,Informative
216979315110318080,"RT @sammyjwebb: It's really scary when 1,000 acres burning is considered a spot fire of the main event #HighParkFire",Related and informative,2012 Colorado wildfires,1,Informative
216982817379328001,A nice view camping this weekend. #colorado #jeep http://t.co/ewUgtHTW,Not related,2012 Colorado wildfires,0,Not informative
216983274558464000,RT @thecreativeeye @tryonb @springsgov: CSPD is closing Palmer Park Colorado Springs. Big gatherings = high fire risk http://t.co/on47EM7K,Related and informative,2012 Colorado wildfires,1,Informative
216984293770141696,Colorado Springs POLICE are closing PALMER PARK as a PRECAUTION ONLY!!!!! #WaldoCanyonFire,Related and informative,2012 Colorado wildfires,1,Informative
217001175822766082,RT @mmfband: Who's coming to our show in Colorado springs tonight?!?! Come watch the amazing Jimmy rose juggle human beings!,Not related,2012 Colorado wildfires,0,Not informative
217003344294715394,I do not agree that it feels like 96 #COFire #Denver #summertime http://t.co/BWGZlEfd,Not related,2012 Colorado wildfires,0,Not informative
217007928660602880,Fires spread to Colorado tourist centers: Wildfires moved in on some of Colorado's most popular summer tourist d... http://t.co/N3Gwx0j0,Related and informative,2012 Colorado wildfires,1,Informative
217008167752699904,This fire is for sure growing. #waldofire   @ Altimira http://t.co/9TQzWup8,Related and informative,2012 Colorado wildfires,1,Informative
217018900959858688,Ouvir a torcida do meu #Inter cantando na Ilha do Retiro me faz lembrar o grande torcedor do #COLORADO Neco tio do @ToniMissel q mora em PE.,Not applicable,2012 Colorado wildfires,0,Not informative
217019005830049793,Thousands Evacuated as Colorado Wildfires Close in on Tourist Destinations  http://t.co/fuJkHpCX,Related and informative,2012 Colorado wildfires,1,Informative
217026282934898689,so just curious what long-time colorado springs residents (or even colorado) think... especially with how close it is to garden of the gods.,Not related,2012 Colorado wildfires,0,Not informative
217030749856088066,"I have it on good authority that most of Colorado’s Front Range is on fire. Many displaced families, little relief in sight. So sad to hear.",Related and informative,2012 Colorado wildfires,1,Informative
217039595639029760,RT @ReBourne_Again: Everyone please pray for our state of Colorado! There are 9 fires burning in our state! The most recent is The... h ...,Related and informative,2012 Colorado wildfires,1,Informative
217048223334932480,"Wildfires burn across Colorado, thousands evacuated: A spate of wildfires were burning across Colorado on Sunday... http://t.co/YCfAQPpQ",Related and informative,2012 Colorado wildfires,1,Informative
217048252682477568,"RT @ColoSpringsNews: 11,000 under evacuation orders: Nine aircraft are now fighting the fire just west of Colorado Springs.  This... htt ...",Related and informative,2012 Colorado wildfires,1,Informative
217059048850325504,"Lady, in her favorite perch above the backyard! ... #MyDog #CockerSpaniel #Colorado  http://t.co/I09YZYHB",Not related,2012 Colorado wildfires,0,Not informative
217064279113863168,How about instead of dedicating bowls to eachother on this raggedy mofucka.. We blaze in RL #Colorado #Followers  The offer hath been stated,Not related,2012 Colorado wildfires,0,Not informative
217074429367304194,"RT @NationalPrayer: Heavenly Father, please be with the men and women fighting the #WaldoCanyonFire in the Colorado Springs area. Please ...",Related - but not informative,2012 Colorado wildfires,0,Not informative
217079399613337602,MY GOODNESS! My hometown of Colorado Springs seems to be in fire turmoil! What is going on down there!? If... http://t.co/w9GtoDlu,Related - but not informative,2012 Colorado wildfires,0,Not informative
217080624316555264,The Fact I get to leave all these people behind for a week&gt;&gt;&gt;&gt;&gt;&gt; #iNeedthis #loveit #Colorado,Not related,2012 Colorado wildfires,0,Not informative
217088622871060480,Raining hard here. Unexpected. REALLY hope it's raining on the #HighParkFire as well!!!,Related - but not informative,2012 Colorado wildfires,0,Not informative
217094410997989376,One more day until Colorado Springs!!,Not related,2012 Colorado wildfires,0,Not informative
217101704905232385,Hope this rain is making it up to the fire and doing the firefighters some good. #HighParkFire,Related and informative,2012 Colorado wildfires,1,Informative
217103105794375680,Colorado is on fire,Related and informative,2012 Colorado wildfires,1,Informative
217117190275596288,"RT @9NEWS: BREAKING: new #COFire near Platteville, Weld Co CR32 &amp; CR35, there are evacuations PIC from Allyson Kulinski  http://t.co ...",Related and informative,2012 Colorado wildfires,1,Informative
217128758170226689,My thoughts &amp; prayers go out to the victims and lost of loved ones to the wildfires in colorado. i wanna do a fundraiser.,Related - but not informative,2012 Colorado wildfires,0,Not informative
217237688426823680,"Praying hard. RT@DenverWestword: High Park fire update: 83K-plus acres, 248 homes confirmed destroyed  #highparkfire http://t.co/piEQYPU4",Related and informative,2012 Colorado wildfires,1,Informative
217251466744823808,@BarneyBrazil Hi! :) x.  Call the next CHAMPION #Wildfire for me yeah? x,Not related,2012 Colorado wildfires,0,Not informative
217258538316210177,@gearfisher Sorry to hear of your loss Gear.  All the best to you and the rest of the CO residents in these tough times #highparkfire,Related - but not informative,2012 Colorado wildfires,0,Not informative
217259914068885504,Colorado wildfires their worst in a decade http://t.co/RtfLmfds,Related and informative,2012 Colorado wildfires,1,Informative
217273864303034369,Has the smoke from the #HighParkFire altered your #bicycle riding this summer? If so contact me at davidyoung@coloradoan.com,Related - but not informative,2012 Colorado wildfires,0,Not informative
217276200555528192,Huffingtonpost news Colorado Wildfires 2012 Photos: Pictures Of Colorado's Worst Fire Season In A Decade (PHOTOS...  http://t.co/zzmxORi0,Related and informative,2012 Colorado wildfires,1,Informative
217286623400951809,Check out Sal Pace's news that I found with the Election Buddy Pro iPhone app! #Colorado  http://t.co/D6IHsb07,Not related,2012 Colorado wildfires,0,Not informative
217291211961147393,"Where’s Waldo? According To Google Maps, Colorado Wildfire Burning Near Chicago http://t.co/9df3XLxG via @sengineland",Related - but not informative,2012 Colorado wildfires,0,Not informative
217295641154568193,Snake on #Bishops #Castle in #Colorado RedGage - http://t.co/yS9eLNRn,Not related,2012 Colorado wildfires,0,Not informative
217305728438902786,"#newbedon 6/25/2012 9:18:21 PM Colorado fire near Pikes Peak forces 11,000 from homes http://t.co/TaLcSsIr",Related and informative,2012 Colorado wildfires,1,Informative
217324095279337475,RT @krumblebee: Successful hiking! 👣💪😄 #redrockpark #colorado @Theis2MeetYou @moldoll32 @kristareese13 @courttkroo @BKbabyy,Not related,2012 Colorado wildfires,0,Not informative
217325206786682882,"Firewall Technician- Colorado Springs, CO http://t.co/Z5pAHZLy",Not related,2012 Colorado wildfires,0,Not informative
217351928705847297,RT @Coloradoan_TH: Photos from one of the wildland firefighters working here: RT @BrittIronShell: When we had night shift #HighParkFire  ...,Related and informative,2012 Colorado wildfires,1,Informative
217352981446787072,"#newbedon 6/26/2012 12:26:07 AM Colorado fire near Pikes Peak forces 11,000 from homes http://t.co/2ILQbLn8",Related and informative,2012 Colorado wildfires,1,Informative
217382370939125762,Hope all these fires in Colorado end soon!,Related - but not informative,2012 Colorado wildfires,0,Not informative
217393586537377792,"RT @9NEWS: from http://t.co/GHDZ1Bsc: CO 71 is closed Limon to Brush due to wildfire. Road closure began June 25th, 2012 at 3:41pm. #COFire",Related and informative,2012 Colorado wildfires,1,Informative
217406194590035968,I couldn't remember what happened to R.J. on #Wildfire &amp; then I suddenly recalled it. Forever sad. R.J. made Dani much more likeable to me.,Not related,2012 Colorado wildfires,0,Not informative
217409776542433281,"RT @merici: Last Chance, Colorado. We drove up just as they closed the highway and evacuated the town. #cofire http://t.co/8qdYFDmv",Related and informative,2012 Colorado wildfires,1,Informative
217413425586896896,Feel stylish. Be sparkling. Learn to be safe. Colorado Springs Colorado. wom Mobile Deals is a fun life. Training. http://t.co/MJ5HZM2G,Not related,2012 Colorado wildfires,0,Not informative
217420929200959488,RT @9NEWS: #COFire RT @RedCrossDenver: Local @NoCORedCross volunteers are responding to a fire near #loc Last Chance,Related and informative,2012 Colorado wildfires,1,Informative
217429728829784064,Forest fires in Colorado! #awful http://t.co/lt95X3yL,Related and informative,2012 Colorado wildfires,1,Informative
217440327848566784,RT @brittanyfelts63: #RememberTheTime I tackled @charlieshaf while skiing. #colorado #hahaha #oops,Not related,2012 Colorado wildfires,0,Not informative
217458048770375681,"RT @CBSDenver: #LastChanceFire burns est'd 25,500 acres of grass and farmland; 2 homes &amp; 1 fire truck lost, 3 other structures burne ...",Related and informative,2012 Colorado wildfires,1,Informative
217462574432780289,"RT @9NEWS: UPDATE: #LastChanceFire has burned an estimated at 38,400 acres, has been fully contained on the northwest quadrant from fire PIO",Related and informative,2012 Colorado wildfires,1,Informative
217477078336020482,RT @ScubaGuev: Whoever is starting these fires in Colorado needs to die,Related - but not informative,2012 Colorado wildfires,0,Not informative
217479968219873280,"I uploaded a @YouTube video http://t.co/slyZJfXY Waldo Canyon Fire - Colorado Springs, 9pm, June 25th",Related and informative,2012 Colorado wildfires,1,Informative
217481515918049280,"RT @denverpost: How to assist Colorado #wildfire victims, how to donate and help: http://t.co/JgSAw7k6 #highparkfire #waldocanyonfire",Related and informative,2012 Colorado wildfires,1,Informative
217569856327909376,"#newbedon 6/26/2012 2:47:53 PM Colorado fire near Pikes Peak forces 11,000 from homes http://t.co/2ILQbLn8",Related and informative,2012 Colorado wildfires,1,Informative
217579473883762689,"Colo. Wildfires Threaten Tourism - Record heat in Colorado, elsewhere in West hampering efforts to fight wildfires http://t.co/YImCxHkb",Related and informative,2012 Colorado wildfires,1,Informative
217622276772872193,RT @themusicninja: Holy shit! So excited for @avicii at Red Rocks tonight. #Colorado,Not related,2012 Colorado wildfires,0,Not informative
217634943549980672,#colorado sounds like a desert I'm going to live n,Not related,2012 Colorado wildfires,0,Not informative
217634977108602880,Fires spread to Colorado tourist centers: Colorado &amp;#039;s most popular summer tourist destinations over the wee... http://t.co/CZ1g21QP,Related and informative,2012 Colorado wildfires,1,Informative
217636289908965377,"The first fire chief in Colorado Springs was Benjamin F. Crowell - appointed in February, 1879. #COS",Not related,2012 Colorado wildfires,0,Not informative
217641411166740481,Live Streaming Video: Fire managers update #HighParkFire http://t.co/gxrjfV17,Related and informative,2012 Colorado wildfires,1,Informative
217647002190741504,"I'm at Downtown COS (Colorado Springs, CO) http://t.co/pPU3q70S",Not related,2012 Colorado wildfires,0,Not informative
217663359955378177,"#newbedon 6/26/2012 8:59:26 PM Colorado fire near Pike's Peak forces 11,000 from homes http://t.co/Krvavzxj",Related and informative,2012 Colorado wildfires,1,Informative
217666765717651457,"RT @EDinCali: Colorado and the west on fire thanks to rabid environmentalists, like the EPA, in chg of forest management policies for 40 ...",Related and informative,2012 Colorado wildfires,1,Informative
217667898188115968,#HonestyHour We are telling you the truth when we say you'll have #Fun playing one of our sports.  #Local #Colorado #SmallBusiness #Coed,Not related,2012 Colorado wildfires,0,Not informative
217679969407602688,RT @reesaface: Praying for safety for everyone who lives in the springs near the fire and all the other fires going on in Colorado right ...,Related - but not informative,2012 Colorado wildfires,0,Not informative
217680296563326978,#WaldoFire Pre evacuation area has been expanded for the Woodland Park area  per text from #TCSO,Related and informative,2012 Colorado wildfires,1,Informative
217681479365439488,RT @HumanityRoad: #Colorado Residents sign up county alerts at http://t.co/kMsMx3qu #Redflag warnings #http://www.crh.noaa.gov/gjt/ #hmrd,Related and informative,2012 Colorado wildfires,1,Informative
217691780571856896,RT @DenverPostBrk: Colorado wildfire: Last Chance Fire 100 percent contained http://t.co/rxQq3JAf,Related and informative,2012 Colorado wildfires,1,Informative
217693420536336385,RT @sam_hoover: Hey Colorado Springs radio stations - Let's go ahead and remove Adele's Set Fire to the Rain from our rotation #JustSa ...,Not related,2012 Colorado wildfires,0,Not informative
217694544618192897,"RT @ExamineDisaster: @NASA releases stunning bird’s eye view of Colorado’s wildfires, fires in NM &amp; UT: http://t.co/8YaH3vdm #HighPa ...",Related and informative,2012 Colorado wildfires,1,Informative
217707215602192384,#Colorado's forecast: mainly Smokey,Related - but not informative,2012 Colorado wildfires,0,Not informative
217720503148888065,RT @dailycamera: Dispatchers: Heavy air tanker now en route to #BisonFire  west of #boulder,Related and informative,2012 Colorado wildfires,1,Informative
217724286427860992,A couple hours outside of yellowstone and the skies are filled with smoke. Colorado fires? http://t.co/38RpnjFu,Related and informative,2012 Colorado wildfires,1,Informative
217728396854177793,"RT @OurPublicLands: Breaking: Fire just broke out west of Boulder, we are watching it develop from the office right now. http://t.co/cW4 ...",Related and informative,2012 Colorado wildfires,1,Informative
217730775020343297,#Gov20 News - Forest Service calls in Air Force tankers to battle Colorado fires http://t.co/QTY8ziQn,Related and informative,2012 Colorado wildfires,1,Informative
217731651625680896,http://t.co/P2ybb5CR #boulderfire,Related - but not informative,2012 Colorado wildfires,0,Not informative
217732012314861568,2 wildfires in Boulder County. We can see smoke to the north.,Related and informative,2012 Colorado wildfires,1,Informative
217733576786055168,Colorado fire  @ Carroll Butts Athletic Park http://t.co/skxt5tFO,Related and informative,2012 Colorado wildfires,1,Informative
217740363178315776,Yet another fire. This one from the patio of our office in Boulder.  http://t.co/VU47peNC,Not related,2012 Colorado wildfires,0,Not informative
217742238061563904,"Video: AP  - AP Top Stories: Here's the latest news for Tuesday, June 26: Colorado fires rage in hot, dry condit... http://t.co/002ENi0t",Related and informative,2012 Colorado wildfires,1,Informative
217744012214403074,"Great, Boulder on fire too",Related and informative,2012 Colorado wildfires,1,Informative
217744670753689603,Pic of the #FlagstaffFire in boulder from our apt. http://t.co/tBYDKAxB,Related and informative,2012 Colorado wildfires,1,Informative
217744897220943873,Watched the smoke plumes grow and spread driving home from work this afternoon. Scary stuff. #FlagstaffFire,Related and informative,2012 Colorado wildfires,1,Informative
217745157259395073,#boulderfire viewed from NCAR. Flames were visible at ridge but air drops seem to be preventing rollover into canyon. http://t.co/9h3GuLoD,Related and informative,2012 Colorado wildfires,1,Informative
217745538941071361,I've figured out why Colorado is on fire. Al Qaeda hacked the CIA weather control satellites using a virus that was implanted in Osamas DNA,Related - but not informative,2012 Colorado wildfires,0,Not informative
217746356842926080,"RT @ColoradoRapids: Photo of #FlagStaffFire in Boulder as seen from @DSGPark at 4pm MT. So many wildfires throughout Colorado rt now,  h ...",Related and informative,2012 Colorado wildfires,1,Informative
217748567245324288,RT @denverpost: ALERT: 29 homes ordered to evacuate due to #FlagstaffFire near Bison Drive in Boulder: http://t.co/62EWSsBi,Related and informative,2012 Colorado wildfires,1,Informative
217749565485498368,Ack! A fire now in Boulder!,Related - but not informative,2012 Colorado wildfires,0,Not informative
217749871694843904,Theres like 7 fires in colorado right now....,Related and informative,2012 Colorado wildfires,1,Informative
217750110761791488,Thinking of my bestie in colorado.. So many wildfires and not the latest one is close to her house and work. 😳💔,Related - but not informative,2012 Colorado wildfires,0,Not informative
217750534378106880,RT @WilsonCloud: Live Video out of Mountain Shadows area on KKTV looks terrifying.  Firestorm brewing above homes. Fire moving. #COFire  ...,Related and informative,2012 Colorado wildfires,1,Informative
217751033483493376,RT @KDVR: Pre-evacuation notice for the city of #Boulder http://t.co/dwzKlbok #flagstafffire,Related and informative,2012 Colorado wildfires,1,Informative
217751645864472577,This is what the sun looks like in colorado with all the smoke from the fire! #pinksun  http://t.co/M8BNZSxZ,Related and informative,2012 Colorado wildfires,1,Informative
217752748953841666,Prayers for my friend whose mother's house is in a very dangerous area near the Colorado Springs wildfire. :(,Related - but not informative,2012 Colorado wildfires,0,Not informative
217755538195361793,RT @Sarakateee: RIP Colorado. Cause of death: fire.,Related and informative,2012 Colorado wildfires,1,Informative
217757136225173506,"RT @HuffingtonPost: New 200-300 acre fire burning in Boulder, Colo. prompts evacuations #FlagstaffFire http://t.co/xaGkym1Z",Related and informative,2012 Colorado wildfires,1,Informative
217761703826423808,"#photo mt @SallieLodewyck View of #FlagstaffFire from jay rd and spine http://t.co/9FDuxVoK #loc 40.051057,-105.216107",Related and informative,2012 Colorado wildfires,1,Informative
217762114847252481,"Yikes, that smoke is too close for comfort. Stay safe, #Boulder! #flagstafffire",Related - but not informative,2012 Colorado wildfires,0,Not informative
217762337145360385,RT @CBS4Tim Flames grow at #FlagstaffFire ; new pic from Copter 4: http://t.co/7OE8moXa,Related and informative,2012 Colorado wildfires,1,Informative
217762945302671361,New forest fire just broke out in Boulder! 14 forest fires in CO right now! Praying my heart out!,Related and informative,2012 Colorado wildfires,1,Informative
217764350415474689,@55Bentley The Waldo fire is less than 5 Miles from Air Force Academy. Colorado is burning up. All I smell is smoke.,Related and informative,2012 Colorado wildfires,1,Informative
217764388151627776,RT @CmurphyDenPost: Your pics like this: http://t.co/tRJ66wUs on the live fire blog here: http://t.co/tRJ66wUs #cofire; #waldocanyonfire,Related and informative,2012 Colorado wildfires,1,Informative
217764836963123200,"RT @Sean_Waldron: Friends, it has been declared a disaster in colorado springs due to the fire. Prayers are needed! Send em up for the c ...",Related - but not informative,2012 Colorado wildfires,0,Not informative
217765281555152896,"RT @coloradodaily: Latest on the #FlagstaffFire w/photo, video &amp; map: http://t.co/x6yOhhJl",Related and informative,2012 Colorado wildfires,1,Informative
217768188216225792,RT @downtownboulder: #Colorado firefighters are AMAZING! Thank you to all the emergency crews that head into the mnts during these sad t ...,Related - but not informative,2012 Colorado wildfires,0,Not informative
217770176303742976,Be safe my south boulder friends. This one breaks my heart :( #flagstafffire #tooclosetohome http://t.co/QWuL4fVy,Related - but not informative,2012 Colorado wildfires,0,Not informative
217770822226546689,RT @compston: #FlagstaffFire from the 16th Street parking garage. http://t.co/XiulQ4Sj,Not related,2012 Colorado wildfires,0,Not informative
217771375853703169,Hearing structures on Flying W Ranch are now on fire according to @KOAA_5 #waldocanyon sad stuff happening around here right now,Related and informative,2012 Colorado wildfires,1,Informative
217772055343534080,"RT @AC360: #Breaking news tonight: 7,000 more people should evacuate immediately in #Colorado. Stay with #AC360 tonight.",Related and informative,2012 Colorado wildfires,1,Informative
217772252467441667,Holy shit now there's a fire in Boulder?,Related - but not informative,2012 Colorado wildfires,0,Not informative
217775700210487296,Wow!  The @9NEWS live stream does NOT look good of the #FlagstaffFire in Boulder right now.  #fb,Related and informative,2012 Colorado wildfires,1,Informative
217776711037751296,RT @DougInBoulder: Great photo! .@codycrouch: Good retardant line on the #FlagstaffFire http://t.co/xgjBHz7b #boulderfire #COfire,Not related,2012 Colorado wildfires,0,Not informative
217777797341519876,@hash5wag: so sad #damn http://t.co/eXigvcVW Colorado skies: wildfire style.,Related - but not informative,2012 Colorado wildfires,0,Not informative
217779961627541504,Hottest day ever in Colorado springs #101 #itsonlyjune,Not related,2012 Colorado wildfires,0,Not informative
217781366698426369,"RT @Reuters: Colorado wildfire worsens, forcing 7,000 more from homes http://t.co/Zh5TRlyg",Related and informative,2012 Colorado wildfires,1,Informative
217782473998864384,RT @brookejarvis: Colorado's on fire. Livestream of the fire prompting evacuation warnings in Boulder: http://t.co/8P7iV5Ec #flagstafffi ...,Related and informative,2012 Colorado wildfires,1,Informative
217784130740568066,"RT @jamesburgepr: RT @PPRedCross: NEW #REDCROSS #SHELTER:   #loc YMCA Southeast Family Center 2190 Jetwing Dr. Colorado Springs, CO 80916...",Related - but not informative,2012 Colorado wildfires,0,Not informative
217785770726014976,"Flames visible on front side now. http://t.co/v58lkNG1 little tuft of smoke on left hand side. #FlagstaffFire. Oooh, feeling rain!",Related and informative,2012 Colorado wildfires,1,Informative
217786064314707968,Being able to see the forest fires in New Mexico/Colorado from our hotel #sketchy,Related - but not informative,2012 Colorado wildfires,0,Not informative
217786068500627456,"Colorado wildfire worsens, forcing 7,000 more from homes - Terra USA  http://t.co/KnMQZpNp via @TerraNoticiasUS",Related and informative,2012 Colorado wildfires,1,Informative
217792842322554880,"Colorado wildfire worsens, forcing 7,000 more from homes: COLORADO SPRINGS (Reuters) - A monster Colorado wildfire raging near some o...",Related and informative,2012 Colorado wildfires,1,Informative
217794167710023681,@jolantheerb Horrible fires. Colorado Springs is being evacuated. #beechrt,Related and informative,2012 Colorado wildfires,1,Informative
217795073671299072,Colorado wildfires http://t.co/iIzWFN6Q,Related and informative,2012 Colorado wildfires,1,Informative
217795262452727808,Colorado Springs: number one fire priority in the country http://t.co/T2A23L8J,Related and informative,2012 Colorado wildfires,1,Informative
217796269060534272,RT @nate_bukaty: Wow “@Ianfitzespn: “@PatrickSandusky: This is colorado springs right now. Look at this photo and be shocked.  http://t. ...,Not related,2012 Colorado wildfires,0,Not informative
217796789141643265,RT @PatrickSandusky: This is colorado springs right now. Look at this photo and be shocked.  Its f'ing armageddon here http://t.co/W6fXJr2H,Related and informative,2012 Colorado wildfires,1,Informative
217797275706064897,RT @jrmontag: I usually love the smell of a campfire. Not so much when it's burning my town. #FlagstaffFire,Related - but not informative,2012 Colorado wildfires,0,Not informative
217798097777074176,RT @denverpostjoe: Lots of action in the newsroom. The #waldocanyonfire is getting much worse. #cofire,Related and informative,2012 Colorado wildfires,1,Informative
217798865338896384,"Well,his putting has been off RT @MelissaTweets: Why doesn't President Obama care about Hurricane Katrina? I mean the Colorado wild fires?",Related - but not informative,2012 Colorado wildfires,0,Not informative
217799662265053186,i cant believe this is happening... the NW side of Colorado Springs is on fire right now... this is the most devastating thing ive ever seen,Related and informative,2012 Colorado wildfires,1,Informative
217800350122524674,RT @ellefowler: and for everyone else dealing with these Colorado fires :(,Related - but not informative,2012 Colorado wildfires,0,Not informative
217800668877045760,Colorado is on fire! Thoughts &amp; prayers go out to those affected. http://t.co/6PCvXMWu,Related - but not informative,2012 Colorado wildfires,0,Not informative
217800870237188096,@RADickey43 Please RT. Colorado Springs is suffering badly from a large forest fire. Text the word REDCROSS for a $10 donation. Thank You,Related and informative,2012 Colorado wildfires,1,Informative
217802673766936576,RT @exposeliberals: Obama's silence on the wildfires in Colorado is deafening #tcot #tlot #obamafail,Related and informative,2012 Colorado wildfires,1,Informative
217802824749301760,RT @JoshLindenstein: View of #Boulder #FlagstaffFire from #CoorsField upper deck. @Rockies http://t.co/HtMwpJCJ,Not related,2012 Colorado wildfires,0,Not informative
217803068014731264,RT @convectivetweet: Massive Wildfire near Colorado Springs. http://t.co/Gw8Mtwk7,Related and informative,2012 Colorado wildfires,1,Informative
217803189683105795,RT @anotabletweeter: RT @lakalt: @robertirvine1 @chefsymon @altonbrown @Bourdain Colorado Springs is on fire!  Tens of thousands forced  ...,Related and informative,2012 Colorado wildfires,1,Informative
217803567166259201,RT @phochemrd: @msnbc there is a firestorm in Colorado  springs. #waldocanyonfire are your covering this? @CNN is still several hours be ...,Related and informative,2012 Colorado wildfires,1,Informative
217804213068103680,"RT @TammyBarber: Lord, protect those in the path of the fires in Colorado. Please, send your Divine extinguisher for those fires!",Related - but not informative,2012 Colorado wildfires,0,Not informative
217804296966778882,RT @boulderparksrec: Open water swim at the reservoir cancelled tomorrow (6/27) due to smoke in the area. #FlagstaffFire,Related and informative,2012 Colorado wildfires,1,Informative
217804435378798593,KRDO has a live feed up with aerials from the Colorado Springs WILD FIRE   http://t.co/dPXcNEXC,Related and informative,2012 Colorado wildfires,1,Informative
217805764952199168,"RT @tigervixxxen: Not sure if anyone has heard but now 14 wildfires in Colorado. Many homes and 100,000+ acres already lost. Prayers please.",Related and informative,2012 Colorado wildfires,1,Informative
217805836267962370,"RT @ryanmunyan: “@bretstrelow: Colorado Springs fire approaching Air Force football stadium. This pic, just wow http://t.co/eBm5uC8A” un ...",Related and informative,2012 Colorado wildfires,1,Informative
217806196969717760,RT @Alex_Ogle: Photo of wildfire raging behind Air Force Academy in Colorado - http://t.co/4XQuyIWE by @Zakary via @nycsouthpaw,Related and informative,2012 Colorado wildfires,1,Informative
217806423478910976,RT @accruick: we are available to house a displaced kitty or two if needed #flagstafffire cc @HumaneBoulder,Related and informative,2012 Colorado wildfires,1,Informative
217806612226781186,@KLOVERadio thank you JD for praying for the fires and all us here in Colorado means a lot!,Related - but not informative,2012 Colorado wildfires,0,Not informative
217808822599819264,i think i saw a stat that said 98% of colorado is on fire.,Related and informative,2012 Colorado wildfires,1,Informative
217810089313177600,Prayers for the safety and well being of all as wildfires close in on Colorado Springs.,Related - but not informative,2012 Colorado wildfires,0,Not informative
217810575823093760,#FlagstaffFire Night Sunset 2. #Boulder #Colorado http://t.co/Xl2bk5fL,Not related,2012 Colorado wildfires,0,Not informative
217810777149677569,Man. You would swear Colorado was on fire.....,Related - but not informative,2012 Colorado wildfires,0,Not informative
217811985134395392,"NEW! RT @denverpost: ALERT: 32,000 people evacuated in Colorado Springs due to #WaldoCanyonFire: http://t.co/x1hlkls4",Related and informative,2012 Colorado wildfires,1,Informative
217812417130921984,@kaypepps @kevinskrepnek Check it out: RT @jawnbeary: View near parents' house in Colorado Springs: http://t.co/2Iq9gelT #COfire,Not related,2012 Colorado wildfires,0,Not informative
217815319593500673,"RT @wunderground: #waldocanyonfire MT @SeanSublette13: Terrifying fire in Colorado Springs, CO. Evacuations underway http://t.co/V9dQnzLz",Related and informative,2012 Colorado wildfires,1,Informative
217816359797669888,"RT @middyw Great site for keeping up with the Waldo Canyon, Colorado (and other places) fire. http://t.co/pGXepMkR",Related and informative,2012 Colorado wildfires,1,Informative
217817576137424897,Here's a pic of Colorado and the fires from space. http://t.co/QOAfPMoi,Related and informative,2012 Colorado wildfires,1,Informative
217818746327277570,"RT @downtownboulder: Some help due 2 #FlagStaffFire: E.Boulder Rec cent., emergency op cent.: 303-413-7730, pet hosp.: 303-499-5335, @Hu ...",Not related,2012 Colorado wildfires,0,Not informative
217818888929423360,Colorado Springs on fire. http://t.co/xU9dK1w3,Related and informative,2012 Colorado wildfires,1,Informative
217819505525657601,"RT @ToddinColorado: If you are one of my followers, please RT:  Colorado Springs is burning.  How you can help:  http://t.co/WlipvY7o #w ...",Related and informative,2012 Colorado wildfires,1,Informative
217821179057152002,New Boulder Fire Prompts Mandatory Evacuations: A fire that erupted in Boulder County Tuesday afternoon -- being... http://t.co/acBWzBV2,Related and informative,2012 Colorado wildfires,1,Informative
217822152110510080,RT @LMBeautyShines: Colorado Springs is FINALLY trending.  This fire is the #1 priority in the US!!! :( Please pray for our community!,Related - but not informative,2012 Colorado wildfires,0,Not informative
217822236009172993,"RT @KerrinJeromin: Wow. terrible MT @wunderground @SeanSublette13  Terrifying fire in Colorado Springs, CO. Evacuations underway http:// ...",Related and informative,2012 Colorado wildfires,1,Informative
217823066456211457,"RT @PhotoWil: The only thing I can do to help Colorado is wait til all the fires are out, then spend my tourist $ there asap. Hope you w ...",Related - but not informative,2012 Colorado wildfires,0,Not informative
217823183905103872,RT @ralphprovance: RT @Ten4Ministries: Join in praying 4 the 1st responders in Colorado &amp; specifically the Colorado Springs area as  ...,Related - but not informative,2012 Colorado wildfires,0,Not informative
217823557219131392,"RT @fvdlfvdl: As awful as the #FlagStaffFire is, the #WaldoFire is a different ballgame. That's some apocalyptic stuff there in CO Springs.",Related and informative,2012 Colorado wildfires,1,Informative
217823733371502592,Lord please bring rain upon Colorado 💦💦 so these fire would stop and folks would stop losing there homes! Everyone please pray for Denver,Related - but not informative,2012 Colorado wildfires,0,Not informative
217824144404918272,RT @rickhowerton: Please pray for my @NavPress friends homes and for Glen Eyrie to be spared. Wildfires sweeping through Colorado Springs.,Related - but not informative,2012 Colorado wildfires,0,Not informative
217824186368921601,RT @ColoradoJohnQ: RT@balls_deepinpow: Colorado Springs fire http://t.co/gCsYOggt #waldocanyonfire”,Related - but not informative,2012 Colorado wildfires,0,Not informative
217825767592165376,"RT @stellar_zee: @andersoncooper are you seeing what is happening in colorado springs? major wildfire, 32,000 evacuated. major news nets ...",Related and informative,2012 Colorado wildfires,1,Informative
217825771803262976,Please pray for Colorado Springs. Our city is on fire.,Related - but not informative,2012 Colorado wildfires,0,Not informative
217826128331677697,YOU GUYS COLORADO SPRINGS IS TRENDING. prayers going out to the fire and all the girls i know living there.&lt;33,Related - but not informative,2012 Colorado wildfires,0,Not informative
217826874888425474,“@nealrogers: Colorado Springs. On fire. Right now. Holy shit. http://t.co/Opb4IBzh” went through this twice in San Diego. RAIN! Damn it!,Related and informative,2012 Colorado wildfires,1,Informative
217827097186537472,My prayers go out to the people who have lost everything in fires in Colorado. Hopefully they burn out soon !,Related - but not informative,2012 Colorado wildfires,0,Not informative
217827768300355584,RT @emilyrsutton: Praying for the people of Colorado Springs dealing with the worst wildfire in a decade. Here's a live stream: http://t ...,Related and informative,2012 Colorado wildfires,1,Informative
217828200305266689,RT @thisblondekid: I always said I hated Colorado Springs... but it is such a beautiful place and this is so tragic. #prayforcolorado,Related - but not informative,2012 Colorado wildfires,0,Not informative
217828510692155392,"RT @stormchaser4850: Developing: Around 32,000 evacuated in the Colorado Springs, CO area due to destructive wildfire via press conference",Related and informative,2012 Colorado wildfires,1,Informative
217830041600536576,RAIN ALREADY #COLORADO.  It looks like Armageddon over there.  #flagstafffire,Related and informative,2012 Colorado wildfires,1,Informative
217830150669209602,"RT @kevinltorres: 20,085 homes in Colorado Springs are threatened by the wildfire, according to CSFD.",Related and informative,2012 Colorado wildfires,1,Informative
217830318441377792,Glowing hillsides. Sounds of sirens. Unknown events in the dark. That is Colorado Springs tonight. #waldocanyonfire,Related - but not informative,2012 Colorado wildfires,0,Not informative
217830570087022592,"RT @hillaryrosner: 32,000 people have been evacuated in Colorado Springs, and the NYT home page is still Nora Ephron. I find that upsetting.",Related and informative,2012 Colorado wildfires,1,Informative
217830637195894785,RT @boulderpolice: 11 agencies helping fight #FlagstaffFire. Thank you!,Related - but not informative,2012 Colorado wildfires,0,Not informative
217831710933532672,"How to assist Colorado wildfire victims, how to donate and help - The Denver Post http://t.co/37k1YBXl",Related and informative,2012 Colorado wildfires,1,Informative
217832675644424192,"Please keep my family, as well as the other families that had to evacuate the Colorado Springs area due to forest fires, in your prayers",Related - but not informative,2012 Colorado wildfires,0,Not informative
217832906318548993,"When #California had those wildfires, the whole nation wet itself. Now #Colorado has burned up over 5k acres and we're getting no help. #bs",Related and informative,2012 Colorado wildfires,1,Informative
217833346724663296,"RT @bigbooty_JUDYYY: Prayers go out to everyone affected by these wildfires in Colorado! The Lord is the ultimate protector, trust in Him.",Related - but not informative,2012 Colorado wildfires,0,Not informative
217833459966685184,"RT @denverpost: ALERT: How to assist Colorado #wildfire victims, how to donate and how to help: http://t.co/O0Ucen6H #cofire",Related and informative,2012 Colorado wildfires,1,Informative
217833732588056576,"RT @JoViClo: God Bless those who serve others. #firefighters in #Colorado, stay safe. http://t.co/ApRU7u0q",Related - but not informative,2012 Colorado wildfires,0,Not informative
217833833238773760,RT @ehtflags: Heat hampers efforts to fight Colorado fires: Air Force Academy officials were evacuating roughly one-third of h... http:/ ...,Related and informative,2012 Colorado wildfires,1,Informative
217834684707635200,"RT @BSidesNarrative: If you pray, pray. If you think, put'em in your thoughts, but send some love to your friends in Colorado Springs. T ...",Related - but not informative,2012 Colorado wildfires,0,Not informative
217835234132115456,"@Harry_Styles can you just do a quick shout out to all of the fire victims in Colorado? over 32,000 are evacuated...it would mean a lot!(:",Related and informative,2012 Colorado wildfires,1,Informative
217836228207329280,"RT @GOPrincess: You know... These Colorado wildfires are on their way to becoming Obama's FEMA disaster, ala Katrina. Slow-moving silenc ...",Related and informative,2012 Colorado wildfires,1,Informative
217837511664353280,Fire brings Colorado Springs evacuations  http://t.co/D4snpVKU,Related and informative,2012 Colorado wildfires,1,Informative
217838312784793600,"RT @cinnamon_carter: RT @NBCNews: 32,000 evacuated from homes in Waldo Canyon wildfire. Live coverage in Colorado from our affiliate @9N ...",Related and informative,2012 Colorado wildfires,1,Informative
217838384054411265,RT @nickgroke: Totally amazing and completely horrible photo from the Colorado Springs fire: http://t.co/szSHazfl #waldocanyonfire #cofire,Related and informative,2012 Colorado wildfires,1,Informative
217838618956402688,"Crazy // RT @denverpostjoe: Today (Tuesday's) #cofire math: .187% of Colorado's on fire (194.9 sq. miles / 124,781 acres)",Related and informative,2012 Colorado wildfires,1,Informative
217839621407641602,Lord please watch over Your people over in Colorado who are havin a very difficult time with these wildfires. Please take care of em.,Related - but not informative,2012 Colorado wildfires,0,Not informative
217839638172274688,RT @denverpost: LIVE: View photos shared on social media of the #WaldoCanyonFire: http://t.co/LmfRyCTd #CoFire,Related and informative,2012 Colorado wildfires,1,Informative
217839935959474177,Pray for Colorado #pray #fire,Related - but not informative,2012 Colorado wildfires,0,Not informative
217840066003873792,Live feed for #WaldonCanyonFire #Wildfire #CO #COFire http://t.co/QSNxjQ2W,Related and informative,2012 Colorado wildfires,1,Informative
217841890509328384,Prayers go out to Colorado Springs.,Related - but not informative,2012 Colorado wildfires,0,Not informative
217842607752085505,"Colorado wildfires worsen, 32,000 flee homes http://t.co/kMM7ojqt via @reuters",Related and informative,2012 Colorado wildfires,1,Informative
217843907986341889,"RT @adambombshow: to all our Colorado Springs listeners, we're praying for you. crazy fires http://t.co/YpyHWsKx",Related - but not informative,2012 Colorado wildfires,0,Not informative
217844298044018689,RT @gregstier: Northwestern Colorado Springs is in imminent danger from the wind-driven inferno. Please pray. Houses are burning &amp; t ...,Related and informative,2012 Colorado wildfires,1,Informative
217844323188871169,RT @Smooth_Operatah: Goodness. RT @denverREguy: Amazing photo of Colorado Springs #Waldocanyonfire and the firefighting efforts http://t ...,Related - but not informative,2012 Colorado wildfires,0,Not informative
217844511932555264,"RT @NationalPrayer: PRAYER ALERT: Remain in prayer for those fighting the #WaldoCanyonFire in Colorado Springs &amp; the 32,000+ people  ...",Related and informative,2012 Colorado wildfires,1,Informative
217847003386871809,RT @bouldercolorado: Please RT - evacuees from the #FlagstaffFire can call the Emergency Operations Center at 303-413-7730 for fire &amp ...,Related and informative,2012 Colorado wildfires,1,Informative
217848311984562176,"Let us know if you can see the fires when you land, Colorado Springs (50 miles south) is on fire! @IvankaTrump",Related - but not informative,2012 Colorado wildfires,0,Not informative
217848601399922690,"God I don't know what's going on... Death of teacher, Pastor Kong in jail, Crazy uncontrollable fire in Colorado. ... — http://t.co/ha3HlHQ9",Related and informative,2012 Colorado wildfires,1,Informative
217849301836120064,PRAYING.. RT @leighramsey: Colorado Fire: Worst in 32 yrs. Perfect storm apparently. 32 thousand being evacuated http://t.co/Qlg8Hi9k,Related and informative,2012 Colorado wildfires,1,Informative
217849545126719488,Please keep the Colorado Fire in your prayers! It's crazy up there,Related - but not informative,2012 Colorado wildfires,0,Not informative
217849616434085889,positive thoughts to the people in waldo canyon~colorado springs~surrounding areas..hope those winds subside so they can control those fires,Related - but not informative,2012 Colorado wildfires,0,Not informative
217849679336046592,@BiancaGriffith #boulder #FlagstaffFire Esto es de Película Americana... http://t.co/sjLFFHDO,Related - but not informative,2012 Colorado wildfires,0,Not informative
217849834529497090,"RT @BabyBash: Yeah I have lots of friends and fam in Colorado,, keep a blessing for them! Battling them big wild fires!! Many lost house ...",Related - but not informative,2012 Colorado wildfires,0,Not informative
217851113788030978,RT @Nneeiilliioo: All of Colorado is on fire... Except for the Rockies. #lastplace,Related and informative,2012 Colorado wildfires,1,Informative
217851914904276992,"Hey Niall ... Come to Colorado? It's smoky because of the fires though :,(",Related - but not informative,2012 Colorado wildfires,0,Not informative
217852153979609088,"Photo: http://t.co/HjQ3PxxB #flagstafffire at 8:51, slurry drop shot #2",Not related,2012 Colorado wildfires,0,Not informative
217852464341319681,"Heading home from Denver this evening around 7pm, Colorado Springs is on fire http://t.co/0iLh7TkR",Related - but not informative,2012 Colorado wildfires,0,Not informative
217852476928430080,"32,000 flee Waldo Canyon Fire: live blog | http://t.co/ffw8AHqT Denver, Colorado http://t.co/LZNuj0ET",Related and informative,2012 Colorado wildfires,1,Informative
217852493693071363,"RT @jasontalklaunch: HELP Colorado fight the wildfires allocate gov resources now, don't screw this up! @BarackObama @whitehouse #WaldoC ...",Related and informative,2012 Colorado wildfires,1,Informative
217852644696403969,"RT @SnorkyJr: Colorado Springs and El Paso County, Colorado Fire and EMS Live Audio Feed  #WaldoCanyonFire http://t.co/1R6SLAi1",Related and informative,2012 Colorado wildfires,1,Informative
217852946703060992,"Waldo Canyon Wildfire, Colorado Springs, CO 6/26/12 http://t.co/jypdWr0F",Related and informative,2012 Colorado wildfires,1,Informative
217853101871341568,"All these fires in Colorado, and I'm going there in July! #freakedout 😳",Related - but not informative,2012 Colorado wildfires,0,Not informative
217855316463857667,My poor baby Colorado Springs. My hearts out to my hometown. &lt;3 The United States is so dry that fires ar        (cont) http://t.co/iKojMidS,Related - but not informative,2012 Colorado wildfires,0,Not informative
217855383572717568,The fact that the other side of colorado springs is burning down is scary as fuck....I hope they fire soon,Related - but not informative,2012 Colorado wildfires,0,Not informative
217859036845047811,Colorado wildfires: Several fires explode across Front Range http://t.co/0xvKq0ow,Related and informative,2012 Colorado wildfires,1,Informative
217859494024196097,I can't believe my city is burning down as we speak .... i love colorado Springs :( I dont want to have to evacuate ...,Related - but not informative,2012 Colorado wildfires,0,Not informative
217860051833077760,#waldocanyonfire #waldofire sending as much positive thoughts as I can to C Springs. Love that land!,Related - but not informative,2012 Colorado wildfires,0,Not informative
217860798452731904,Fire burns out of control: Witnesses say Colorado highways are clogged with fleeing refugees and describe the sc... http://t.co/vMR835og,Related and informative,2012 Colorado wildfires,1,Informative
217861666648494080,"Wildfires worsen in Colorado, 32000 flee homes | - Reuters http://t.co/Tm3nswJn",Related and informative,2012 Colorado wildfires,1,Informative
217864229372428290,@justinbieber  please bless my home Colorado springs is on fire :(,Related - but not informative,2012 Colorado wildfires,0,Not informative
217865307291787265,"@28CGiroux please pray for Colorado Springs, Colorado. There is a giant wild fire burning the town. Please RT to raise awareness.",Related - but not informative,2012 Colorado wildfires,0,Not informative
217870634083028992,I love going to Colorado&lt;3 It's so beautiful. I wish these fires would go away😞,Related - but not informative,2012 Colorado wildfires,0,Not informative
217874698359418881,@billmaher please RT - help Colorado Springs with the #WaldoCanyonFire http://t.co/jk4lVnhb we need all the help we can get right now!,Related - but not informative,2012 Colorado wildfires,0,Not informative
217876086686621696,Just found out one of my friends in Colorado might have lost her apartment to the fires there. Will know more tomorrow. That sucks :(,Related - but not informative,2012 Colorado wildfires,0,Not informative
217876942303666176,"'Firestorm of epic proportions' | proportions, waldo, canyon - WALDO CANYON FIRE - Colorado Spring.. http://t.co/P7gPETpI",Related and informative,2012 Colorado wildfires,1,Informative
217879538573643776,"RT @cnni: 32,000 evaculated from Colorado wildfires http://t.co/A6P2z7Kq",Related and informative,2012 Colorado wildfires,1,Informative
217881635742429186,"RT @CNN: Colorado wildfire of 'epic proportions' displaces 32,000; tests firefighters http://t.co/I8T8uaDo",Related and informative,2012 Colorado wildfires,1,Informative
217882151620849666,"More Flagstaff Fire ... #Boulder, CO http://t.co/xMhvWzji",Related and informative,2012 Colorado wildfires,1,Informative
217882478772371456,"#newbedon 6/27/2012 11:30:08 AM Colorado fire near Pikes Peak forces 11,000 from homes http://t.co/UBSlQta9",Related and informative,2012 Colorado wildfires,1,Informative
217885523870625793,RT @DeniseOConner: Will the great libertarian experiment of Colorado Springs will just put out the fires by throwing copies of _Atlas_...,Related - but not informative,2012 Colorado wildfires,0,Not informative
217885624529727488,RT @Swills33: To say Colorado needs rain would be a massive understatement. Heartbroken to see the destruction these fires are causing.  ...,Related - but not informative,2012 Colorado wildfires,0,Not informative
217891802726928384,RT @jekjenR5: @R5lover96 are you ok cause there's a huge fire in colorado springs and i know you live there so yeah,Related - but not informative,2012 Colorado wildfires,0,Not informative
217895254651699200,The fire in Colorado might burn down the hospital I was born at )':,Related and informative,2012 Colorado wildfires,1,Informative
217895707632353280,"Colorado wildfire of 'epic proportions' displaces 32,000: Firefighters again will battle inferno-like conditions... http://t.co/aQtWGcWt",Related and informative,2012 Colorado wildfires,1,Informative
217903953613033474,@csgazette reporting that Colorado Springs is under another red flag warning today. #WaldoCanyonFire,Related and informative,2012 Colorado wildfires,1,Informative
217926032433487872,"Colorado Springs, CO is on fire. 65mph winds blew it into the city today. Looked like Armageddon. http://t.co/tXsV4tR7",Related and informative,2012 Colorado wildfires,1,Informative
217926992950071296,RT @EdelmanDiana: I want to apologize to the state of Colorado for being so hot and starting all these fires #mybad,Related - but not informative,2012 Colorado wildfires,0,Not informative
217934806946820096,Back in the newsroom after napping for a few hours on the couch in the Sports office. #WaldoCanyonFire #FlagstaffFire,Related and informative,2012 Colorado wildfires,1,Informative
217951252800221185,RT @nprnews: Thousands Flee Ferocious Fire In Colorado Springs http://t.co/St8r7XdX,Related and informative,2012 Colorado wildfires,1,Informative
217952087458328577,RT @SheilaWalsh: Praying for divine intervention  and protection for all those affected by the fires in Colorado Springs. #waldocanyonfire,Related - but not informative,2012 Colorado wildfires,0,Not informative
217953932943687680,RT @nprnews 'Epic' Wildfire Sends Tens Of Thousands Scrambling For Safety In Colorado http://t.co/tgFtU5Sz,Related and informative,2012 Colorado wildfires,1,Informative
217959612043886592,Summer is just starting. there has been over 100000 acres of land &amp; homes burned up in Colorado from wildfires my gut tells me long summer,Related and informative,2012 Colorado wildfires,1,Informative
217960278929842176,"Reading news about Colorado Springs, horrified. I enjoyed visiting there for the #ppwc a couple years ago. Be safe, locals.",Related - but not informative,2012 Colorado wildfires,0,Not informative
217960467686109185,What a terrifying picture. RT @timring3TV: Breathtaking photo outside the Air Force Academy in Colorado Springs. http://t.co/mHdkJbch,Related and informative,2012 Colorado wildfires,1,Informative
217960903906312194,God bless the citizens &amp; 1st responders in Colorado with the wild fires http://t.co/gDeYD9K2,Related - but not informative,2012 Colorado wildfires,0,Not informative
217963512750800897,RT @nycsouthpaw: Colorado is on fire. http://t.co/vo9SEK2E,Related and informative,2012 Colorado wildfires,1,Informative
217964943012663298,All affected by the Colorado Springs #WaldoCanyonFire.are in my thoughts and prayers today.,Related - but not informative,2012 Colorado wildfires,0,Not informative
217965756699250688,More than 32000 ordered to flee Colorado wildfire - USA TODAY: USA TODAYMore than 32000 ordered to flee Colorado... http://t.co/n3PAgtGJ,Related and informative,2012 Colorado wildfires,1,Informative
217965932876800000,"RT @Aportzline: #CBJ fans should know @kschroeder1720 - portly, shirtless dancin' guy in Nationwide - is near Colorado fire evacuation z ...",Related and informative,2012 Colorado wildfires,1,Informative
217967128215691264,"RT @ywam: Let's all be praying for our friends in Colorado Springs, many of whom have been evacuated due to the escalated... http://t.co ...",Related - but not informative,2012 Colorado wildfires,0,Not informative
217969099576328192,#colorado Colorado Springs wildfire forces more than 32000 from homes as it ... http://t.co/ZZ7gXDAT,Related and informative,2012 Colorado wildfires,1,Informative
217969716101263361,RT @CTmagazine Colorado wildfires threaten Navigators' camps. Let us know if you see more impact on ministries/churches http://t.co/N3JhCjWc,Not related,2012 Colorado wildfires,0,Not informative
217970248798834689,Amazing multi-platform coverage of the terrifying Colorado wildfires from The Denver Post http://t.co/0pgBnMyA,Related and informative,2012 Colorado wildfires,1,Informative
217971913941729280,"RT @MalloryOnTravel: Colorado Springs Fire Spreads to Tourist Areas: Pikes Peak, Rocky Mountain Park http://t.co/BK1qajVd #travel #ttot",Related and informative,2012 Colorado wildfires,1,Informative
217972425655197696,RT @acousteau: @nprnews Great coverage of why it matters to us that the #Colorado continue to flow... http://t.co/PlNqqUlb,Related and informative,2012 Colorado wildfires,1,Informative
217973440647397377,Growing wildfire brings evacuations in Colorado Springs http://t.co/X5y869FQ,Related and informative,2012 Colorado wildfires,1,Informative
217974539555057664,For all the latest on the fires in Colorado springs go to http://t.co/KD4Bo7kE  http://t.co/Q3X30TvV #WaldoCanyonFire http://t.co/Wjx12YGf,Related and informative,2012 Colorado wildfires,1,Informative
217977681084559360,"@d4_aspen Hey Asp! I have friends who live in Colorado Springs,CO and they are evacuating the city becuz of wild fires. Can you please (c)",Related - but not informative,2012 Colorado wildfires,0,Not informative
217979312693968896,RT @stevelange: Plz RT How 2 help those affected by the CO fires: http://t.co/o4tFNLf2 #waldocanyonfire #flagstafffire #highparkfire,Related - but not informative,2012 Colorado wildfires,0,Not informative
217980424184537088,"RT @BreakingNews: Destructive fire near Colorado Springs, Colorado, doubled size overnight to over 24 square miles - @AP",Related and informative,2012 Colorado wildfires,1,Informative
217981577622335488,"Colorado #wildfires: 32,000 evacuated as blaze jumps perimeter near Colorado Springs | http://t.co/Le3WfoSI",Related and informative,2012 Colorado wildfires,1,Informative
217982542295465985,"hoping some rain hits colorado and puts out the fires, especially before it gets to friends at the Air Force Academy #USAFA",Related - but not informative,2012 Colorado wildfires,0,Not informative
217982647148879873,"RT @iowahawkblog: Wildfires rage in Colorado; EPA, Interior Dept promise to send emergency string quartet",Related and informative,2012 Colorado wildfires,1,Informative
217982928171433984,"Colorado wildfires: 32,000 evacuated as blaze jumps perimeter near Colorado Springs | The Lookout - http://t.co/85g5xASt via @YahooNews",Related and informative,2012 Colorado wildfires,1,Informative
217982991090200578,Praying @ryansutter @tristasutter and kids are safe in Colorado during these crazy wildfires,Related - but not informative,2012 Colorado wildfires,0,Not informative
217983259542421504,"@jimsrer “@BuzzFeed: Over 32,000 people were evacuated last night from the path of the Waldo Canyon fire in Colorado http://t.co/MbqIqrbS”",Related and informative,2012 Colorado wildfires,1,Informative
217984048054804482,RT @BSidesNarrative: I just heard on @DenverChannel that some  hotels in Colorado Springs are price gauging evacuees. If you hear of one ...,Related and informative,2012 Colorado wildfires,1,Informative
217985260229627904,"RT @reddit: Colorado Springs, CO is on fire.  65mph winds blew it into the city today.  Looked like Armageddon. http://t.co/elCZppOS [pics]",Related and informative,2012 Colorado wildfires,1,Informative
217986644337377281,"I've got family in Colorado Springs, so I've been keeping a close eye on the wildfires through the #nws website.  http://t.co/VjH7qk4c",Related - but not informative,2012 Colorado wildfires,0,Not informative
217987097326391298,About to be live on http://t.co/IDYAAYCm to brag about the awesome people here in Colorado Springs.,Not related,2012 Colorado wildfires,0,Not informative
217988250755801088,"RT @MlTTR0MNEY: As Colorado Springs burns, it must give them peace of mind that they laid off firefighters for slightly lower taxes. htt ...",Related - but not informative,2012 Colorado wildfires,0,Not informative
217988888264847360,Collecting donations for the @redcross #WaldoCanyonFire #HighParkFire #FlagstaffFire #cofire @InsuranceMktg http://t.co/6J3dkHGN,Related and informative,2012 Colorado wildfires,1,Informative
217988963774894080,Spreading the word: From Pastor Joe Farrell at First Pres Church:  Gather in prayer for Colorado Springs at... http://t.co/6NagfWSe,Related - but not informative,2012 Colorado wildfires,0,Not informative
217989349671845888,Hope everyone in Greeley ok with wildfires in Colorado!,Related - but not informative,2012 Colorado wildfires,0,Not informative
217989878158340097,Tens of thousands flee homes as Colorado wildfire doubles in size overnight - Fox News: BBC NewsTens of thousand... http://t.co/5CrKMBe8,Related and informative,2012 Colorado wildfires,1,Informative
217989907505872896,Tens of thousands flee homes as Colorado wildfire doubles in size overnight - Fox News,Related and informative,2012 Colorado wildfires,1,Informative
217990901568516096,"Wildfires worsen in Colorado, 32,000 flee homes http://t.co/0kWnzRfn via @reuters",Related and informative,2012 Colorado wildfires,1,Informative
217991874626064384,Money quote : Colorado was fine...and then the fire nation attacked.,Not related,2012 Colorado wildfires,0,Not informative
217994668040925184,"32,000 flee wildfire in Colorado. http://t.co/B9kWeVay",Related and informative,2012 Colorado wildfires,1,Informative
217994865185792000,The Colorado Springs Influencers Daily is out! http://t.co/5kgzIllX ▸ Top stories today via @FocusPRTeam @COCharterXaminr @generousmind,Not related,2012 Colorado wildfires,0,Not informative
217996358341242881,RT @5280Magazine: Thanks to the firefighters and emergency crews fighting the #FlagstaffFire and the #WaldoCanyonFire-our thoughts are w ...,Related - but not informative,2012 Colorado wildfires,0,Not informative
217996379325341698,"hopefully the verizon store in colorado springs can fix my phone, so i can use it one last day haha",Not related,2012 Colorado wildfires,0,Not informative
217997121712947201,Good morning - 6pm producer Duncan Shaw here with the morning news meeting.  We'll be covering the #cofire all day long.,Related and informative,2012 Colorado wildfires,1,Informative
217997385958309889,The Red Cross is sending one of its Texas leaders to Colorado. How they're helping in the midst of devastating wildfires on #KVUEMidday,Related and informative,2012 Colorado wildfires,1,Informative
217998069617274882,RT @BlueDuPage: Romney plan for #Colorado wildfires :  Fire  firefighters. Ignore climate change.  Take $$$ from Koch Brothers.  #Mitt20 ...,Related and informative,2012 Colorado wildfires,1,Informative
217998665204240387,RT @TheAerMusic: our thoughts w our Colorado homies out in these fires! stay safe y'all,Related - but not informative,2012 Colorado wildfires,0,Not informative
218003371209146368,The Flagstaff fire is one ridge away from entering Boulder. :(   http://t.co/oO8BGkgD,Related and informative,2012 Colorado wildfires,1,Informative
218005451579723777,"RT @TimothyWhalin: The #WaldoCanyonFire has increased to 15,324 acres. Please continue to pray for Colorado Springs.",Related and informative,2012 Colorado wildfires,1,Informative
218006093304037376,RT @ANACoins: Here's our full statement on how the #waldofire is impacting the #ANASummerSeminar: http://t.co/9R58kUzb,Related and informative,2012 Colorado wildfires,1,Informative
218006353384439810,Prayers for the firefighters &amp; anyone affected by the wildfires in Colorado. ❤,Related - but not informative,2012 Colorado wildfires,0,Not informative
218008505045614592,"RT @DenverChannel: @Bri_Smith91 Sadly rain, well the lightning that came with it, started the Boulder fire yesterday.",Related and informative,2012 Colorado wildfires,1,Informative
218009029325230080,"Colorado wildfire: Last Chance, residents stand tall after huge wildfire http://t.co/7FrVwG9Z",Related and informative,2012 Colorado wildfires,1,Informative
218009536852791297,@ScottMcAbee: praying the wildfires in colorado dont affect any of my friends out west,Related - but not informative,2012 Colorado wildfires,0,Not informative
218010392465649665,.@thedirtydash is now Sept 1 in Colorado Springs - want an entry? Giveaway ends Fri. http://t.co/IBFoLP5g #FitFluential #FHBC12 #spon,Not related,2012 Colorado wildfires,0,Not informative
218011558482149379,"RT @FireBlogger: Peregrin/Blodgett neighborhood Colorado Springs, no struct. protection. Not enough resources on scene #WaldoFire http:/ ...",Related and informative,2012 Colorado wildfires,1,Informative
218011889848942592,RT @richarddeitsch: A frightening scene in Colorado Springs. MT @sharapovasthigh That is the Air Force football stadium at the bottom: h ...,Related and informative,2012 Colorado wildfires,1,Informative
218013437526159361,scammers going door-to-door in Co Springs claiming to take donations for #WaldoCanyonFire victims #Colorado /cc @CSPDPIO via @ryanprast,Related and informative,2012 Colorado wildfires,1,Informative
218014460936331265,Please continue to pray for Rachel &amp; Jesse and all of those in the Colorado fire. http://t.co/GrvmmMm3,Related - but not informative,2012 Colorado wildfires,0,Not informative
218015673102766081,RT @DrOz: My prayers go out to everyone in the Colorado Springs area. Stay safe!,Related - but not informative,2012 Colorado wildfires,0,Not informative
218020513321197568,Colorado wildfires: Real-time social media response map http://t.co/w3ElrEek via @denverpost,Related and informative,2012 Colorado wildfires,1,Informative
218021100548923392,Lets all find a way to help those in need in #Colorado,Related - but not informative,2012 Colorado wildfires,0,Not informative
218021100557307904,"RT @bouldercounty: As a reminder, the call center for residents and others impacted by the #FlagstaffFire to obtain information is 303-4 ...",Related and informative,2012 Colorado wildfires,1,Informative
218024309174697985,RT @KLOVERadio: Please RT if you will join us in praying for those impacted by the fires in Colorado &amp; those fighting the fires. htt ...,Related - but not informative,2012 Colorado wildfires,0,Not informative
218024753766735872,"RT @AP: AP VIDEO: Colorado wildfires double in size overnight, 'not remotely close to being contained': http://t.co/zOXVRKTm -EF",Related and informative,2012 Colorado wildfires,1,Informative
218025655571464192,Please keep Colorado and Florida in your prayers. Wildfires and flooding...,Related - but not informative,2012 Colorado wildfires,0,Not informative
218027127755382785,A picture someone took of Colorado Springs looking downright apocalyptic   http://t.co/tJCsUiih,Related - but not informative,2012 Colorado wildfires,0,Not informative
218029090681262080,The entire state of Colorado is on fire. I would imagine it's due to the massive population of atheists in this fair state.,Related and informative,2012 Colorado wildfires,1,Informative
218029963088117762,Praying for my cousins and everyone else in Colorado Springs that are having to evacuate because of these wildfires. &lt;3,Related - but not informative,2012 Colorado wildfires,0,Not informative
218031280120541184,RT @BravoAndy: Praying for rain in Colorado! These fires are destroying one of the most beautiful places in America!,Related - but not informative,2012 Colorado wildfires,0,Not informative
218031351427895296,RT @rqskye: #Offer El Paso County Bar offering legal help #Time Sat July 14th 10am-Noon #Loc Citadel Mall #Src @Oh_Fender #WaldoFire,Not related,2012 Colorado wildfires,0,Not informative
218031976375001090,RT @bouldercounty: Material donations are NOT needed for the #FlagstaffFire at this time. Financial support is the best way to help. Inf ...,Related and informative,2012 Colorado wildfires,1,Informative
218038993420419072,Colorado fires sweep social media sites as readers look for info - Denver Post http://t.co/2su6XK2L,Related and informative,2012 Colorado wildfires,1,Informative
218039605813972992,"RT @StyleEngine: Colorado Springs is burning, this gives you an idea of how bad the wild fire is... http://t.co/fx9kjaO5",Related and informative,2012 Colorado wildfires,1,Informative
218040608227463169,LA Times -  Parts of Air Force Academy evacuated as Colorado fire rages,Related and informative,2012 Colorado wildfires,1,Informative
218042692813332480,Thinking of those affected by the Colorado #wildfires! Looks like an image out of the movies! #sosad http://t.co/nlkQZ18M,Related - but not informative,2012 Colorado wildfires,0,Not informative
218043170980757505,RT @dallasnewsphoto: See amazing photos of the Colorado wildfires by the Denver Post http://t.co/6vuCdPti via @sharethis,Related and informative,2012 Colorado wildfires,1,Informative
218043292615581697,"Destructive #fire near #Colorado Springs, #CO, doubled size overnight to over 24 square miles http://t.co/7iQvHLti",Related and informative,2012 Colorado wildfires,1,Informative
218046866158391297,rainshowers and lightning around Gunnison right now.  Reports from viewers of light rain in Castle Rock and near Colorado Springs.,Not related,2012 Colorado wildfires,0,Not informative
218048032166526976,RT @boulderpolice: #FlagstaffFire fire is not threatening homes at this time. Sprinklers will help create defensible space. Thank you.,Related and informative,2012 Colorado wildfires,1,Informative
218049726644355072,#WhatMostWomenWant is Colorado to get as wet as ladies watching #MagicMike @channingtatum ! #WaldoCanyonFire #PrayForColorado #HighParkFire,Not related,2012 Colorado wildfires,0,Not informative
218051752493191169,RT @louanndonovan: Photo taken by someone of wildfire in Colorado Springs. Shows #SalvationArmy there helping. #waldocanyonfire http://t ...,Related and informative,2012 Colorado wildfires,1,Informative
218052876587638786,Keep the tens of thousands affected by the Colorado Wildfires in your hearts and minds. https://t.co/CCGUjbZP #COfires #Colorado Springs,Related and informative,2012 Colorado wildfires,1,Informative
218052910158856192,New Blog Post: Spruce Pool! - Quick note to those of you following our disruptions because of the fires in Boulder. ... http://t.co/4lJZ76e6,Related and informative,2012 Colorado wildfires,1,Informative
218055498027642881,RT @jeffreymadwisc: Colorado springs http://t.co/L3ZoeyU3,Not related,2012 Colorado wildfires,0,Not informative
218055770649010176,"RT @YourAnonNews: Colorado Springs, CO is on fire. 65mph winds blew it into the city today. Looked like Armageddon. #WaldoCanyonFire | h ...",Related and informative,2012 Colorado wildfires,1,Informative
218058283028717568,President Obama to tour #WaldoCanyonfire Friday http://t.co/U8dHDefj via @denverpost #cofire #potus,Related and informative,2012 Colorado wildfires,1,Informative
218058694070501376,9 Shocking Twitter Pictures From the Colorado Springs Wildfire http://t.co/F3esKgym,Related and informative,2012 Colorado wildfires,1,Informative
218058757018615808,Visto en Mashable. 9 Shocking Twitter Pictures From the Colorado Springs Wildfire:  A massive wi... http://t.co/1aHnJALT #mashable #emkt,Related and informative,2012 Colorado wildfires,1,Informative
218059038007623680,Colorado Springs http://t.co/XHcdHZnl,Not related,2012 Colorado wildfires,0,Not informative
218060300509913088,Mashable: 9 shocking Twitter pictures of Colorado Springs wildfires. Hoping our relatives there are safe. #in http://t.co/KIGP7olQ,Related - but not informative,2012 Colorado wildfires,0,Not informative
218061139345547265,"No wonder my allergies are crazy. Please pray for the fire in Colorado to be gotten under control, so scary and so sad http://t.co/zyPHSXCQ",Related - but not informative,2012 Colorado wildfires,0,Not informative
218061722366386177,9 Shocking Twitter Pictures From the Colorado Springs Wildfire http://t.co/ajO6K6zC,Related and informative,2012 Colorado wildfires,1,Informative
218062015976062979,9 Shocking Twitter Pictures From the Colorado Springs Wildfire http://t.co/vOuv3i3N,Related and informative,2012 Colorado wildfires,1,Informative
218063538508410880,“@mashable: 9 Shocking Twitter Pictures From the Colorado Springs Wildfire http://t.co/eOq8VMPr” awful -pray for those affected,Related - but not informative,2012 Colorado wildfires,0,Not informative
218064536748560384,RT @RodneyStew: I hope everyone in Colorado is safe from the fire! Love colorado and praying for everyone!,Related - but not informative,2012 Colorado wildfires,0,Not informative
218065274962841600,"CO Jobs | BioSurgery TBM Colorado Springs at Baxter International (Denver, CO) http://t.co/uPZXgeHA #Job #Hiring #COJobs",Not related,2012 Colorado wildfires,0,Not informative
218065925071568897,A.M. BEST:Major Insurers Establish Claims Centers Near Raging Wildfires Outside Two Colorado Cities               http://t.co/X0SErpsR,Related and informative,2012 Colorado wildfires,1,Informative
218066340295090176,"RT @SteveSchmuhl: 32,000+ people evacuated in Colorado Springs #cofires",Related and informative,2012 Colorado wildfires,1,Informative
218066633904762880,RT @FeedingAmerica: The outpouring of support for @careandsharefb is awesome! They are helping the Colorado fire evacuees http://t.co/KX ...,Related - but not informative,2012 Colorado wildfires,0,Not informative
218067762159951873,"RT @wadedh: RT @NationalPrayer: PRAYER ALERT: Remain in prayer for those fighting the fire in Colorado Springs &amp; 32,000+ people evac ...",Related - but not informative,2012 Colorado wildfires,0,Not informative
218069502787731457,"Hey fam. Please pray for the residents of Colorado. With the winds, the fires are spreading rapidly. We are praying for you, Colorado!!!!",Related - but not informative,2012 Colorado wildfires,0,Not informative
218069695742476289,Obama to visit Colo. to review fire damage: President Obama will fly to Colorado Springs on Friday to review the... http://t.co/mcGp0ioe,Related and informative,2012 Colorado wildfires,1,Informative
218070933070553088,RT @cfleury: 9 Shocking Twitter Pictures From the Colorado Springs Wildfire http://t.co/wG9drQRz,Related and informative,2012 Colorado wildfires,1,Informative
218071356670099456,CLICK HERE&gt;&gt; http://t.co/vMHt3CRT Help The People &amp; Animals of Colorado @GeekNation. #Colorado,Not related,2012 Colorado wildfires,0,Not informative
218071956493303808,RT @atmosphere: our thoughts go out to the people in colorado dealing with the wildfires.,Related - but not informative,2012 Colorado wildfires,0,Not informative
218074875716313090,Colorado Fires... Flying W - http://t.co/aXxRLtdp http://t.co/9MjEjqEf #FLYINGWRANCH #COLORADOFIRES,Related and informative,2012 Colorado wildfires,1,Informative
218076628943777794,"Colorado Wildfire Causes Hotel Closures &amp; Chaos as 32,000 Residents Evacuate http://t.co/dZsO3K7v",Related and informative,2012 Colorado wildfires,1,Informative
218078994514452480,RT @mashable: 9 Shocking Twitter Pictures From the Colorado Springs Wildfire http://t.co/F3esKgym,Related - but not informative,2012 Colorado wildfires,0,Not informative
218079774650802177,Motorsports : Pikes Peak Hill Climb facing cancellation over Colorado wildfires.,Related and informative,2012 Colorado wildfires,1,Informative
218081842442678272,My home town Colorado Springs CO is on fire. - http://t.co/qOX5W9e6 #mustread,Related and informative,2012 Colorado wildfires,1,Informative
218082849084026881,RT @NHLPA: RT @ryanobyrne84: My thoughts are with everyone in Colorado and hoping the fires come to an end. #PrayForColorado,Related - but not informative,2012 Colorado wildfires,0,Not informative
218086892393086977,RT @9NEWS: Kyle Clark has reported that it is raining over the Flagstaff Fire. Let’s hear some cheers for Colorado rain! Let... http://t ...,Related and informative,2012 Colorado wildfires,1,Informative
218088637202579457,“@KE5WLM RT @WayneDBJr: RT @Kelly_Metz: Just heard on the Colorado Springs scanner that the winds (cont) http://t.co/RVsjFZqV,Related and informative,2012 Colorado wildfires,1,Informative
218090872795955203,RT @arschmitty: Praying for those who have been affected by the Colorado fires and hoping for the best 💜💜,Related - but not informative,2012 Colorado wildfires,0,Not informative
218091627758104577,Colorado fires sweep social media sites as readers look for info - Denver Post http://t.co/Wr65pED4,Related and informative,2012 Colorado wildfires,1,Informative
218092961534185473,RT @TheWxMeister View of #WaldoCanyonFire near Colorado Springs from space t.co,Related and informative,2012 Colorado wildfires,1,Informative
218093422916026369,Poor visibility in #coloradosprings due 2 smoke being blown across city. #waldocanyonfire #waldofire,Related and informative,2012 Colorado wildfires,1,Informative
218093779427663873,RT @PolitixFireball: Please pray for those affected by the fires in Colorado! Here's @MichelleMalkin's update:http://t.co/6nn0S0LO #Brei ...,Related and informative,2012 Colorado wildfires,1,Informative
218094047854739457,"Colorado wildfire: Winds whip flames; 32,000 ordered to evacuate http://t.co/snPcmoSc",Related and informative,2012 Colorado wildfires,1,Informative
218094484091707394,"Colorado fire 'smacks you in the face' - Neighborhoods in Colorado Springs, Colorado, are evacuated as the Waldo Can... http://t.co/UwPRXRwU",Related and informative,2012 Colorado wildfires,1,Informative
218097168454651904,"I really hope that someone did not deliberately start any of the fires going on here in Colorado, that would be just disgusting. Absolutely.",Related - but not informative,2012 Colorado wildfires,0,Not informative
218097365565980672,"RT @dailycamera: #FlagstaffFire: #Boulder police asks residents w/ property backing up to open space turn on sprinklers, leave them on , ...",Related and informative,2012 Colorado wildfires,1,Informative
218097805951107073,RT @DaRealAmberRose: My friend just sent me this pic from the mall in Colorado Springs smh so scary  http://t.co/AX6bXoqs,Related - but not informative,2012 Colorado wildfires,0,Not informative
218099676640063490,RT @wilw: RT @SidSuicide Can you please RT? Visit http://t.co/ndFLJhes  to help with the Colorado fires. #WaldoCanyonFire Help if you  ...,Related - but not informative,2012 Colorado wildfires,0,Not informative
218100016366092289,"RT @R5_Fire_News: Ready, Set, Go! for #wildfire evacuations in #CA  http://t.co/SC9kDcyu  http://t.co/PHytJbkV",Related and informative,2012 Colorado wildfires,1,Informative
218102289687261184,"Colorado Springs, 2e plus grande ville du Colorado est menacée par les feux.  650 000 personnes en état d'alerte.  http://t.co/DxdEjTHs",Not applicable,2012 Colorado wildfires,0,Not informative
218105351508201473,"RT @bromleyfalco: @KRQEMark Good work on the  #cofire updates Mark. I'm from Denver, been in NM about 9 months now...thx sadly we know fire",Related - but not informative,2012 Colorado wildfires,0,Not informative
218108899922935808,RT @DenverChannel: Gov. Hickenlooper says he anticipates Obama signing a presidential disaster declaration in 2 days for Colorado's fire ...,Related and informative,2012 Colorado wildfires,1,Informative
218110195933519872,US: All three network evening newscasts leading tonight with the rampage of that #wildfire in #Colorado,Related and informative,2012 Colorado wildfires,1,Informative
218110384698163200,"Please pray for my aunt, uncle and cousins. They're home is in danger because of the wildfires in Colorado.",Related - but not informative,2012 Colorado wildfires,0,Not informative
218110510523088897,"Just found out a good friend's house burnt down today in the forest fires in Colorado. Take care of yourself, my Colorado friends!",Related - but not informative,2012 Colorado wildfires,0,Not informative
218112192451579904,"Our shelter team arrived in Colorado early this morning &amp; has been transferred to Divide, CO to assist with wildfire evacuees in that area",Related and informative,2012 Colorado wildfires,1,Informative
218113236824891392,RT @instagram: Frightening photo of the Colorado #wildfire by @dredayy66: http://t.co/Vc4t3sH4 Please stay safe!,Related and informative,2012 Colorado wildfires,1,Informative
218113727537491968,RT @HomefrontHugs: We have hundreds of military families &amp; veterans evacuating from the fires now in Colorado -We needed a wake up c ...,Related and informative,2012 Colorado wildfires,1,Informative
218114545435148288,@justinbieber @Drake some of your colorado fans houses have burned down in the fire we have... nd u can't send out 1 tweet. #sad #prayfor719,Related and informative,2012 Colorado wildfires,1,Informative
218115711451668480,"RT @Denver_Broncos: Broncos pledge $50,000 to Colorado wildfire relief efforts http://t.co/iYjcy2LQ",Related and informative,2012 Colorado wildfires,1,Informative
218116286062936065,RT @missnatalienunn: “@DevTheBarbie: @missnatalienunn Pray for ur Rockstars in Colorado that are being affected by this horrific fire pl ...,Related - but not informative,2012 Colorado wildfires,0,Not informative
218119326929129473,Colorado Springs' Waldo Canyon fire threatens Air Force Academy: http://t.co/GE16J3Zs,Related and informative,2012 Colorado wildfires,1,Informative
218119763170295808,"RT @WSJ: A Colorado fire forced 32,000 residents to evacuate. It doubled in size overnight to 24+ square miles. Photos: http://t.co/xaZoJRjf",Related and informative,2012 Colorado wildfires,1,Informative
218121331827421184,Some good news....just checked craigslist....nobody in Colorado Springs selling fireworks..at least not that I can find.,Not related,2012 Colorado wildfires,0,Not informative
218127459680403457,Crews go on offensive against growing Colorado wildfire http://t.co/r0mr3z5F #KRDO,Related and informative,2012 Colorado wildfires,1,Informative
218127543591636992,RT @denverpost: We created a perimeter map of the #FlagstaffFire from data posted to GeoMAC earlier today: http://t.co/cqhNHQSc,Related and informative,2012 Colorado wildfires,1,Informative
218129082876051457,High winds fueled the Waldo Canyon Fire now engulfing the hills overlooking Colorado Springs. http://t.co/JTFBKaZd,Related and informative,2012 Colorado wildfires,1,Informative
218130462814646273,"shout out to colorado, hope that fire goes out soon.",Related - but not informative,2012 Colorado wildfires,0,Not informative
218131167457714177,"COLORADO FIRES Information &amp; Resources for Pet Owners in CO  PLEASE SHARE  As you probably already know, Colorado... http://t.co/OBSZ6jqU",Related and informative,2012 Colorado wildfires,1,Informative
218133306540179457,RT @ruthellenkocher: We've just had a new string of lightning strikes: @erinmcostello New Fire Reported in South #Boulder http://t.co/ya ...,Related and informative,2012 Colorado wildfires,1,Informative
218138704626204672,RT @DarknessRadio: Lord please bring the driving rain to Colorado to stop the horror that is taking place there. End the fires &amp; sav ...,Related - but not informative,2012 Colorado wildfires,0,Not informative
218139522498703360,RT @AlBoeNEWS: BREAKING -- Firefighter tells local media that 200-300 homes have been lost in Waldo Canyon fire burning in Colorado,Related and informative,2012 Colorado wildfires,1,Informative
218141388976566273,President Obama to tour Colorado wildfires | The Ticket - Yahoo! News http://t.co/anmheBLr via @YahooNews,Related and informative,2012 Colorado wildfires,1,Informative
218142412390928384,#Davis Colorado Springs Waldo Canyon wildfire forces thousands to flee flames http://t.co/CqxV9Ie5,Related and informative,2012 Colorado wildfires,1,Informative
218142710203297792,Packed and ready to evacuate if we need to. #WaldoCanyonFire Please pray for the city of Colorado Springs!,Related - but not informative,2012 Colorado wildfires,0,Not informative
218142940860649472,Colorado Wildfires Explained - the perfect storm of weather conditions and mans folly have put us here in Colorado i... http://t.co/5Yf5ddN3,Related and informative,2012 Colorado wildfires,1,Informative
218142991200698370,RT @RMhigh7088: A #hiking and #climbing post from #Colorado: Kelso Ridge on Torreys Peak is my fave so far! Photos/route info here: http ...,Not related,2012 Colorado wildfires,0,Not informative
218143423222382592,RT @HuffingtonPost: Most residents evacuated from Colo.'s largest wildfire can go home over next 2 days #HighParkFire http://t.co/PFB7Up7a,Related and informative,2012 Colorado wildfires,1,Informative
218146271133839361,"Colorado wildfire expands viciously, Obama plans visit: COLORADO SPRINGS, Colo. (Reuters) - Firefighters struggl... http://t.co/UUDSf8Sa",Related and informative,2012 Colorado wildfires,1,Informative
218150272508235777,RT @tryonb: Chapel Hills Mall in Colorado Springs will offer an evacuee lounge beginning Thurs. More on http://t.co/7T0Tmxr9 #WaldoCan ...,Related and informative,2012 Colorado wildfires,1,Informative
218155913851314177,RT @fema: (June 27) Please share: how to help those affected by the #WaldoCanyonFire #FlagstaffFire #HighParkFire http://t.co/tmtZDniU,Related and informative,2012 Colorado wildfires,1,Informative
218156240998629376,Surging Colorado wildfires forcing tens of thousands to flee:  http://t.co/2IAgwmMv,Related and informative,2012 Colorado wildfires,1,Informative
218156677227216896,RT @dailycamera: #Boulder County: All new lightning-strike fires now put out or under control  http://t.co/arFWZUGW #flagstafffire,Related and informative,2012 Colorado wildfires,1,Informative
218159479034884096,RT @AFSpace: AFSPC Vandenberg Hot Shots are on the ground in Colorado Springs helping fight the #WaldoCanyonFire as we speak: http://t.c ...,Related and informative,2012 Colorado wildfires,1,Informative
218160997339365376,Furious Wildfire in Colorado Leaves Destruction in Its Wake - http://t.co/HBmFn8lK - http://t.co/qjR6jiEO,Related and informative,2012 Colorado wildfires,1,Informative
218161047683596288,RT @kylefrost: Wow.  This is just insane.  Keep you thoughts with the residents of Colorado Springs. http://t.co/bbw6kDfR,Related - but not informative,2012 Colorado wildfires,0,Not informative
218161517445644291,Good news up on the #HighParkFire - it is now 75% contained: http://t.co/mINp01Al,Related and informative,2012 Colorado wildfires,1,Informative
218162024964833280,RT @nytimes: Furious Wildfire in Colorado Leaves Destruction in Its Wake http://t.co/6pyZTRMR,Related and informative,2012 Colorado wildfires,1,Informative
218163107091062784,"Colorado wildfire forces 11,000 people to leave their homes \\ Guardian \\ http://t.co/M2umcoTi",Related and informative,2012 Colorado wildfires,1,Informative
218165464273125377,🙏pray for the victims of the Colorado fires🔥 It's getting bad out there 😔,Related - but not informative,2012 Colorado wildfires,0,Not informative
218165623673462784,Colorado Is On Fire http://t.co/dts3H2cT,Related and informative,2012 Colorado wildfires,1,Informative
218168769418235905,RT @tracysolomon: PHOTOS: View aerial images of the #WaldoCanyonFire in Colorado Springs: http://t.co/zY60ydsU #cofire,Related and informative,2012 Colorado wildfires,1,Informative
218170359055265794,RT @TheMcJagger: This is Colorado Springs...Unbelievable. It looks like a nuclear bomb went off. http://t.co/Q5D3GCBK,Related and informative,2012 Colorado wildfires,1,Informative
218173127266541569,"Nexus 7, Euro 2012, Colorado fires, Colorado Springs, ... http://t.co/PWuDWAkS",Related and informative,2012 Colorado wildfires,1,Informative
218173127295897601,my state has 8 fires. woooo colorado,Related and informative,2012 Colorado wildfires,1,Informative
218175937466994688,Photo: Colorado wildfire near Air Force’s Falcon Stadium http://t.co/TIWze73h,Related and informative,2012 Colorado wildfires,1,Informative
218178244329996289,Monster Colorado wildfire rages; Obama plans visit http://t.co/w4dvqf6r,Related and informative,2012 Colorado wildfires,1,Informative
218179171254411264,@TimForeman have you seen the fires in Colorado???,Related - but not informative,2012 Colorado wildfires,0,Not informative
218181469762371584,This was taken yesterday near Colorado Springs.  The fires in Colorado have become a completely life altering... http://t.co/aRbzfmo9,Related and informative,2012 Colorado wildfires,1,Informative
218181897564602368,Colorado Springs fire threatens the Air Force Academy #WaldoCanyonFire #COFIre http://t.co/2Ba5rQ80,Related and informative,2012 Colorado wildfires,1,Informative
218182069552037888,RT @egorski: Bizarre to hear a Colorado Springs TV reporter interviewed on the BBC tonight #WaldoCanyonFire,Related - but not informative,2012 Colorado wildfires,0,Not informative
218182073746333697,"Colorado Springs fire evacuation area expands, as Boulder braces http://t.co/Sto5UH2C",Related and informative,2012 Colorado wildfires,1,Informative
218182514152452096,"Lord God, I pray that you bring a cool refreshing rain upon Colorado Springs, in the name of Jesus Christ, amen.",Related - but not informative,2012 Colorado wildfires,0,Not informative
218183059386793985,RT @KOAA_5: Fire has now eaten nearly 29 miles of our beloved Colorado. #waldocanyonfire,Related and informative,2012 Colorado wildfires,1,Informative
218183902446108673,"RT @JennyLynnLawson: @LauraStoryMusic Could you please RT? Please keep everyone in Colorado Springs, CO, Fort Collins, CO in your prayer ...",Related - but not informative,2012 Colorado wildfires,0,Not informative
218195864613695488,Good thing there's a bunch of fires in Colorado.....and I'm going there in two days.... #PrayForColorado,Related - but not informative,2012 Colorado wildfires,0,Not informative
218197873660133376,"Simone Covey, Waldo Canyon Fire Evacuee, Settles In At A Colorado Shelter (PHOTOS): COLORADO SPRINGS... http://t.co/UjsDUWiG #yavaughnie",Related and informative,2012 Colorado wildfires,1,Informative
218199391998181376,"RT @tannerdsilva: Colorado Springs, my hometown: http://t.co/NLPun3v0",Not related,2012 Colorado wildfires,0,Not informative
218204722992123905,terrible forest fires in colorado springs. lived there for a couple of months in the 90s. beautiful hills http://t.co/cmUgoHZo,Related - but not informative,2012 Colorado wildfires,0,Not informative
218213421953466369,"#newbedon 6/28/2012 9:25:11 AM Colorado fire near Pike's Peak forces 11,000 from homes http://t.co/dqS5QPpB",Related and informative,2012 Colorado wildfires,1,Informative
218219839263752192,my prayers go out to the families effected by the Colorado fire. #besafe &lt;3,Related - but not informative,2012 Colorado wildfires,0,Not informative
218222406144229376,"#newbedon 6/28/2012 10:00:53 AM Colorado fire near Pikes Peak forces 11,000 from homes http://t.co/GXRZSO9G",Related and informative,2012 Colorado wildfires,1,Informative
218222959792365568,"Furious Wildfire in Colorado Leaves Destruction in Its Wake: Thousands have been forced to flee the flames, whic... http://t.co/hocCu04V",Related and informative,2012 Colorado wildfires,1,Informative
218229725229887488,@KleinErin seems there are heaps of plane issues!!mines been delayed a few hours and I've heard there are fires in Colorado causing havock,Related and informative,2012 Colorado wildfires,1,Informative
218238470332751873,RT @HuffingtonPost: LOOK: Colorado's multiple wildfires as seen from space http://t.co/I5sZdCx4,Related and informative,2012 Colorado wildfires,1,Informative
218242584949161984,FOLLOW AND RETWEET FOR RAIN FOR FRONT RANGE COLORADO AND THE SPRINGS PLEASE - GOD BLESS AND THANKS! -... http://t.co/xMn5BcUz,Related - but not informative,2012 Colorado wildfires,0,Not informative
218249371333046272,Had a grt day I won an admin contest on fb my poor kitten is feeling a lil bit better And it rained Colorado needs tht With all the fires:/,Not related,2012 Colorado wildfires,0,Not informative
218260251366014976,Furious Wildfire in Colorado Leaves Destruction in Its Wake http://t.co/nnQTp4yN,Related and informative,2012 Colorado wildfires,1,Informative
218274184852283392,RT @Reuters: Monster Colorado wildfire rages; Obama plans visit http://t.co/bS228zDk,Related and informative,2012 Colorado wildfires,1,Informative
218288613266427904,"RT @WhitleyStrieber: In the next 24 hours, the Colorado fires either become a historic catastrophe or not. However you help others in yo ...",Related and informative,2012 Colorado wildfires,1,Informative
218309005955710976,"Im praying for my homie up in Colorado, Springs.. Hella wildfires up there.",Related - but not informative,2012 Colorado wildfires,0,Not informative
218312608854441984,Christians respond as Colorado wildfires spread: The Billy Graham Rapid Response Team is in Colorado and New Mex... http://t.co/G3OU6rjn,Related and informative,2012 Colorado wildfires,1,Informative
218315012186456065,"thinking of all the folks in Colorado.... us BC'ers know all bout fires, my sympathies, hell of a fire.",Related - but not informative,2012 Colorado wildfires,0,Not informative
218318321509085185,"Federal firefighters go uninsured: As brutal wildfires spread in Colorado, federal fighters, along with state an... http://t.co/30lgBNsp",Related and informative,2012 Colorado wildfires,1,Informative
218322582909366272,"Wildfires Blaze in Colorado, Threaten US Air Force Academy:  http://t.co/KbgnFnSJ",Related and informative,2012 Colorado wildfires,1,Informative
218324663309320193,Colorado Springs Fire Consuming Homes Forces 34500 to Flee - San Francisco Chronicle: NDTVColorado Springs Fire ... http://t.co/Tna3jqjW,Related and informative,2012 Colorado wildfires,1,Informative
218329868402835456,Doing a few rain dances for #Colorado!,Related and informative,2012 Colorado wildfires,1,Informative
218333156737159169,F.B.I to investigate Colorado wildfires http://t.co/tygVJSgQ #tcot #waldocanyonfire,Related and informative,2012 Colorado wildfires,1,Informative
218333999830020096,To all the Emergency crews in Colorado Springs. Be Brave and Godspeed! It is hell there right now. #firebrea http://t.co/NIZgjHmQ,Related - but not informative,2012 Colorado wildfires,0,Not informative
218334503146496000,"RT @EPAgov: Smoke from #wildfire can harm #airquality, worsen breathing problems, even miles away. Check your air quality: http://t.co/T ...",Related and informative,2012 Colorado wildfires,1,Informative
218334708638031872,Where can I donate to wildfire relief in Colorado?,Related - but not informative,2012 Colorado wildfires,0,Not informative
218337309123280898,"RT @CitizenRadio: THE BIG ANNOUNCEMENT, #Colorado is on fire, Louis C.K. scares the crap out of suits everywhere http://t.co/7cfIxKJ6 #C ...",Related - but not informative,2012 Colorado wildfires,0,Not informative
218345915830910980,#WaldoCanyonFire: No new evacuations for Colorado Springs &amp; no changes to previous mandatory evacuations. Streaming: http://t.co/V1p90HKu,Related and informative,2012 Colorado wildfires,1,Informative
218346582742024193,RT @brentonillum: Heading to Colorado Springs for a few days. I hope it's not as bad as it looks!,Not related,2012 Colorado wildfires,0,Not informative
218347111199158272,RT @OneRepublic: Colorado Springs wildfire.  God preserve us http://t.co/IjDBYj7I,Related - but not informative,2012 Colorado wildfires,0,Not informative
218347685835587585,300 homes feared destroyed in Colorado Springs fire - http://t.co/4MZ1cgzn: ABC News300 homes feared destroyed in... http://t.co/kaV5xQbq,Related and informative,2012 Colorado wildfires,1,Informative
218347958461145088,Colorado Fires: Waldo Canyon Wildfire Spreads http://t.co/yfCEtdfb,Related and informative,2012 Colorado wildfires,1,Informative
218349904605614081,News Update Furious Wildfire in Colorado Leaves Destruction in Its Wake http://t.co/DRx8CebW,Related and informative,2012 Colorado wildfires,1,Informative
218356099588440065,RT @PostCrescent: Hundreds of homes destroyed in raging Colorado wildfire. http://t.co/fIjpUehF,Related and informative,2012 Colorado wildfires,1,Informative
218356154126966785,"Furious Wildfire in Colorado Leaves Destruction in Its Wake: Thousands have been forced to flee the flames, whic... http://t.co/wenqUegX",Related and informative,2012 Colorado wildfires,1,Informative
218356191854731264,Hundreds of Homes Destroyed in Colorado Fire: Colorado Springs officials say hundreds of homes have been destroy... http://t.co/4i74yc0X,Related and informative,2012 Colorado wildfires,1,Informative
218357819269849088,We are sending our positive thoughts to all who are affected by the fires in our beloved home state of Colorado.,Related - but not informative,2012 Colorado wildfires,0,Not informative
218359425700864001,says http://t.co/A4QhaGRO Hundreds of homes destroyed in Colorado Springs fire http://t.co/JJeDJHBq,Related and informative,2012 Colorado wildfires,1,Informative
218359509578559488,"Compliance Manager Full Time with Great Salary and Benefits (Colorado Springs, CO) http://t.co/ypNx0tVE #job",Not related,2012 Colorado wildfires,0,Not informative
218359933194874880,The fire has offically reach the city of Colorado Springs. Please be praying. http://t.co/HoShmND3,Related - but not informative,2012 Colorado wildfires,0,Not informative
218360474243305472,"Östgöte som befinner sig nära eldhärjningarna i Colorado sökes för intervju i Folkbladet, Norrköping. RT uppskattas. #colorado",Not applicable,2012 Colorado wildfires,0,Not informative
218362982470651905,RT @DeLanaHarvick: oh my gosh! prayers 4 all RT @cowboycerrone: This crazy fire at my moms house in Colorado Springs! She had to evacuat ...,Related - but not informative,2012 Colorado wildfires,0,Not informative
218364425298649088,I might be able to see the Colorado wildfires from my plane.. That would be sweet,Related - but not informative,2012 Colorado wildfires,0,Not informative
218368254681427968,Thousands take refuge from Colorado wildfires http://t.co/5aTYycCh,Related and informative,2012 Colorado wildfires,1,Informative
218375628297207809,#TopStories Colorado Wildfire Destroys Hundreds of Homes via ABC News http://t.co/XAG15ccM,Related and informative,2012 Colorado wildfires,1,Informative
218376852996243457,Thoughts and prayers with all those dealing with fires in Colorado.,Related - but not informative,2012 Colorado wildfires,0,Not informative
218377004024733698,"RT @freddoso: A lot has happened since Obama last called Colorado's governor about the fires. 18 Obama fundraisers, for example http://t ...",Related and informative,2012 Colorado wildfires,1,Informative
218380841804505090,#BBC - Homes destroyed in Colorado fire http://t.co/PGChQTJp,Related and informative,2012 Colorado wildfires,1,Informative
218380942467792896,RT @Colorado: Custom tees - 100% of proceeds benefit Colorado wildfire victims: http://t.co/4Ou4TqFY #COFires,Related - but not informative,2012 Colorado wildfires,0,Not informative
218381542236495874,Wildfire continues to threaten Colorado Springs neighborhoods and ministries http://t.co/I5U923YH,Related and informative,2012 Colorado wildfires,1,Informative
218385078051549184,"RT @andrewisliving: In case my friends in other areas of the country haven't heard, this fire in Colorado Springs is a disaster. Houses  ...",Related and informative,2012 Colorado wildfires,1,Informative
218387913375883264,its a shame Colorado couldn't have all this rain :( #wildfires,Related - but not informative,2012 Colorado wildfires,0,Not informative
218388399948693504,Praying for everyone in Colorado affected by the fire to keep safe!,Related - but not informative,2012 Colorado wildfires,0,Not informative
218391134605545472,"Pic: #CoFire: Helicopter drops water on #WaldoCanyonFire #Wildfire USAF Academy Colorado Springs, Colo. http://t.co/P35Qb1C5",Related and informative,2012 Colorado wildfires,1,Informative
218391159788158978,100% of profits from these awesome tees benefit CO Red Cross &amp; Care and Share Food Bank: http://t.co/3v6tw16d - help victims of CO #Wildfire,Related and informative,2012 Colorado wildfires,1,Informative
218396801127022592,Colorado wildfire: Flying W Ranch in Colorado Springs destroyed by fire will be rebuilt http://t.co/toDksnyQ via @denverpost,Related and informative,2012 Colorado wildfires,1,Informative
218396851462873089,RT @GabeLandeskog92: My thoughts go out to everyone affected by the fires in Colorado. Let's get #PrayForColorado trending.,Related - but not informative,2012 Colorado wildfires,0,Not informative
218398810215419904,Greeley #Colorado #Tonight In-store @ Blacklist Skateshop #MusicIsMyWeapon T's 6pm &amp; show @ Sky Night Club 9pm,Not related,2012 Colorado wildfires,0,Not informative
218406703857811457,Top hotel deals online for hotels in Las Vegas Palms Springs Anaheim CA Sedona AZ Steamboat Springs Colorado CO http://t.co/3oi4KPAn,Not related,2012 Colorado wildfires,0,Not informative
218411049194491904,Met a woman today who escaped her town in Boulder because of the fires...her house is completely destroyed. #humbled #prayingtime,Related - but not informative,2012 Colorado wildfires,0,Not informative
218412059992395777,"Meanwhile, all of Colorado is on fire and the Rocky's received 2 percent of its usual snowfall. But climate change is a myth.",Related - but not informative,2012 Colorado wildfires,0,Not informative
218412433306435585,RT @YMontepara: Colorado wildfires wreck homes but officials hope for break in weather http://t.co/yquK0iyv,Related and informative,2012 Colorado wildfires,1,Informative
218412684947890179,RT @SalArmyEDS: Help #SalvationArmy assist disaster survivors - T.S. #Debby http://t.co/A7olsEBO &amp; Colorado #wildfires http://t.co/O ...,Related and informative,2012 Colorado wildfires,1,Informative
218419551019339776,My thoughts &amp; prayers are with the flood victims in Florida &amp; the south &amp; Colorado victims of the horrible fires! Extremely sad situations!,Related - but not informative,2012 Colorado wildfires,0,Not informative
218421631423496192,RT @ksbw: Hundreds of homes destroyed in raging Colorado fire: Colorado Springs officials said Thursday that hundreds of homes... http:/ ...,Related and informative,2012 Colorado wildfires,1,Informative
218422415728975872,Denver Post Should Receive Pulitizer Prize for its Coverage of Colorado Fires:  http://t.co/H0fhdWsm,Related - but not informative,2012 Colorado wildfires,0,Not informative
218425712477085696,RT @nprnews: Good News: 'Great Progress' Reported In Fighting Colorado Springs Fire http://t.co/NBThSLEo,Related and informative,2012 Colorado wildfires,1,Informative
218429189534126080,Hundreds of homes destroyed in Colorado Springs fire: http://t.co/WYg7OQYg via @msnbc...they need HELP!!!,Related and informative,2012 Colorado wildfires,1,Informative
218429554451169280,We send this prayer to all those affected by the #Colorado fires.  http://t.co/8ACmq4Ti,Related - but not informative,2012 Colorado wildfires,0,Not informative
218434323362222081,@TaycoEast Please RT! Help My Friends in CO .Great way to help support Colorado Fire ... http://t.co/3PtCieHl thanks!  @WilliamFederico,Related - but not informative,2012 Colorado wildfires,0,Not informative
218437984981233666,Fire and rain tests superintendents: By the time the Colorado wildfire practically arrived a... http://t.co/Sp4ttbE7 (via @GCM_Magazine),Related and informative,2012 Colorado wildfires,1,Informative
218440061157511169,Our joint venture Western Lands &amp; Communities @sonoraninst has produced guide to managing the impacts of #wildfire  http://t.co/lSik8sEr,Related and informative,2012 Colorado wildfires,1,Informative
218447401227259904,"RT @David_C_Cook: Pray for Colorado: Join with us in praying for the Colorado fires, all day and night - http://t.co/q6BdMkLw",Related - but not informative,2012 Colorado wildfires,0,Not informative
218453088678330369,RT @drewmandl: scary photo of the colorado springs fire- not sure who took it but wow... @reedtimmerTVN http://t.co/GmA2eTrA,Related - but not informative,2012 Colorado wildfires,0,Not informative
218453592019968001,RT @StaceyDales: @CentnerMatt: @StaceyDales 108 here in Pueblo Colorado this week! Plus a huge fire in Colorado Springs! #needrainbads ...,Related and informative,2012 Colorado wildfires,1,Informative
218453784932786176,#news #update Raging Colorado wildfire prompts FBI investigation - uReport: Colorado wildfire:  http://t.co/rWwHeQGN #follow,Related and informative,2012 Colorado wildfires,1,Informative
218456343479193601,RT @9NEWS: Evacuations lifted in Flagstaff Fire near Boulder  #9NEWSHeadlines,Related and informative,2012 Colorado wildfires,1,Informative
218459178795151360,RT @YahooForGood: How you can help: Donate here to help victims of the Colorado wildfires http://t.co/NlW3S9mU @YahooNews #donate #help  ...,Related and informative,2012 Colorado wildfires,1,Informative
218460843942215680,Parker Fireworks cancelled due to high fire danger http://t.co/aAYrKiVE #Parker #CO #Colorado #Parker,Related - but not informative,2012 Colorado wildfires,0,Not informative
218461229839167489,PR Newswire Waives Distribution Fees for Colorado Fire Related News Releases http://t.co/InRyrlyC,Related - but not informative,2012 Colorado wildfires,0,Not informative
218464224551251968,Colorado wildfire destroys hundreds of homes: Colorado Springs officials said Thursday that hundreds of homes ha... http://t.co/tlNvXX9M,Related and informative,2012 Colorado wildfires,1,Informative
218465902277038081,Surging Colorado wildfires forcing tens of thousands to flee  http://t.co/npn75MiV,Related and informative,2012 Colorado wildfires,1,Informative
218466426552459264,Pray for Colorado Springs.,Related - but not informative,2012 Colorado wildfires,0,Not informative
218468112683634688,Interesting... Colorado wildfire destroys hundreds of homes http://t.co/AqEudj0h,Related and informative,2012 Colorado wildfires,1,Informative
218469991736033280,the #wildfires in Colorado are out of control! They are across the highway from my friend's apartment... http://t.co/SatCmqxS,Related and informative,2012 Colorado wildfires,1,Informative
218471812059766784,Vandenberg sends Hot Shots to Colorado wildfire front lines http://t.co/C9JPGL65,Related and informative,2012 Colorado wildfires,1,Informative
218473242309038081,"RT @cnnbrk: At least 346 homes on 34 streets in Colorado Springs, Colorado, have been destroyed by the Waldo Canyon #wildfire. http://t. ...",Related and informative,2012 Colorado wildfires,1,Informative
218476044112498688,These colorado wildfires are no joke,Related - but not informative,2012 Colorado wildfires,0,Not informative
218478787178926081,RT @exposeliberals: RT @CBSTopNews: Wildfire most destructive in Colorado history http://t.co/14ccw5jv,Related and informative,2012 Colorado wildfires,1,Informative
218482083927040000,"RT @GilComMedia: Amid historic wildfires, Twitter becomes go-to news source -  @GroundFloorPR http://t.co/5gNmfjOy #flagstafffire",Related and informative,2012 Colorado wildfires,1,Informative
218484596298350592,Mayor: Colorado Springs Fire Destroys 346 Homes: Mayor: Colorado Springs fire destroys 346 homes,Related and informative,2012 Colorado wildfires,1,Informative
218489566552801280,'Monster' Colorado wildfire rages; Obama plans visit...: 'Monster' Colorado wildfire rages; Obama plans visit...... http://t.co/FqyrIoDw,Related and informative,2012 Colorado wildfires,1,Informative
218490111803924480,"RT @seanhfitz: So, the fires in Colorado are God's wrath for what this time?",Related - but not informative,2012 Colorado wildfires,0,Not informative
218501633548632065,RT @denverpost: ALERT: Some #WaldoCanyonFire evacuees allowed to return home beginning at 8 p.m. tonight: http://t.co/HKCf3fbF #cofire,Related and informative,2012 Colorado wildfires,1,Informative
218502157836632064,Colorado wildfire most destructive in state history - uReport: Colorado wildfire http://t.co/cOR96Joi,Related and informative,2012 Colorado wildfires,1,Informative
218503579705675776,#GreenTweets: Colorado wildfires explained  low snowpack leads to blazing summer http://t.co/WedV5AX9,Related and informative,2012 Colorado wildfires,1,Informative
218504187879755778,RT @wildfiretoday: I-70 is now CLOSED from exit 49 to exit 62. Alternate route is the Debeque Cutoff to Hwy 65 #COfire #pineridgefire #gjco,Related and informative,2012 Colorado wildfires,1,Informative
218508973589008386,#team #Colorado #dinner CINZZETTIS❤ http://t.co/3ZvXe8Fm,Not related,2012 Colorado wildfires,0,Not informative
218515667710771201,"Colorado Springs fire destroys 346 homes, mayor says - Fox News http://t.co/0pfzZg5K #TFB @Kaijzer",Related and informative,2012 Colorado wildfires,1,Informative
218518087832571906,"Colorado Springs fire ranks as state's most destructive on record: COLORADO SPRINGS, Colo. (Reuters) - A fierce ... http://t.co/e8SqRc6b",Related and informative,2012 Colorado wildfires,1,Informative
218523523629584385,Mayor: #Colorado fire destroys estimated 346 homes; most destructive in state history http://t.co/sCMthmA2 #wildfire,Related and informative,2012 Colorado wildfires,1,Informative
218524358291881984,RT @CopelandSP: Next major deal in #socialmedia will be #Facebook acquisition of #Wildfire Helps stabilise their shareprice but stokes M ...,Not related,2012 Colorado wildfires,0,Not informative
218530297447329792,Colorado wildfire: Winds at Waldo Canyon Fire concern officials - San Jose Mercury News http://t.co/SJrrBP8B,Related and informative,2012 Colorado wildfires,1,Informative
218536786035621890,RT @Petsupdate1: Colorado Springs community welcomes evacuee pets - http://t.co/H3PUYZSL powered by KVII http://t.co/A0BsWJzp,Related and informative,2012 Colorado wildfires,1,Informative
218545929605758976,"RT @CNN: Nearly 350 homes destroyed in Colorado Springs, officials say: http://t.co/9pboaaBm",Related and informative,2012 Colorado wildfires,1,Informative
218564439077699584,Colorado Springs; may God show u blessings in this tragic time. Alberta lost much of a town last year to fire &amp; our hearts go out to u all.,Related - but not informative,2012 Colorado wildfires,0,Not informative
218574417305944065,Raging wildfire most destructive in Colorado's history - CBS News http://t.co/CoaxNKUP,Related and informative,2012 Colorado wildfires,1,Informative
218577936326991872,Mayor: Colorado Springs Fire Destroys 346 Homes - Washington Post http://t.co/4F0xQrbB #FireNews,Related and informative,2012 Colorado wildfires,1,Informative
218584676581912576,"Colorado fire claims first victim, ranks as state's most destructive: A fierce wildfire that forced the evacuati... http://t.co/YuCmY79u",Related and informative,2012 Colorado wildfires,1,Informative
218585477706551296,RT @JustCindeh: HAHAHAHAHAHA!!!!!!! RT @word_34  Michelle Malkin's mouth is foaming so bad she could almost put out the Colorado wildfires.,Related - but not informative,2012 Colorado wildfires,0,Not informative
218603748078002177,"Colorado fire claims first victim, ranks as state's most destructive: COLORADO SPRINGS, Colo. (Reuters) - A fier... http://t.co/EHtjYSII",Related and informative,2012 Colorado wildfires,1,Informative
218606675693797379,RT @geoffstults: This is the Waldo Canyon fire in Colorado Springs and surrounding areas. Where my family lives. It's insane. http://t.c ...,Related - but not informative,2012 Colorado wildfires,0,Not informative
218608097592213506,"New Job Vacancy: Customer Care Specialist - Corporate Field Resolutions at DISH Network in Colorado, US http://t.co/NVyOpUfU #Colorado #job",Not related,2012 Colorado wildfires,0,Not informative
218612216394551298,1 dead as Colorado fire destroys over 300 homes- uReport: Colorado wildfire http://t.co/cLsbGwpe #IHateTimWaterman,Related and informative,2012 Colorado wildfires,1,Informative
218621913617014784,"Plz Flw @RedneckRag: Colorado fire claims first #victim, ranks as state's most... http://t.co/Sks0LSr6  #ColoradoSprings #firstvictim",Related and informative,2012 Colorado wildfires,1,Informative
218634593006403584,Basketballers VS moeten Wade missen op Spelen: COLORADO SPRINGS - De Amerikaanse basketbalster Dwyane Wade moet ... http://t.co/pwVUj8Q2,Not related,2012 Colorado wildfires,0,Not informative
218656172704669696,http://t.co/0oQDYRTS Colorado wildfires - state of emergency declared http://t.co/jV326odF,Related and informative,2012 Colorado wildfires,1,Informative
218658777333903360,[VIDEO] Beelden van het ontstaan van de Waldo Canyon Fire in Colorado USA http://t.co/GIjgX39b #actueel #nieuws,Not applicable,2012 Colorado wildfires,0,Not informative
218659679126028288,【News】 Colorado wildfires: President Obama declares disaster - BBC News http://t.co/wHrWzuYW,Related and informative,2012 Colorado wildfires,1,Informative
218672375288438784,Incêndio segue no Colorado; Obama vai declarar área de desastre: O incêndio em Colorado Springs... http://t.co/FPXohHTX Via @egomezislas,Not applicable,2012 Colorado wildfires,0,Not informative
218675999179673600,Incredible Pictures Of The Colorado Wildfire http://t.co/rWtskJUA,Related and informative,2012 Colorado wildfires,1,Informative
218676406006185985,"Oh Wow! Remembering when I use to live in Colorado Springs, glad I didn't experience anything like these fires!",Related - but not informative,2012 Colorado wildfires,0,Not informative
218686430405345283,RT @HuffingtonPost: Photo gallery of the multiple devastating wildfires burning across Colorado http://t.co/jmHSL2zU,Related and informative,2012 Colorado wildfires,1,Informative
218686619153203200,346 homes lost due to Waldo Canyon fire in Colorado Springs. 1 body was found in the remains of a destroyed home.,Related and informative,2012 Colorado wildfires,1,Informative
218689043435761664,#Wildfire @ABC: Record Colorado Wildfire to Be Probed as Possible Arson http://t.co/Ubmirdmq,Related and informative,2012 Colorado wildfires,1,Informative
218692809920749572,Colorado Fire Relief benefit concerts at Red Rocks to help wildfire victims  Auctions start NOW 7 a.m. - 10 a.m. http://t.co/1268fmdz,Related and informative,2012 Colorado wildfires,1,Informative
218696991671201793,Raging US wildfire continues to ravage Colorado | List Submission: http://t.co/IDOB0W7E,Related and informative,2012 Colorado wildfires,1,Informative
218705048916598787,346 homes destroyed in Colorado and 1 person found dead..my thoughts and prays are with the people of Colorado Springs during this time!!!,Related and informative,2012 Colorado wildfires,1,Informative
218706546270543872,"RT @SpeakerBoehner: Thoughts &amp; prayers are with the victims of the Colorado wildfires, &amp; with the brave fire crews working day & ...",Related - but not informative,2012 Colorado wildfires,0,Not informative
218706659546107906,RT @mashable: Colorado Wildfires Seen From Space [VIDEO] http://t.co/tXxvmdMP via @spacedotcom,Not related,2012 Colorado wildfires,0,Not informative
218715543044231169,RT @kariontour: Prayers going out too all the people in Colorado and the other states dealing with these deadly fires.,Related - but not informative,2012 Colorado wildfires,0,Not informative
218717547950907394,[LIVESTREAM] Waldo Caynon Fire Colorado USA http://t.co/tVI7rVLr http://t.co/sFBY5Ka1,Related and informative,2012 Colorado wildfires,1,Informative
218718936269717504,"Send #LOVE, LIGHT &amp; Healing energies to those in #Colorado who have lost their homes.  Donate http://t.co/9504H4jb",Related - but not informative,2012 Colorado wildfires,0,Not informative
218722480452403200,RT @RickCODem: PresObama declares disaster in Colorado fires:orders aid to supplement recovery. #HighParkFire #waldencanyonfire http://t ...,Related and informative,2012 Colorado wildfires,1,Informative
218729627529658368,Colorado Wildfires: Online Community Steps Up http://t.co/UF24e1k1,Related and informative,2012 Colorado wildfires,1,Informative
218729979838595072,Help Colorado Springs Military Communities Threatened by Fires - http://t.co/Tnse6dJD,Related and informative,2012 Colorado wildfires,1,Informative
218734241255665664,Current Colorado Fires Map from Colorado Division of Emergency http://t.co/UNCVe9iJ #COLORADOFIRE #COLORADOFIRES,Related and informative,2012 Colorado wildfires,1,Informative
218736820752629760,How to Track Colorado's Waldo Canyon 'Super Fire' (and Others) | http://t.co/u0WCva6e via @Techland #technology #maps #gis #esri #google #li,Not related,2012 Colorado wildfires,0,Not informative
218745029013938177,"Colorado wildfires: Human remains found, containment grows http://t.co/oOVh232a",Related and informative,2012 Colorado wildfires,1,Informative
218746408944156672,Sky News - Colorado Wildfires: Blaze Claims First Life http://t.co/VQSsVPnw,Related and informative,2012 Colorado wildfires,1,Informative
218749084922683392,Boise Firefighters Battling Colorado Wildfires: Members of the Boise Fire Department are on... http://t.co/iVwuVxRT #News #US #Idaho #ID,Related and informative,2012 Colorado wildfires,1,Informative
218753031771127808,RT @DenvNuggetsnews: LIVE VIDEO: Waldo Canyon Fire in Colorado Springs - http://t.co/dvma9Ep1 http://t.co/mAJlX0bg,Related and informative,2012 Colorado wildfires,1,Informative
218755124695277568,Colorado Wildfires - Disaster Declaration By US: http://t.co/7tNVZZBc,Related and informative,2012 Colorado wildfires,1,Informative
218755204420608001,Fire season has officially started - is your landscape #wildfire safe? http://t.co/NmBHf1Gn,Not related,2012 Colorado wildfires,0,Not informative
218755783205208065,RT @coloradodaily: Pretty amazing time-lapse video of the #FlagstaffFire here: http://t.co/9YuIxP0S,Related and informative,2012 Colorado wildfires,1,Informative
218756206850879488,"RT @cnnireport: CO #wildfire changing the landscape, and the people. Everyone is almost in complete limbo, one iReporter says. http:// ...",Related and informative,2012 Colorado wildfires,1,Informative
218765123941175296,Of course it did. RT @drgrist: My new post: Did climate change ’cause’ the Colorado wildfires? http://t.co/NxOzjv87,Related - but not informative,2012 Colorado wildfires,0,Not informative
218771029512822784,Conservatives Blame Obama For Colorado Wildfires | TPMMuckraker http://t.co/rSyns9Tn,Related and informative,2012 Colorado wildfires,1,Informative
218772107444764672,Obama flew over Colorado Springs.  Apparently his defense cuts is making the fires difficult to put out.  Pray for the people affected.,Related and informative,2012 Colorado wildfires,1,Informative
218781024526671872,"#Colorado The Fort Collins Art Museum, an art piece in and of itself. #YourFortCollins http://t.co/fQxA8ACS http://t.co/s0HQNv97",Not related,2012 Colorado wildfires,0,Not informative
218781620143009792,X Games athletes affected by Colorado fires | Action Sports Portal: X Games competition is intense enough on its... http://t.co/pwiTP5TK,Related and informative,2012 Colorado wildfires,1,Informative
218786162540675072,RT @taytayphil: Man these fires are just heartbreaking. Save beautiful Colorado and beautiful people.,Related - but not informative,2012 Colorado wildfires,0,Not informative
218786619740790784,Obama in Colorado to tour state’s worst-ever wildfire – Chicago Tribune: CBC.ca Obama in Colorado to tour state'... http://t.co/Wewq0dNO,Related and informative,2012 Colorado wildfires,1,Informative
218787446001897472,All of  #CT haze today  is from the colorado wildfires,Related and informative,2012 Colorado wildfires,1,Informative
218790180721659904,"SHHHHH! He's gonna teach RT “@SamValley: Oh, God, demagogue Obama speaking about the Colorado wildfires.”",Related - but not informative,2012 Colorado wildfires,0,Not informative
218790184899186688,RT @BashirLive: President Obama speaking from Colorado wildfires... LIVE @msnbctv,Related and informative,2012 Colorado wildfires,1,Informative
218791262847893505,"RT @Buzzoot: In solidarity with our brothers and sisters in Colorado, let's hope and pray for a quick end to the fires #PrayForRainInCo  ...",Related - but not informative,2012 Colorado wildfires,0,Not informative
218797390717657090,The Creatures are doing a 24hr charity stream for victims of the Colorado fires(Red Cross &amp; Firefighters) http://t.co/8RolhZf4,Related and informative,2012 Colorado wildfires,1,Informative
218801832464613376,RT @BoulderOEM: Updated with correct link: The heavy smoke visible in the Boulder Valley and foothills is NOT from local fires. http://t ...,Related and informative,2012 Colorado wildfires,1,Informative
218804101591482368,@IIJERiiCHOII The creatures are doing a 24 hour livestream to raise money for the Colorado wildfires. RT's appreciated! http://t.co/HcpVlJaV,Related and informative,2012 Colorado wildfires,1,Informative
218805154361782272,Front page shocker: A Colorado family learns - in a shocking way - that their home has been lost to fire. CNN's ... http://t.co/e9gMqlpu,Related and informative,2012 Colorado wildfires,1,Informative
218805229846659073,RT @PadsCast: The fires are in Colorado Springs but there is a haze in the sky in Denver and you can smell the smoke because of the high ...,Related and informative,2012 Colorado wildfires,1,Informative
218810036531638272,RT @ProFootballTalk: Broncos DE touched by Colorado wildfire tragedy http://t.co/dIR1D5Bg,Related and informative,2012 Colorado wildfires,1,Informative
218810749550739456,@ChilledChaos If you have time could you do a shout-out for the Creatures charity stream for the Colorado Wildfires? http://t.co/18MIitkH,Related - but not informative,2012 Colorado wildfires,0,Not informative
218813480042631168,"Obama visits Colorado as fire turns deadly: Speaking in Colorado Springs, Colorado, after touring... http://t.co/GCDZt1wC #politics #cnn",Related and informative,2012 Colorado wildfires,1,Informative
218824448155987971,RT @Colorado: Please RT: Text the word FIRE to 80000 to donate $10 to the Colorado Fire Relief Fund 2012 @mgive,Related - but not informative,2012 Colorado wildfires,0,Not informative
218828663431503875,RT @akcdoglovers: AKC CAR donates to help displaced animals in the Colorado wildfires http://t.co/6xyBDyv9,Related and informative,2012 Colorado wildfires,1,Informative
218832379597426688,@RedCross These guys are raising money to donate to your efforts in the colorado wildfires. please retweet http://t.co/qj4klSrg,Related and informative,2012 Colorado wildfires,1,Informative
218835462415056896,Rain in Colorado!  https://t.co/wfGlxclH #pray for #Colorado,Not related,2012 Colorado wildfires,0,Not informative
218837052035313667,"Wildfires burn across Colorado, while new ones grow rapidly",Related and informative,2012 Colorado wildfires,1,Informative
218838981423542273,Faced with epic conditions and safety concerns related to the wildfires threatening Colorado Springs and nearby... http://t.co/MixIKiuU,Related and informative,2012 Colorado wildfires,1,Informative
218841888084606976,Firefighters search door-to-door for bodies in Colorado wildfire - Fox News: ABC NewsFirefighters search door-to... http://t.co/2LlQFUW5,Related and informative,2012 Colorado wildfires,1,Informative
218843171545812992,Flames Encroach on Colorado Springs: Some of our viewers in Colorado Springs sent us their pictures of the fire ... http://t.co/5PToqnLk,Related and informative,2012 Colorado wildfires,1,Informative
218845251903827968,"How Social Media Is Helping Colorado Wildfire Relief: More About: disaster relief, red cross, Social Media http://t.co/BTDZQjOG",Related and informative,2012 Colorado wildfires,1,Informative
218846111761313792,How Social Media Is Helping Colorado Wildfire Relief http://t.co/VNCtlrsP,Related and informative,2012 Colorado wildfires,1,Informative
218848087282683907,RT @feralbecky: Alley Cat Allies Offers Remote Assistance To Fire-affected Regions Of Colorado http://t.co/mBRponmU,Related and informative,2012 Colorado wildfires,1,Informative
218848426987765763,RT @stevebruskCNN: President Obama has landed back in Washington after the trip to the Colorado fires. The first family goes to Camp Dav ...,Related and informative,2012 Colorado wildfires,1,Informative
218851048427753472,"Colorado wildfire: Obama departs Colorado Springs, mayor reflects - The Denver Post http://t.co/9p9koo2J",Related and informative,2012 Colorado wildfires,1,Informative
218851237200789506,"RT @KevinMinott: How Social Media Is Helping Colorado Wildfire Relief: More About: disaster relief, red cross, Social Media http://t.co/ ...",Related and informative,2012 Colorado wildfires,1,Informative
218855649579253760,"Just because the fire is starting to get under control in Colorado, doesn't mean we need to stop thinking about those people.",Related - but not informative,2012 Colorado wildfires,0,Not informative
218865720107339777,Colorado springs Tuesday june 26  http://t.co/pFP3HcIF,Not related,2012 Colorado wildfires,0,Not informative
218872649101737986,Tragic :( RT @HuffingtonPost: A look at the multiple wildfires currently burning across Colorado http://t.co/wNFCM4I6,Related and informative,2012 Colorado wildfires,1,Informative
218887362745335808,RT @funkmasterflex: #IFWT (Photos) Prez Obama Is Not Afraid To Get Dirty: Visits Colorado To Help With Wildfire Crisis - http://t.co/Uds ...,Related and informative,2012 Colorado wildfires,1,Informative
218901203914981380,That cant be from here. That cant be what that believe in is the best shit of the year.  #wildfire #drake,Not related,2012 Colorado wildfires,0,Not informative
218905796694654976,RT @TheSmarmyBum: Need a T-shirt? 100% of the proceeds from these go to benefit Colorado wildfire victims http://t.co/37VnQcng,Related and informative,2012 Colorado wildfires,1,Informative
218910544625811457,Watching http://t.co/d8GR0UyX video: Climate change partly to blame for Colorado wildfires -   http://t.co/NbxVGBpC via @msnbc,Related and informative,2012 Colorado wildfires,1,Informative
218914340479307776,RT @kellycappadocio: Love being with my girls #colorado #loveyouall #summerfamily http://t.co/dw5yfJfJ,Not related,2012 Colorado wildfires,0,Not informative
218916924170567683,RT @PleasureEllis: Colorado Wildfires Seen From Space: Big Vid: A video released by NASA shows huge plumes of smoke billowing up in... h ...,Related and informative,2012 Colorado wildfires,1,Informative
218923198878720001,RT @Kstylis: @_Pinnkk i got a show tonight in colorado springs,Not related,2012 Colorado wildfires,0,Not informative
218936155071184896,"Police chief: One dead, one missing in Colorado fire - Washington Post http://t.co/AC1LSt1c #PoliceNews",Related and informative,2012 Colorado wildfires,1,Informative
218940932362473473,RT @nourbaby: Those Colorado wildfires look scary. Prayers to everyone near there,Related - but not informative,2012 Colorado wildfires,0,Not informative
218947265790881793,Cigna Offers Assistance to People Impacted by Colorado Wildfires - MarketWatch (press release) http://t.co/Ys0kE7ky,Related and informative,2012 Colorado wildfires,1,Informative
219343245833023489,More cities scaling back or eliminating fireworks displays: Wildfires raging in Colorado and recor... http://t.co/JJQap8Or #TopHeadlines,Related and informative,2012 Colorado wildfires,1,Informative
219343912702197762,President Obama's Weekly Address Recorded In Colorado Springs: President Obama used his weekly media message Sat... http://t.co/A9i01Nkj,Not related,2012 Colorado wildfires,0,Not informative
219345640784797696,#Colorado fire victim films her own evacuation http://t.co/zmqAf3WI,Related and informative,2012 Colorado wildfires,1,Informative
219398258311704576,RT @mashable: Mashable's @zoebfox takes a look at how social media is helping Colorado wildfire relief http://t.co/fmTc7pb3,Related and informative,2012 Colorado wildfires,1,Informative
219410585383747584,RT @MmaGeneration: UFC Heavyweight Shane Carwin on the Colorado Fires + Getting Back to the Octagon http://t.co/HJb2Peyn @ShaneCarwin,Related - but not informative,2012 Colorado wildfires,0,Not informative
219430416053059584,Ya'll better tie me to a chair when I get home. I might be packing up to move here forever. #colorado #beautiful,Not related,2012 Colorado wildfires,0,Not informative
219441031844859904,RT @InspiringMasses: Please share: how to help those affected by the Wild Fires in Colorado - http://t.co/mpFfm8gP,Related and informative,2012 Colorado wildfires,1,Informative
219449223295410179,Amazing time lapse footage of Colorado Springs fire. http://t.co/q6foZbmN,Related and informative,2012 Colorado wildfires,1,Informative
219453899935981568,Unbelievable community support in Colorado Springs! http://t.co/C8aR8zba,Related - but not informative,2012 Colorado wildfires,0,Not informative
219472099033624579,Visits home allowed in areas burned by Colorado fires: People who fled the most destructive fire in Colorado's h... http://t.co/y69U7V64,Related and informative,2012 Colorado wildfires,1,Informative
219493108319133697,"Thanks for the RTs @mayread3 Maria, appreciate your support. Needs ongoing. #HighParkFire #smday http://t.co/xeicWhRw",Related - but not informative,2012 Colorado wildfires,0,Not informative
219500741948223489,"RT @AdamKilgoreWP: I'll stop calling ballplayers heroes. Meet Mike Wittry, a Colorado Springs fire captain who saved homes as his burned ...",Related and informative,2012 Colorado wildfires,1,Informative
219500863570448384,RT @jr_briggs: Want to help victims of the Colorado Springs fire? My brother shares some ridiculously practical ways here:  http://t.co/ ...,Related and informative,2012 Colorado wildfires,1,Informative
219521000415576066,Think and Pray for Colorado Springs Residents- FIRE- it could happen anywhere-Be Prepared!,Related - but not informative,2012 Colorado wildfires,0,Not informative
219554735211032576,"Colorado tourism hoping to overcome effects of fires: Boulder's Chautauqua cottages and lodges, nestled in the... http://t.co/Qw8QaG2L",Related - but not informative,2012 Colorado wildfires,0,Not informative
219560493982031872,These fires out in Colorado are crazy.,Related - but not informative,2012 Colorado wildfires,0,Not informative
219599878513369088,RT @MGHuff: How to help those affected by #Wildfires in #Colorado http://t.co/W4IHiA27 #prayforcolorado #coloradofires #cofire,Related and informative,2012 Colorado wildfires,1,Informative
219622582280921088,RT @theinquisitr: Colorado Wildfires Coming Under Control After 'Unreal' Devastation - http://t.co/HbDOGh2S,Related and informative,2012 Colorado wildfires,1,Informative
219627929997557760,"RT @COEmergency: MT@COHealth:Still 3 Wildfire Smoke Health Advisories for Little Sand, Pine Ridge and Waldo Canyon #COfire . https://t.c ...",Related and informative,2012 Colorado wildfires,1,Informative
219634229846343680,6 hours till my plane leaves thank the lord #pleasegobyfast. #byebye #Colorado,Not related,2012 Colorado wildfires,0,Not informative
219635853058768898,Finally arrived! #colorado #roadtrip http://t.co/MK4beSUq,Not related,2012 Colorado wildfires,0,Not informative
219639246238121984,RT @HomefrontHugs: RT COLORADO ALERT: DO WE HAVE ANYONE who could help a heroic disabled veteran couple in Colorado Springs in need of p ...,Related and informative,2012 Colorado wildfires,1,Informative
219646271688937472,Perfect night In Steamboat #colorado #mountainair this trip couldn't have come at a better time. #happy #family,Not related,2012 Colorado wildfires,0,Not informative
219665561309822977,@NoradNorthcom &amp; @PeteAFB report that a C-130 helping with the Colorado wildfire effort crashed in South Dakota at about 6 pm MDT,Related and informative,2012 Colorado wildfires,1,Informative
219714798252859392,@LeleiTaha LMAO...Ahah lucky...we cant do any here because of the Fires going on..in colorado..,Related - but not informative,2012 Colorado wildfires,0,Not informative
219715251212529665,#CO Compliance &amp; Quality Assurance Cordinator http://t.co/1sIkJPz7 #Jobs In #Colorado,Not related,2012 Colorado wildfires,0,Not informative
219791411388760064,Colorado fire news: http://t.co/O0mWiM9Y via @msnbc,Related and informative,2012 Colorado wildfires,1,Informative
219797761590169601,nydailynews: Thugs rob homes evacuated during devastating Colorado wildfire http://t.co/dGlOsIGQ,Related and informative,2012 Colorado wildfires,1,Informative
219829717967179776,Residents tour neighborhoods most devastated by Colorado Springs wildfire - Washington Post... http://t.co/EdWPXMol http://pasta.annabag,Related and informative,2012 Colorado wildfires,1,Informative
219838517637939201,"RT @USNationalGuard: Air #NationalGuard firefighting C-130s shifted from Colorado to Wyoming, battle wildfires in South Dakota, Wyoming: ...",Related and informative,2012 Colorado wildfires,1,Informative
219883170185744386,In Focus - Colorado Wildfires: The Aftermath - The Atlantic http://t.co/R9ISUBcc,Related and informative,2012 Colorado wildfires,1,Informative
219891495895961601,“@michellemalkin: Groan. Janet Napolitano coming to Colorado Springs for Waldo Canyon Fire photo-op. http://t.co/XXcOWXsk”like they need her,Related and informative,2012 Colorado wildfires,1,Informative
219899657990578176,"RT @IntelHub: RETWEET! Evergreen Air B-747 Tanker Missing in Action, Not Fighting Colorado Fires: http://t.co/WmpAkGHh",Related and informative,2012 Colorado wildfires,1,Informative
219907316789673985,@chipmaclasco you're a better man than me. I hope Tim Thomas loses everything in the Colorado wild fires #ShouldveStayedInBoston,Related - but not informative,2012 Colorado wildfires,0,Not informative
219916615565836288,Bloomberg: Colorado Fire Death Trap: A Libertarian’s Dream  http://t.co/QgSyv46h,Related and informative,2012 Colorado wildfires,1,Informative
219923611652333568,RT @NashV_7: #Colorado 👍 @CaseyCopp http://t.co/8tiiyvmd,Not related,2012 Colorado wildfires,0,Not informative
219925415215628290,RT @michellemalkin: RT @johnhil10: @michellemalkin Blowing pretty strong here by #HighParkFire too praying for all..,Not related,2012 Colorado wildfires,0,Not informative
219934244217167872,RT @CSbestC: John Shields with Pro-Finish is a full service interior trim work and fine woodworking company Colorado Springs area : http ...,Not related,2012 Colorado wildfires,0,Not informative
219934923707006978,Cocktails and apps to benefit colorado wildfire relief at the laundry. @dawnhancock would be very proud!,Related and informative,2012 Colorado wildfires,1,Informative
219943928886067201,"RT @BigJoeBastardi: US modeling saying Colorado about to get  wildfire ending rains next  2 weeks. If right, worst of summer over there  ...",Related and informative,2012 Colorado wildfires,1,Informative
219944822260244480,"Colorado's banned fireworks due to all the fires. 😞 Save me some, Virginia.",Related and informative,2012 Colorado wildfires,1,Informative
219952653038391298,"RT @ReutersUS: Firefighters gain upper hand on Colorado wildfires, gird for long season http://t.co/PAlrvtdn",Related and informative,2012 Colorado wildfires,1,Informative
219954322342031360,RT @AC360: A team in #Colorado uses technology to predict movement of wildfires by studying weather. Details on AC360 now.,Related and informative,2012 Colorado wildfires,1,Informative
219976485052755969,colorado fire fighters can feel the love and support as crowds of people with signs and flags scream an shou http://t.co/Y17eOx7K,Related and informative,2012 Colorado wildfires,1,Informative
219984051598135296,BBC News - Home: Colorado fire efforts gain ground:                     BBC News - Home                        T... http://t.co/b2E1CmWy,Related and informative,2012 Colorado wildfires,1,Informative
219986400404185088,Security Clearance | Systems Management Service Operations Manager 1 - 2188 - NORTHROP GRUMMAN -... http://t.co/6kamsOtE #colorado #jobs,Not related,2012 Colorado wildfires,0,Not informative
220005597712629760,#waldocanyon NEVER FORGET! http://t.co/jm5XE8rB,Not related,2012 Colorado wildfires,0,Not informative
220021229879439360,With all that has happened to Colorado Springs in the past week Touch of Shade feels obligated too give back to... http://t.co/uJJuddfB,Related and informative,2012 Colorado wildfires,1,Informative
220025218700292097,❤💜❤💜❤💜❤💜 #summalovin #perfect #godisgood #lovethem #colorado  http://t.co/IGpByzoC,Not related,2012 Colorado wildfires,0,Not informative
220056382345449472,RT @TheAtlantic: The 'unreal' disaster caused by the Colorado wildfires. PHOTOS: http://t.co/1aBq84UY via @in_focus,Related and informative,2012 Colorado wildfires,1,Informative
220057380619173889,Me and @dizzyhippy in Colorado Springs son http://t.co/09sOd8L1,Not related,2012 Colorado wildfires,0,Not informative
220092520493879296,Whities looting Homes In Wake Of Colorado Fire http://t.co/IZIRnMhI via @HuffPostCrime,Related and informative,2012 Colorado wildfires,1,Informative
220110342074793984,Colorado Springs: ... http://t.co/V7CTZ5SZ,Not related,2012 Colorado wildfires,0,Not informative
220115392025202690,"#Colorado #Jobs Pay Telephonic Case Manager, RN - Kidney Resource Services at UnitedHealth Group (Denver, CO)  http://t.co/kKhogIkF",Not related,2012 Colorado wildfires,0,Not informative
220124820820602880,RT @BarbiWylde: RT @HuffingtonPost Colo.'s second largest fire in state history now 100 percent contained #HighParkFire http://t.co/3z6a ...,Related and informative,2012 Colorado wildfires,1,Informative
220127198990974976,Wildfires ravage Colorado | Photo Gallery - Yahoo! News http://t.co/BFW7HZbA via @YahooNews,Related and informative,2012 Colorado wildfires,1,Informative
220140926952153089,"Fatal crash of Air Force plane grounds key part of firefighting fleet amid ...: COLORADO SPRINGS, Colo. — Air Fo... http://t.co/GQM5unZG",Related and informative,2012 Colorado wildfires,1,Informative
220145259668189184,The view from my backyard never gets old! #colorado #lovethisplace #coloradoriver #mountains  http://t.co/1aIipKp8,Not related,2012 Colorado wildfires,0,Not informative
220155275674521602,#CrippleCreek #4thOfJuly in the Park event is on! http://t.co/q1MYZP4Q http://t.co/LAUMMihB #Colorado #celebrate,Not related,2012 Colorado wildfires,0,Not informative
220167141331181569,RT @RVRB: #WaldoCanyonFire benefit concert to feature the Fray’s Isaac Slade with the Colorado Springs Philharmonic: http://t.co/DwmB2uCF,Related and informative,2012 Colorado wildfires,1,Informative
220173692834037762,Colorado is open for business! #Colorado #tourist attractions reopen - http://t.co/aGISecsn http://t.co/y0jru01A,Not related,2012 Colorado wildfires,0,Not informative
220175529955954689,Military grounds C-130 firefighting planes after fatal South Dakota crash – @jimspellmancnn reports http://t.co/ziMQinJh #wildfire,Not related,2012 Colorado wildfires,0,Not informative
220191153755136001,"“It’s ugly,” he said.  #HighParkFire #WaldoCanyonFire #COfire http://t.co/GwYF5WV8",Related - but not informative,2012 Colorado wildfires,0,Not informative
220195855536365569,RT @michellemalkin: Napolitano to Colorado wildfire survivors: Everyone can help us with mitigation. Us?,Related and informative,2012 Colorado wildfires,1,Informative
220198623781203968,"@kirkaug Unfortunately, not happening anytime soon. Colorado Springs later this month, Probably SD in August. Oy.",Not related,2012 Colorado wildfires,0,Not informative
220204965573050369,"Great interview, @riaglo!!! How Social Media Is Helping Colorado Wildfire Relief  http://t.co/tisYlI56 via @mashable #COwx",Related and informative,2012 Colorado wildfires,1,Informative
220222619415351299,Made it to the top! 9 mile hike! #colorado http://t.co/EtBubWeM,Not related,2012 Colorado wildfires,0,Not informative
220226004210294784,"RT @proadstudio: Selfish, shortsighted #RWNJs want smaller government until a firestorm destroys their Colorado Springs home. #GOP #Assh ...",Related - but not informative,2012 Colorado wildfires,0,Not informative
220244903735738368,"Wed Night:Wednesday Night Mostly cloudy,Low around 66.Southwest wind 5 to 7 mph be safe &amp; smart #Utah #4thOfJuly #fireworks #Wildfire",Related and informative,2012 Colorado wildfires,1,Informative
220254902952267776,Live coverage of the Colorado Springs fires from the Denver Post via http://t.co/leEpgA8m - http://t.co/5hTsLgjd,Related and informative,2012 Colorado wildfires,1,Informative
220258552017719297,"@LetMeBeYourLove you'l be fine love . hopefully , you wont be in Colorado Springs cus they got that wild fire down there .",Related - but not informative,2012 Colorado wildfires,0,Not informative
220261316064051200,"Thx!! RT @usweightlifting: If you are in the Colorado Springs area on 7/18, this is something you don't want to miss. http://t.co/JVkjA15T",Not related,2012 Colorado wildfires,0,Not informative
220268853215772672,New wildfire above Alpine #wildfire #quailFire #Utah #alpine http://t.co/eIA6UOCs,Related and informative,2012 Colorado wildfires,1,Informative
220268953891647489,They are illegal in Colorado Springs! =) RT @KennyKingz: This is America..if we want to give our babies sparklers to play with we will,Not related,2012 Colorado wildfires,0,Not informative
220289656955211776,STORY: @RNC: #Colorado “important” but not a must-win for #Romney: http://t.co/GLDpM8H8 #COpolitics,Not related,2012 Colorado wildfires,0,Not informative
220299287106551808,RT @VaSarver: Yall complaining about no power and ac and the people in Colorado losing their HOMES and LIVES to fires. #bethankful,Related - but not informative,2012 Colorado wildfires,0,Not informative
220307872813285376,"Anti-Tax movement region of Colorado hit by fires, begs for federal help.  http://t.co/alGzcOr2",Related and informative,2012 Colorado wildfires,1,Informative
220313698709938176,RT @jessicahische: Help support Colorado wildfire victims AND get a rad t-shirt in the process http://t.co/RarD5eZG,Related and informative,2012 Colorado wildfires,1,Informative
220324259971604480,Why does Colorado have to have a fire right now! #sad,Related - but not informative,2012 Colorado wildfires,0,Not informative
220330253652987904,In Vail Colorado having a blast!!! Hope the wildfires don't spread to where I'm staying!!!:/,Related - but not informative,2012 Colorado wildfires,0,Not informative
220343121773461504,"Fire evacuation sparks panicked pet exodus - When evacuation orders came at 3 p.m. last Tuesday in Colorado Springs,... http://t.co/BgmVp92D",Related and informative,2012 Colorado wildfires,1,Informative
220343482462633986,One of the Colorado wildfires has burned an area greater than Seattle http://t.co/EJj5G2Vj via @KIRO7Seattle,Related and informative,2012 Colorado wildfires,1,Informative
220344946295717888,"RT @LivingSafely: Updates on Colorado's Clay Spring Fire as of July 3; beware of smoke, fire hazards: http://t.co/2vA3jAYG",Related and informative,2012 Colorado wildfires,1,Informative
220379058570133504,http://t.co/cT1I34nC Trinity Brewing owner on Colorado Springs fire and new beer releases,Related - but not informative,2012 Colorado wildfires,0,Not informative
220381977805733889,"@ChrisLambton13 - We love fireworks too, but due to fires there are NO fireworks in Colorado this year...so sad.",Related - but not informative,2012 Colorado wildfires,0,Not informative
220397328958361600,RT @Denver_Broncos: #Broncos FB @Chrisgronkowski poses with a firefighter in Colorado Springs http://t.co/9YYco2tO,Related - but not informative,2012 Colorado wildfires,0,Not informative
220512533885358082,RT @GameOfThrones: Happy #4thofJuly to all the #GOTFans in the realm. RT this if you'll be setting off #Wildfire today. SHARE: http://t. ...,Not related,2012 Colorado wildfires,0,Not informative
220524349235531777,Broncos players visit firefighters battling Colorado wildfire http://t.co/13oSncJW,Related - but not informative,2012 Colorado wildfires,0,Not informative
220540170171191297,RT @DCCOeXaminer Private use of fireworks banned throughout Colorado due to extreme fire danger: Gover... http://t.co/ShnyFkX1 #examiner,Related and informative,2012 Colorado wildfires,1,Informative
220549833851797504,e z money payday loans colorado springs http://t.co/pcjkb863,Not related,2012 Colorado wildfires,0,Not informative
220571547759415296,RT @ncorrao: Happy 4th of July! And use caution with your #Wildfire today ;] @GameOfThrones,Not related,2012 Colorado wildfires,0,Not informative
220578371896225792,Looks like there is nothing to do in Colorado since they canceled everything because of the fires!😱😡,Related - but not informative,2012 Colorado wildfires,0,Not informative
220583103037587458,RT @DenverChannel: The heavy smoke and haze you may be seeing is not from a new wildfire burning in Colorado. http://t.co/kMGhbBir,Related and informative,2012 Colorado wildfires,1,Informative
220587783893422080,"Please please RT. Help find Lucky Tiny Terrior Mix lost Colorado Springs, worried sick about her. . http://t.co/AVgMkqRi via @pinterest",Related - but not informative,2012 Colorado wildfires,0,Not informative
220588966703931392,RT @Taylormaatman: Would rather watch #Wildfire on the Hudson this #July4th than fireworks !! @GameOfThrones,Related - but not informative,2012 Colorado wildfires,0,Not informative
220600584921821185,RT @SkratchLabs: Check out @cofiresale and bid on a year supply of @SkratchLabs to help raise money for the Colorado Fires.  Please RT!,Related and informative,2012 Colorado wildfires,1,Informative
220621938102505475,RT @geekygoo: @GameofThrones I Love the Fourth of July! I can see the #wildfire across the street!,Not applicable,2012 Colorado wildfires,0,Not informative
220625431982915584,@Kajahh @cmpunk but I think they said they were going to have double raw and SD since SD was canceled in Colorado because of recent fires.,Related - but not informative,2012 Colorado wildfires,0,Not informative
220630830043762688,Colorado Springs is bobo for this.,Not related,2012 Colorado wildfires,0,Not informative
220631836676722688,"RT @joeynemati: @GameOfThrones The night is dark and full of terrors...oh wait, those are just fireworks. #melisandre #wildfire",Not related,2012 Colorado wildfires,0,Not informative
220632654549233664,RT @CarolHink: As we are thinking about fireworks today in #CA...I can't help but think about all the peeps dealing w/ the #COFire &gt;& ...,Related - but not informative,2012 Colorado wildfires,0,Not informative
220635431186870272,We've reached the point of our trip to Colorado that we should be able to see mountains but because of the wildfires all we see is a haze.,Related and informative,2012 Colorado wildfires,1,Informative
220663373652701184,"no fireworks no explosions no exceptions i want to cry,might as well said no fourth of July! #Colorado @TraejunJohnson_",Related - but not informative,2012 Colorado wildfires,0,Not informative
220685225959759873,"RT @fosterthefuture: @fosterthepeople fans helped us raise $15,830 for the Colorado Wildfire Relief Fund last night at Red Rocks. Speech ...",Related and informative,2012 Colorado wildfires,1,Informative
220695359394037760,"Colorado Springs is my town also, PLEASE if ya can help  http://t.co/nwxJJOTx help with your donations",Related - but not informative,2012 Colorado wildfires,0,Not informative
220705253790724097,It could be worse. I could be in Colorado where I can't have fireworks AND my neighborhood is on fire. #iwillstopwhiningnow,Related - but not informative,2012 Colorado wildfires,0,Not informative
220836082491719680,Colorado's most destructive fire nears containment [http://t.co/OoPH3BCu] http://t.co/Z1amfqB7,Related and informative,2012 Colorado wildfires,1,Informative
220858530406727681,Unreal Aerial Pictures Show The Utter Devastation Caused By Colorado Wildfires http://t.co/zgzEglpC via @businessinsider,Related and informative,2012 Colorado wildfires,1,Informative
220894374945497088,"Rain Gives Firefighters Edge On Waldo Canyon Fire In Colorado Springs, Full Containment Expected This Week [PHOT... http://t.co/I9Ijxd85",Related and informative,2012 Colorado wildfires,1,Informative
220903099093630976,"RT @fosterthepeople: “@fosterthefuture: fans helped us raise $15,830 for the Colorado Wildfire Relief Fund last night at Red Rocks. Spee ...",Related and informative,2012 Colorado wildfires,1,Informative
220909789000110080,RT @SkyDigg4: Headed to Colorado springs tom... @usabasketball,Not related,2012 Colorado wildfires,0,Not informative
220912582431748096,Colorado Springs Relief Update http://t.co/Ov2ZzbUn Thank you to everyone helping out in this difficult time.,Related - but not informative,2012 Colorado wildfires,0,Not informative
220923751842324480,Hey #Colorado! Our #childloss #awareness license plate is coming soon Subscribe to news for updates! http://t.co/1sMILr6P,Not related,2012 Colorado wildfires,0,Not informative
220932547314585600,Colorado Springs Business Journal  » Blog Archive   » Boulder scientist oversees Mars rover instrume http://t.co/0oftKRny,Not related,2012 Colorado wildfires,0,Not informative
220958761689432065,RT @Elevenorchids: #CastingCall for local publication! #models &amp; #MUAs needed in #Colorado #Aurora area.,Not related,2012 Colorado wildfires,0,Not informative
220998003618627586,#Vail #Colorado  Baptiste yoga teacher Mark White comes to Eagle-Vail http://t.co/wClchyMy #VailLifestyle,Not related,2012 Colorado wildfires,0,Not informative
221002915156983808,"We're hearing a few smoke reports on the #Boulder scanner this afternoon, so far no confirmed lightning-strike fires",Related - but not informative,2012 Colorado wildfires,0,Not informative
221003498152660995,"The J.Miller Band has a show on 07/07/2012 at 03:00 PM @ H... in Colorado Springs, CO http://t.co/NGvijv1W #concert",Not related,2012 Colorado wildfires,0,Not informative
221021638513266690,Go #Colorado Rapids!!!! http://t.co/3036fFP3,Not related,2012 Colorado wildfires,0,Not informative
221033407730298883,$50K Reward Offered For Info On Waldo Canyon Fire Vandals http://t.co/I1dkaGsA #WaldoCanyonFire #Colorado,Related and informative,2012 Colorado wildfires,1,Informative
221094984290545664,Iconic wildfire photo featured burned Colorado home of former Garland residents:  http://t.co/qC9PXUem,Related and informative,2012 Colorado wildfires,1,Informative
221106669650845697,RT @grist: This image from NASA shows the scar from the Waldo Canyon fire in Colorado: http://t.co/3agIONB8 Pretty sure it'll blow your  ...,Related and informative,2012 Colorado wildfires,1,Informative
221142845497683969,acfry7: Purchase Cheap Contramal Online Us Pharmacy  Buy Contramal In Colorado Springs... http://t.co/eJzN2a0L (via @cuturl),Not related,2012 Colorado wildfires,0,Not informative
221225473294864384,"Looking for a Firmware Test Engineering Technician in Colorado Springs, CO http://t.co/uzcBFJvS #job",Not related,2012 Colorado wildfires,0,Not informative
221227138437750784,1994 South Canyon Fire Fatalities Lessons Learned: http://t.co/3aY3dIiF #AlwaysRemember http://t.co/QyNa67wb #COFire,Related and informative,2012 Colorado wildfires,1,Informative
221244045693952000,"RT @TheFreedomClimb: Become an Advocate of the Freedom Climb, by attending the Annual Conference in Colorado Springs. http://t.co/Ezv62fDU",Not related,2012 Colorado wildfires,0,Not informative
221271845532475393,"USOC Scuttles Tahoe’s, Denver’s Hopes to Host 2022 Winter Olympic Games: Colorado Springs, CO – The board of the... http://t.co/cCAviOih",Not related,2012 Colorado wildfires,0,Not informative
221344989974761472,Home Health LPN (Colorado Springs Area) http://t.co/QAI0qO6K #healthcare #jobs,Not related,2012 Colorado wildfires,0,Not informative
221350908150292480,"Friday Pebble Report: Alex White Struggles, Bullpen Gives Up Dust Devils Win, Nuts Crush Giants http://t.co/UEp4UPiV #allowing #colorado #d",Not related,2012 Colorado wildfires,0,Not informative
221364644491706369,@ninatypewriter we've avoided the Colorado-style wildfires (too wet) And no derecho (so far),Related - but not informative,2012 Colorado wildfires,0,Not informative
221372089372913665,#Vail #Colorado  Artist Sandra Kaplan finds inspiration in the ordinary http://t.co/qvLWx3nq #VailLifestyle,Not related,2012 Colorado wildfires,0,Not informative
221385418883596290,Another game pitching and it's raining I thought I was getting away from the rain!!!!!! Your welcome Colorado I'm here to help your fires,Related and informative,2012 Colorado wildfires,1,Informative
221393090253045760,Wranglers of Flying W Ranch Lose Livelihood in #wildfire http://t.co/dfoPIynr,Not related,2012 Colorado wildfires,0,Not informative
221503954108940290,PetMeds Joins Efforts to Help Pets Affected by Colorado's Wildfires - http://t.co/UDuezJVo (press release): PetMe... http://t.co/pokBfuLw,Related and informative,2012 Colorado wildfires,1,Informative
221547612619288576,"#Colorado Office Job Web Design Specialist at Thermofisher Scientific (Lafayette, CO)  http://t.co/EASNEG7o",Not related,2012 Colorado wildfires,0,Not informative
221630257206272000,"Colorado New Jobs $ Software Architect 5 (12-070) at Northrop Grumman (Colorado Springs, CO)  http://t.co/mAsuHUUe",Not related,2012 Colorado wildfires,0,Not informative
221632509539131392,Colorado Wildfires and Fire Safety http://t.co/9E0r91NE,Related and informative,2012 Colorado wildfires,1,Informative
221634711552917504,#Florissant / #Colorado / #UnitedStates #livecam #webcam World Wide Live Cam. http://t.co/8qRnDOC6,Not related,2012 Colorado wildfires,0,Not informative
221642986902126593,Help Colorado recover from the fires http://t.co/eW5JkWJO #PrayersForColorado #HelpColorado #PineRidgeFire #waldocanyonfire,Related and informative,2012 Colorado wildfires,1,Informative
221672451891924994,"Fire near Colorado Springs claims 347 houses, 1 life http://t.co/DFai30Cp",Related and informative,2012 Colorado wildfires,1,Informative
221701413535879169,"2009 BMW M6 Coupe, this car is sweet, check it out here  Pre-Owned-Inventory-BMW Winslow BMW Colorado Springs CO: http://t.co/xzaYsOwx",Not related,2012 Colorado wildfires,0,Not informative
221707826664443904,RT @miraclady DID YOU START THE FIRES IN COLORADO? Are you sure? http://t.co/nQoyOhrQ,Related - but not informative,2012 Colorado wildfires,0,Not informative
221748389761654784,"New Job Vacancy: Team Member, Distribution at Papa John's in Colorado, US http://t.co/JERsHlhJ #Colorado #job #vacancy",Not related,2012 Colorado wildfires,0,Not informative
221759781499707392,#denver #colorado #gay #gayguy #gayboy #gays #festival #festival2012 #downtown #happy #gorgeous  http://t.co/gNTtvJNr,Not related,2012 Colorado wildfires,0,Not informative
221763652838113281,@globeinvestor here are some great tips to help your #tweets spread like #wildfire &amp; help you b as big as #JustinBieber http://t.co/yVMJc5eF,Not related,2012 Colorado wildfires,0,Not informative
221931194298802176,"There is plenty to like about Louisville, I agree ... http://t.co/AANVtyuU #Colorado #realestate #property #invest http://t.co/BYQJQzEA",Not related,2012 Colorado wildfires,0,Not informative
221933538939904000,"@cospringsnews Colorado Springs news, people, photos, stuff. Mostly news. Lightly maintained by @denverpostjoe",Not related,2012 Colorado wildfires,0,Not informative
221982062830301185,It's finally the day #summit2012 #colorado,Not related,2012 Colorado wildfires,0,Not informative
221995107128315904,RT @pkedrosky: Good Stephen Pyne analysis of the Colorado fires: Our landscapes have polarized as much as our politics. http://t.co/AE ...,Related and informative,2012 Colorado wildfires,1,Informative
222035313701302272,Waldo Canyon fire near Colorado Springs reaches 98 percent containment http://t.co/lUCXLhxY via @denverpost,Related and informative,2012 Colorado wildfires,1,Informative
222044755075416064,Colorado’s Waldo Canyon Fire reaches 98% containment – @denverpost: The Waldo Canyon Fire has reached 98 percent... http://t.co/tLGrJotp,Related and informative,2012 Colorado wildfires,1,Informative
222071430857244672,RT @cnnbrk: Colorado governor lifts statewide fire ban. http://t.co/hFtztydu,Related and informative,2012 Colorado wildfires,1,Informative
222071921586606080,#SiguemeYTeSigo Colorado governor lifts statewide fire ban: Much-needed rain and forecasts predi... http://t.co/EDNaxBJb #TeamFollowBack,Related and informative,2012 Colorado wildfires,1,Informative
222082147291369472,"RT @News1130radio: BC Wildfire Management says the smoky haze will last until at least Friday. Smoke is coming not just from Colorado, b ...",Related and informative,2012 Colorado wildfires,1,Informative
222110551139028992,June broke all-time temp records in #Colorado http://t.co/ZLhPWmcb #COWX #climate,Not related,2012 Colorado wildfires,0,Not informative
242883454050648064,"#earthquake M 3.3, Virgin Islands region: September 01, 2012 06:10:29 GMT http://t.co/wi04LJ1D",Not related,2012 Costa Rica earthquake,0,Not informative
242887379944366080,@EarthquakeTest update your #earthquake s more,Not related,2012 Costa Rica earthquake,0,Not informative
242919634125328384,"RT @RedazioneWebAL: #Terremoto, Costi (Pd): tanto fatto, tanto da fare, l'importante per chi abita nel cratere è non sentirsi mai ostac ...",Not related,2012 Costa Rica earthquake,0,Not informative
242920737223106561,"#Earthquake M 2.6, Southern Alaska http://t.co/sdi09taS",Not related,2012 Costa Rica earthquake,0,Not informative
242936558158757889,５年６ヶ月長期保存可能なえいようかん5本。http://t.co/ZlSVctfi #eqjp #quake #saigai #earthquake #jishin #地震 #災害,Not applicable,2012 Costa Rica earthquake,0,Not informative
242945299084103681,#earthquake sige najud ug linug diri ui.. =.=,Not applicable,2012 Costa Rica earthquake,0,Not informative
242950005076393985,@MRmusica pasenla super bien :) Mil besos desd #CostaRIca :DDDD,Not related,2012 Costa Rica earthquake,0,Not informative
242951548576088065,RT @TerreInMoto: I Negozi di Mirandola 3 Mesi Dopo il #Terremoto - http://t.co/8SVkDdHm,Not related,2012 Costa Rica earthquake,0,Not informative
242979541373562880,"#earthquake Philippines (the): NDRRMC Update re Effects of Earthquake in Maramag, Bukidnon http://t.co/YYG65owX #crisismanagement",Not related,2012 Costa Rica earthquake,0,Not informative
242997841134505985,"【#USGS #Breaking】 M 1.1, 28km SSW of Fairbanks, Alaska http://t.co/hSyciQFM #PastHour #11 #earthquake #tsunami #prayfromjapan",Not applicable,2012 Costa Rica earthquake,0,Not informative
243025091531780098,"#earthquake: M 1.6, Greater Los Angeles area, California http://t.co/4cX0Qy05",Not related,2012 Costa Rica earthquake,0,Not informative
243025959731740675,"#Temblor♨ M 4.2, 72km ESE of Karpathos, Greece http://t.co/KMRZ07mN #Earthquake #Sismo",Not related,2012 Costa Rica earthquake,0,Not informative
243038253253550080,非常食として米国沿岸警備隊の承認を受け、国連や米国国防省をはじめ、IBM、ゼロックス社など、また日本でも官庁や数多くの企業、学校などが備蓄用品として採用しています。 http://t.co/B0HzzZtc #saigai #earthquake #jishin #地震 #災害,Not applicable,2012 Costa Rica earthquake,0,Not informative
243048072119209984,Roaming local prices – those for #mobile users – didn’t experience great fluctuations with arrival of #Movistar &amp; Claro… #CostaRica…,Not related,2012 Costa Rica earthquake,0,Not informative
243077922947231744,#Guardado dice que #México tiene que cuidarse de las jugadas a balón parado de #CostaRica http://t.co/w3m222sP vía @vivelohoy,Not related,2012 Costa Rica earthquake,0,Not informative
243080489890619392,"#deprem M 1.5, Central California: September 04, 2012 20:12:08 GMT http://t.co/9nGWG6CA #earthquake",Not related,2012 Costa Rica earthquake,0,Not informative
243083019055927296,"地震情報 M 5.1, Taiwan region http://t.co/8xtmJmmB #earthquake",Not applicable,2012 Costa Rica earthquake,0,Not informative
243097225134219264,#earthquake mb 5.1  TAIWAN REGION: Magnitude  mb 5.1Region  TAIWAN REGIONDate time  2012-09-04   20:00:17.0 UTCL... http://t.co/VwzB34fM,Not related,2012 Costa Rica earthquake,0,Not informative
243113624896413696,Tenemos claro Costa Rica no será un rival sencillo: De Nigris. En ... - RadioFórmula http://t.co/PUvCbuKD #CostaRica,Not related,2012 Costa Rica earthquake,0,Not informative
243121539552256001,"#Earthquake M 4.8, south of Bali, Indonesia: September 04, 2012 21:19:30 GMT http://t.co/iEelaYGO",Not applicable,2012 Costa Rica earthquake,0,Not informative
243148357902675969,"#Earthquake# M 4.6, 105km NNE of Road Town, British Virgin Islands: Wednesday, September 05, 2012 00:24:51 UTCTuesday, September 04, ...",Not related,2012 Costa Rica earthquake,0,Not informative
243152791290392576,"RT @INGVterremoti: #terremoto Ml:2.4 2012-09-05 00:46:47 UTC Lat=39.88 Lon=16.02 Prof=8.9Km Prov=POTENZA,COSENZA",Not related,2012 Costa Rica earthquake,0,Not informative
243155538555334656,Argentina recibió a sus internacionales de cara al partido ante Paraguay http://t.co/GLyAl3JE  #costarica,Not related,2012 Costa Rica earthquake,0,Not informative
243157258232549377,"【#USGS #alert】 M 5.2, Virgin Islands region: September 05, 2012 00:24:48 GMT http://t.co/PyDz9JZS #earthquake #tsunami #prayfromjapan",Not related,2012 Costa Rica earthquake,0,Not informative
243157707027259393,"#Earthquake Magnitude  mb 4.8Region  SOUTH OF JAVA, INDONESIADate time  2012-09-05   00:48:09.0 UTCLocation  10.... http://t.co/9gHi5gnM",Not related,2012 Costa Rica earthquake,0,Not informative
243159334404636672,#terremoto #Attualita - TERREMOTO IN EMILIA:TRE MESI DOPO.. (myazaky) http://t.co/eWmqlLmn #sismografo,Not related,2012 Costa Rica earthquake,0,Not informative
243198739882332161,"#earthquake: M 4.5, Taiwan region http://t.co/7FmNQZdm",Not applicable,2012 Costa Rica earthquake,0,Not informative
243203924050448384,"#earthquake M 2.6, Hawaii region, Hawaii http://t.co/S2GbQIaO",Not applicable,2012 Costa Rica earthquake,0,Not informative
243212388155916288,RT @INGVterremoti: #terremoto Ml:3.2 2012-09-05 03:09:12 UTC Lat=39.10 Lon=17.25 Prof=22.2Km Prov=Southern Italy,Not applicable,2012 Costa Rica earthquake,0,Not informative
243292902007128064,5日19時2分頃 - 最大震度 1 - 震源地 宮城県沖 http://t.co/tkC7elc6 #地震 #earthquake,Not applicable,2012 Costa Rica earthquake,0,Not informative
243336204010012672,"#Earthquake #EMSC M  4.5  KEPULAUAN BABAR, INDONESIA: Magnitude  M  4.5Region  KEPULAUAN BABAR, INDONES... http://t.co/6EAiC1Eo #Tameemi",Not related,2012 Costa Rica earthquake,0,Not informative
243338628313534464,RT @itsDavila - Photo: #bay #beach #sanjuandelsur #sur  #costarica #summer #vacation #verano #azul #plya #mounta... http://t.co/OPq2VRTz,Not related,2012 Costa Rica earthquake,0,Not informative
243338968047955968,"#terremoto M 2.8, Central California - Wednesday, September  5, 2012 12:31:07 UTCWednesday, September  5, 2012 05:31... http://t.co/SJLeuCZR",Not related,2012 Costa Rica earthquake,0,Not informative
243354147234123777,"EarthquakeCalifornia Minor earthquake near Sparta, Ill., felt in Metro East - http://t.co/fuWMRvIW http://t.co/W826GJrH #earthquake",Not related,2012 Costa Rica earthquake,0,Not informative
243359297843650560,Que #temblorcr mas largo y raro....,Related - but not informative,2012 Costa Rica earthquake,0,Not informative
243359545332731904,Duró como 15 minutos #temblorCR,Related and informative,2012 Costa Rica earthquake,1,Informative
243359583056310272,#temblorcr en Rohrmoser se sintió muy fuerte y se quebraron cosas. @nacion,Related and informative,2012 Costa Rica earthquake,1,Informative
243359604032020480,RT @3U22: #temblorcr se sintió muy muy fuerte ! #semesalioelcerote,Related - but not informative,2012 Costa Rica earthquake,0,Not informative
243359838925627392,siempre me agarra el #temblorcr cuando reviso twitter! jajaja cosas de la vida,Related - but not informative,2012 Costa Rica earthquake,0,Not informative
243359880847691776,En #Desamparados #TemblorCR fuerte y prolongado.,Related - but not informative,2012 Costa Rica earthquake,0,Not informative
243360212227092482,Temblor en el segundo piso de la #ECCI #UCR (un edificio viejo que se mueve demasiado) es otra cosa! #temblorcr,Related - but not informative,2012 Costa Rica earthquake,0,Not informative
243360283526045696,"RT @NewEarthquake: 7.9 earthquake, off the coast of Costa Rica. Sep 5 8:42am at epicenter (6m ago, 83km S of Liberia, depth 46km). http: ...",Related and informative,2012 Costa Rica earthquake,1,Informative
243360354795671553,"RT @Gorileo: 7.9	3km NE of Samara, Costa Rica	2012-09-05 14:42:10 #TemblorCR",Related - but not informative,2012 Costa Rica earthquake,0,Not informative
243360887497449473,Muy fuerte #temblorcr en guadalupe con caídas de objetos @ameliarueda @RadioReloj ,Related - but not informative,2012 Costa Rica earthquake,0,Not informative
243361084629721088,"RT @Reuters: More: 7.9-magnitude earthquake rattles coastline of Costa Rica, USGS says - http://t.co/9YqdEq9g",Related and informative,2012 Costa Rica earthquake,1,Informative
243361139130503168,"@DBeitia 7.9 earthquake, of the coast of Costa Rica. Sep 5 8:42am at epicenter (6m ago, 83km S of Liberia, depth 46km). http://t.co/jXpQHBwd",Related and informative,2012 Costa Rica earthquake,1,Informative
243361147519127553,RT @BreakingNews: Magnitude 7.9 earthquake strikes off the coast of Costa Rica - USGS,Related and informative,2012 Costa Rica earthquake,1,Informative
243361269166534656,"Preliminar 6.7 escala Richter, epicentro Cangrejal d Nicoya #TemblorCR",Related and informative,2012 Costa Rica earthquake,1,Informative
243361298518249473,Magnitude 7.9 earthquake strikes off the coast of Costa Rica - USGS,Related and informative,2012 Costa Rica earthquake,1,Informative
243361403409428480,RT @reuters: CARIBBEAN-WIDE TSUNAMI WATCH IN EFFECT AFTER COSTA RICAN QUAKE - PACIFIC TSUNAMI WARNING CENTER,Related and informative,2012 Costa Rica earthquake,1,Informative
243361533420240896,#temblorcr Fuerte sismo también se sintió en territorio nicaraguense,Related and informative,2012 Costa Rica earthquake,1,Informative
243361600516521984,Combo #Fessenheim / #earthquake . Coïncidence ? #parano #théorieducomplot,Not related,2012 Costa Rica earthquake,0,Not informative
243361642447007744,RT @Reuters: Live coverage: 7.9-magnitude earthquake rattles the coast of Costa Rica; tsunami watch for Caribbean in effect - http://t.c ...,Related and informative,2012 Costa Rica earthquake,1,Informative
243361697002299392,"デカイな。でかすぎるぜ、ベクテル！http://t.co/SvC7zoN5　RTx2:　@NewEarthquake  7.9 earthquake, off the coast of Costa Rica. Sep 5 8:42am　http://t.co/mwsMLQ3Z",Related and informative,2012 Costa Rica earthquake,1,Informative
243361789260210176,"RT @BreakingNews: Caribbean-wide tsunami watch in effect after Costa Rican quake, Pacific Tsunami Warning Center says - @Reuters",Related and informative,2012 Costa Rica earthquake,1,Informative
243361810235928576,"RT @AlertaNews: URGENTE: Terremoto en Costa Rica de 7.9º AVISO DE TSUNAMI: Costa Rica, Panama, Nicaragua, El Salvador, Honduras, Mexico, ...",Related and informative,2012 Costa Rica earthquake,1,Informative
243361831194857472,En mi Ksa se salió el agua de la pecera y se cayeron adornos #temblorcr,Related - but not informative,2012 Costa Rica earthquake,0,Not informative
243362028360712192,"RT @24HorasTVN: AHORA: Terremoto de 7,9 en #CostaRica/ Ampliamos en http://t.co/wdjXMzjN",Related and informative,2012 Costa Rica earthquake,1,Informative
243362040939429888,RT @AlertNet: 7.9 magnitude earthquake strikes Costa Rica - USGS via @Reuters #quake,Related and informative,2012 Costa Rica earthquake,1,Informative
243362053497159680,"RT @JRIbarra: Terremoto en Costa Rica, amigos en el exterior: la capital se encuentra sin daños importants de momento. sentido en todo e ...",Related and informative,2012 Costa Rica earthquake,1,Informative
243362053518131200,"RT @BreakingNews: Caribbean-wide tsunami watch in effect after Costa Rican quake, Pacific Tsunami Warning Center says - @Reuters #lgf #p2",Related and informative,2012 Costa Rica earthquake,1,Informative
243362108048302080,"@MARACAYINFORMA Terremoto en Costa Rica, De magnitud 7,9.",Related and informative,2012 Costa Rica earthquake,1,Informative
243362145784446976,"RT @CNNEE: URGENTE: Un terremoto de magnitud 7,9 sacudió #CostaRica, según el Servicio Geológico de Estados Unidos. http://t.co/VThN0aU8",Related and informative,2012 Costa Rica earthquake,1,Informative
243362158367371265,#temblorcr Having a laugh our bum off of http://t.co/4Ql5g1Qh,Related - but not informative,2012 Costa Rica earthquake,0,Not informative
243362175148773377,Costa Rican shaken by magnitude-5.8 earthquake http://t.co/454IrRdA #costarica,Related and informative,2012 Costa Rica earthquake,1,Informative
243362300961107968,"RT @RT_com: BREAKING: 7.9 - magnitude earthquake strikes off the coast of Costa Rica, Caribbean-wide tsunami watch in effect - details t ...",Related and informative,2012 Costa Rica earthquake,1,Informative
243362393227415552,Movida de bote #temblorcr: http://t.co/IcVehVkz,Related - but not informative,2012 Costa Rica earthquake,0,Not informative
243362393252560896,"Terremoto  7.9º En Costa Rica  Autoridades Locales entregan detalles de 6.7º, No se reportan mayores informaciones.",Related and informative,2012 Costa Rica earthquake,1,Informative
243362405831286784,#temblor @NewEarthquake: #Tsunami  Warning (Pacific): TSUNAMI WARNING IN EFFECT FOR COSTA RICA/PANAMA/NICARAGUA/... http://t.co/miWv9UbZ,Related and informative,2012 Costa Rica earthquake,1,Informative
243362410038190080,"La alerta de tsunami a causa del terremoto en Costa Rica llega hasta Ecuador, ¿nos salvamos? ._.",Related and informative,2012 Costa Rica earthquake,1,Informative
243362414198939650,RT @MIGAND75: Ahora #CostaRica se cimbra con fuerte #sismo de 7.9,Related and informative,2012 Costa Rica earthquake,1,Informative
243362489729966081,Alerta de Tsunami en todo la costa de Costa Rica terremoto 7.9,Related and informative,2012 Costa Rica earthquake,1,Informative
243362628141977600,"Terremoto de magnitud 7,9 en Costa Rica",Related and informative,2012 Costa Rica earthquake,1,Informative
243362649100931072,RT @AlertNet: Strong earthquake hits Costa Rica http://t.co/sxICdjwl #costarica #quake,Related and informative,2012 Costa Rica earthquake,1,Informative
243362745553149953,RT @cnnbrk: 7.9-magnitude #earthquake hits off coast of Costa Rica. http://t.co/i7KZ1uZX,Related and informative,2012 Costa Rica earthquake,1,Informative
243362774934228992,"RT @GuillermoARuiz: Terremoto en Costa Rica: RT @nacion  Según USGS el sismo habría sido de 7,9 grados con epicentro en #Guanacaste",Related and informative,2012 Costa Rica earthquake,1,Informative
243362837823647744,"RT @Meganoticiascl: EN DESARROLLO Terremoto 7,9 grados se registró en Costa Rica. Activan alerta de Tsunami para Centro América y Sudamé ...",Related and informative,2012 Costa Rica earthquake,1,Informative
243362942718992384,"@elsalvadorcom: Según USGS, sismo de 7.9 se sintió hace unos minutos (8:42 am) en #CostaRica con epicentro en Guanacaste.",Related and informative,2012 Costa Rica earthquake,1,Informative
243362997215571968,@RobertaCBS5: Breaking: 7.9 #earthquake off Costa Rica coast. #Tsunmai WARNING for west coasts of Central America.,Related and informative,2012 Costa Rica earthquake,1,Informative
243363055944232960,7.9 magnitude earthquake hits Costa Rica #earthquake,Related and informative,2012 Costa Rica earthquake,1,Informative
243363064332840961,RT @espinozajs: sismo de 7.9 FUE A 12.4 millas de profundidad #CostarICA,Related and informative,2012 Costa Rica earthquake,1,Informative
243363190149361664,RT @AndreaAristegui: SHOA publica alerta de tsunami para las costas de Chile tras terremoto en Costa Rica. http://t.co/MYzaVoz0,Related and informative,2012 Costa Rica earthquake,1,Informative
243363236316065792,"Uf! Terremoto en Costa Rica de 7,9 Richter...a 10 km de profundidad",Related and informative,2012 Costa Rica earthquake,1,Informative
243363244704677888,Birth pangs. 7.9 earthquake in Costa Rica,Related - but not informative,2012 Costa Rica earthquake,0,Not informative
243363261469323264,"RT @CNNEE: Tras el sismo de 7,9 en #CostaRica hay alerta de #tsunami para toda la zona costera desde #Centroamérica hasta #Brasil: http: ...",Related and informative,2012 Costa Rica earthquake,1,Informative
243363303424917506,"Dice @julio2j: : URGENTE// Un terremoto de magnitud 7,9 sacudió #CostaRica, según el Servicio Geológico de Estados Unidos (vía @CNNE)",Related and informative,2012 Costa Rica earthquake,1,Informative
243363332789268480,"Terremoto de magnitud 7,9 sacude Costa Rica http://t.co/ahyVzKAy vía @wordpressdotcom",Related and informative,2012 Costa Rica earthquake,1,Informative
243363345342791681,RT @UniNoticias: Sismo 7.9 en  #CostaRica. Se activa alerta de Tsunami.,Related and informative,2012 Costa Rica earthquake,1,Informative
243363391496937472,RT @elmundoes: Un terremoto de magnitud 7.9 sacude Costa Rica,Related and informative,2012 Costa Rica earthquake,1,Informative
243363433431588864,Algún amigo en Costa Rica?? Todo bien por allá? #terremoto,Related - but not informative,2012 Costa Rica earthquake,0,Not informative
243363433444151296,Alerta informativa... decretan alerta de tsunami luego de terremoto de magnitud 7.9 grados que azotó Costa Rica,Related and informative,2012 Costa Rica earthquake,1,Informative
243363588637597697,RT @CANAL15NIC: #Nicaragua. Alerta de #tsunami en el pacífico tras #temblor con epicentro en Costa Rica. http://t.co/TL81VGDr,Related and informative,2012 Costa Rica earthquake,1,Informative
243363597026201600,RT @mauropalma: SHOA anuncia en su página web de alerta de tsunami para las costas chilenas tras terremoto en Costa Rica http://t.co/BTc ...,Related and informative,2012 Costa Rica earthquake,1,Informative
243363647324311554,RT @ShArrrw: Y yo creo q los mayas si la van a pegar!! #TemblorCR,Related - but not informative,2012 Costa Rica earthquake,0,Not informative
243363655750656001,Oh! any damage report? RT @Nids_ShriKant: 7.9 earthquake in Costa Rica..!! Now,Related and informative,2012 Costa Rica earthquake,1,Informative
243363672506896384,A Caribbean-wide tsunami watch is in effect after a 7.9-magnitude earthquake struck Costa Rica. #KeepSafe #GodBless,Related and informative,2012 Costa Rica earthquake,1,Informative
243363680916488192,"costa rica earthquake 7,9SR",Related and informative,2012 Costa Rica earthquake,1,Informative
243363685098196994,Terremoto en Costa Rica puta madre 7.9,Related and informative,2012 Costa Rica earthquake,1,Informative
243363760599859200,Terremoto de 7.9 en Costa Rica! Que Dios los Cuide!,Related - but not informative,2012 Costa Rica earthquake,0,Not informative
243363781554606080,RT @Reuters: CHILE'S NAVY SAYS DECLARES TSUNAMI ALERT WARNING FOR CHILEAN COAST FOLLOWING COSTA RICA QUAKE,Related and informative,2012 Costa Rica earthquake,1,Informative
243363815134199808,"@CNNEE: Tras el sismo de 7,9 en #CostaRica hay alerta de #tsunami para toda la zona costera desde #Centroamérica hasta #Brasil #colombia",Related and informative,2012 Costa Rica earthquake,1,Informative
243363836088963072,"RT @marcelinotv: URGENTE: #Terremoto en #CostaRica originó breve alerta de tsunami, que ya fue cancelada para Chile",Related and informative,2012 Costa Rica earthquake,1,Informative
243363857056296960,RT@elmundoes: Un terremoto de magnitud 7.9 sacude Costa Rica,Related and informative,2012 Costa Rica earthquake,1,Informative
243363857068855296,@CNNChile: AHORA: Terremoto magnitud 7.9 en Costa Rica,Related and informative,2012 Costa Rica earthquake,1,Informative
243363878048772096,RT @teleSURtv: #UltimoMinuto: Autoridades de #CostaRica aún no reportan de víctimas o daños por sismo de M 7.9,Related and informative,2012 Costa Rica earthquake,1,Informative
243363907387928576,RT @CP24: BREAKING: Coast of Costa Rica hit by a 7.9 magnitude earthquake. Tsunami warning in effect. No word of any damage/injuries.,Related and informative,2012 Costa Rica earthquake,1,Informative
243363924186120194,RT @Jota_MB: Alerta de tsunami para las costas chilenas por el terremoto en Costa Rica!,Related and informative,2012 Costa Rica earthquake,1,Informative
243363945157648384,RT @DiarioLaHora: AHORA: SHOA decreta alerta de tsunami para la costa chilena tras terremoto en Costa Rica.,Related and informative,2012 Costa Rica earthquake,1,Informative
243363961926459392,RT @BBCWorld: Magnitude 7.9 #earthquake hits #CostaRica - USGS. Details soon: http://t.co/TcpLwxJJ,Related and informative,2012 Costa Rica earthquake,1,Informative
243364003877896192,"RT @24HorasTVN: AHORA: SHOA publica en este momento, que hay alerta de tsunami para #Chile por terremoto en #CostaRica http://t.co/N3brPnyY",Related and informative,2012 Costa Rica earthquake,1,Informative
243364079371161600,RT @abc_es: ÚLTIMA HORA: Un terremoto de magnitud 7.9 sacude Costa Rica,Related and informative,2012 Costa Rica earthquake,1,Informative
243364163261444098,"Tras el sismo de 7,9 en #CostaRica hay alerta de #tsunami para toda la zona costera desde #Centroamérica hasta #Brasil",Related and informative,2012 Costa Rica earthquake,1,Informative
243364175819182080,"RT @el_pais: ÚLTIMA HORA: Un terremoto de 7,9 de magnitud sacude el noroeste de Costa Rica http://t.co/cWfeW9vF Más en http://t.co/yu47rCQF",Related and informative,2012 Costa Rica earthquake,1,Informative
243364184228757504,"RT @TWCBreaking: Mag. 7.9 #earthquake just off the coast of Costa Rica.  #Tsunami warnings for Pacific Coast of Mexico, C. America. S. A ...",Related and informative,2012 Costa Rica earthquake,1,Informative
243364263891189760,"7.9 earthquake, off the coast of Costa Rica. Sep 5 8:42am at epicenter RT @NewEarthquake",Related and informative,2012 Costa Rica earthquake,1,Informative
243364263899574273,"ÚLTIMA HORA: Un terremoto de 7,9 de magnitud sacude el noroeste de Costa Rica",Related and informative,2012 Costa Rica earthquake,1,Informative
243364419088809984,"RT @fetcheves: URGENTE: Fuerte terremoto en Costa Rica. Alerta de Tsunami para Costa Rica, Barbados,México,Brasil,Guyana Francesa y Caribe",Related and informative,2012 Costa Rica earthquake,1,Informative
243364461027659780,RT “@BreakingNews: Magnitude 7.9 earthquake strikes off the coast of Costa Rica - USGS”,Related and informative,2012 Costa Rica earthquake,1,Informative
243364490417147905,RT @AlertaNews: ALERTA DE TSUNAMI PARA LAS COSTAS DE CHILE por terremoto en Costa Rica. SHOA,Related and informative,2012 Costa Rica earthquake,1,Informative
243364507160809473,"RT @CNNEE: URGENTE: Un terremoto de magnitud 7,9 sacudió #CostaRica, según el Servicio Geológico de Estados Unidos. http://t.co/KnPs5R2R",Related and informative,2012 Costa Rica earthquake,1,Informative
243364544943099904,"Terremoto de magnitud 7,9 sacude Costa Rica http://t.co/MJWM02Vf #cnn vía @CNNEE",Related and informative,2012 Costa Rica earthquake,1,Informative
243364574273875968,RT @bailskilo: Pray for the people of Costa Rica! 7.9 earthquake and tsunami warning :(,Related - but not informative,2012 Costa Rica earthquake,0,Not informative
243364628812410880,"RT @CNNEE Urgente: Un terremoto de magnitud 7,9 sacudió #CostaRica, según el Servicio Geológico de EE.UU.",Related and informative,2012 Costa Rica earthquake,1,Informative
243364700094595073,"Terremoto de 7,9 sacude costa rica... Seguira el Perú?? .. xS",Related and informative,2012 Costa Rica earthquake,1,Informative
243364704293117952,"RT @YahooNews: BREAKING: Magnitude 7.9 earthquake strikes off the coast of Costa Rica, tsunami watch for Caribbean, Reuters reports",Related and informative,2012 Costa Rica earthquake,1,Informative
243364733661634560,Aviso de tsunami en el caribe tras un terremoto de 7.9 cerca de costa rica,Related and informative,2012 Costa Rica earthquake,1,Informative
243364754624741377,"RT @NewEarthquake: Revised (7.9 -&gt; 7.6): 7.6 earthquake, Costa Rica. Sep 5 8:42am at epicenter (24m ago, 60km SSE of Liberia, depth 4 ...",Related and informative,2012 Costa Rica earthquake,1,Informative
243364821750403072,RT @reddeemergencia: URGENTE SNAM DECLARA ALERTA DE TSUNAMI PARA COSTAS DE CHILE POR TERREMOTO EN 7.9 RICHTER EN COSTA RICA @BIOBIO,Related and informative,2012 Costa Rica earthquake,1,Informative
243364834316537857,"Terremoto de magnitud 7,9 sacude Costa Rica http://t.co/mayyIaLg",Related and informative,2012 Costa Rica earthquake,1,Informative
243364922426286080,RT @SkyAlertMx: Muy fuerte terremoto de 7.9 en Costa Rica #SismoEnVivo http://t.co/uKK0pwM4,Related and informative,2012 Costa Rica earthquake,1,Informative
243364951778029568,RT @Los_Mayas_: Por la prueba en #CostaRica no se descarta posibilidad de tsunami desde #Centroamérica hasta #Chile. Atentos todos.,Related and informative,2012 Costa Rica earthquake,1,Informative
243364993712652288,RT @NoticiasCaracol: ÚLTIMA HORA Terremoto de 7.9 grados en Costa Rica. Hay alerta de tsunami,Related and informative,2012 Costa Rica earthquake,1,Informative
243365027271290880,"Terremoto de 7,9 grados Richter azota Costa Rica y el Shoa transmite alerta de tsunami preventiva para costas chilenas http://t.co/QEMiQGqF",Related and informative,2012 Costa Rica earthquake,1,Informative
243365035659902976,RT @Los_Mayas_: Por la prueba en #CostaRica no se descarta posibilidad de tsunami desde #Centroamérica hasta #Chile./Dejen de hacer pruebas.,Related and informative,2012 Costa Rica earthquake,1,Informative
243365090198429696,RT @Emol: #Terremoto en Costa Rica activa alerta de #tsunami para norte de Chile: aquí la noticia completa  http://t.co/LUBlZWur,Related and informative,2012 Costa Rica earthquake,1,Informative
243365094388543488,Boletín Nº1 NOAA-PTWC para el Mar Caribe 5-sep-2012 Wide Tsunami Watch in Effect #sismo #earthquake http://t.co/i20y2BQn,Related and informative,2012 Costa Rica earthquake,1,Informative
243365094396928001,"Please pray! A powerful, magnitude-7.9 earthquake has shaken #CostaRica, according to the USGS.",Related and informative,2012 Costa Rica earthquake,1,Informative
243365165695922176,"RT @QuakeReports: earthquake: M 7.9, off the coast of Costa Rica http://t.co/iYnWzKuL",Related and informative,2012 Costa Rica earthquake,1,Informative
243365190844960768,":O RT @eldaftbro: &gt;RT @TimesTimoteo: Terremoto de 7.9 en Costa Rica, Una advertencia de tsunami (cont) http://t.co/W94iVrV6",Related and informative,2012 Costa Rica earthquake,1,Informative
243365207617978369,"RT @elcomercio: Terremoto de 7,9 grados sacudió Costa Rica http://t.co/646UZumZ Seguiremos informando",Related and informative,2012 Costa Rica earthquake,1,Informative
243365262148136960,"RT @AP: Powerful magnitude-7.9  #earthquake reported in Costa Rica, no immediate report of damage or injuries: http://t.co/R9OapNre  -MM",Related and informative,2012 Costa Rica earthquake,1,Informative
243365283102867456,"RT @Capital967: #ÚLTIMOMINUTO: Sismo de 7.9 grados sacudió #CostaRica, según la USGS",Related and informative,2012 Costa Rica earthquake,1,Informative
243365371187429377,"MEXICO CITY - A powerful, magnitude-7.9  earthquake shakes Costa Rica. USGS said quake struck about 50 miles from town of Liberia.",Related and informative,2012 Costa Rica earthquake,1,Informative
243365404750249984,"Me cuesta creerle al Shoa.... #Terremoto en Costa Rica 7,6 Richter.",Related and informative,2012 Costa Rica earthquake,1,Informative
243365413155643393,A 7.9 magnitude earthquake struck northwestern Costa Rica on Wednesday.. =(.. hope everything is okay down there!!,Related and informative,2012 Costa Rica earthquake,1,Informative
243365425742757888,Cómo esta mi gente de Costa Rica tras el terremoto? Wow 7.9 grados denme noticias!!!,Related and informative,2012 Costa Rica earthquake,1,Informative
243365488648933377,"RT @COE_RD: no hay alerta de Tsunami para el Caribe...el terremoto fue en el Pacifico  a 8km (5mi) al  NE de  Samara, Costa Rica",Related and informative,2012 Costa Rica earthquake,1,Informative
243365492843229184,"RT @Cooperativa: USGS corrigió magnitud de terremoto en Costa Rica a 7,6 Richter http://t.co/qrGcnbIW",Related and informative,2012 Costa Rica earthquake,1,Informative
243365643821387777,RT @teleSURtv: #UltimoMinuto: Autoridades han emitido alerta de tsunami para la zona del Caribe por sismo de M7.9 en #CostaRica,Related and informative,2012 Costa Rica earthquake,1,Informative
243365694182404098,"09.44 (11.44 hr chilena) Terremoto en Costa Rica 7.9, se descartò tsumani para centroamerica",Related and informative,2012 Costa Rica earthquake,1,Informative
243365736121245697,"RT @fieldproducer: USGS revises Costa Rica earthquake to magnitude 7.6, details here http://t.co/3vxo2zBN",Related and informative,2012 Costa Rica earthquake,1,Informative
243365811618729985,"RT @Izquierda_Tuit: URGENTE Ante terremoto en Costa Rica, SHOA advierte probabilidad de tsunami en Chile http://t.co/yPnquwvt Favor aten ...",Related and informative,2012 Costa Rica earthquake,1,Informative
243365824180662272,My prayers go to the people of Costa Rica.. They just had a massive earthquake!,Related - but not informative,2012 Costa Rica earthquake,0,Not informative
243365878719201280,RT @BreakingNews: Chile's navy declares tsunami alert warning for country's coastline following Costa Rica quake - @Reuters; USGS revise ...,Related and informative,2012 Costa Rica earthquake,1,Informative
243365899690721280,"RT @tuteve: #ULTIMOMINUTO Terremoto de 7,6 sacude Costa Rica y declaran a la vez alerta de tsunami en Chile",Related and informative,2012 Costa Rica earthquake,1,Informative
243365903876636672,"RT @AP: Powerful magnitude-7.9  #earthquake reported in Costa Rica, no immediate report of damage or injuries: http://t.co/WCf320iM  -MM",Related and informative,2012 Costa Rica earthquake,1,Informative
243365912252674048,RT @nacion Vecinos de Nandayure informan que torre de la iglesia se cayó. #temblorcr // @monterocnn,Related and informative,2012 Costa Rica earthquake,1,Informative
243365916467920896,"Piñera tras terremoto en Costa Rica: Típico, si es de Costa!!!",Related - but not informative,2012 Costa Rica earthquake,0,Not informative
243365958390005761,RT @el_dinamo: AHORA | Cancelan alerta de tsunami para costas del pacífico luego de terremoto 7.9º Richter en Costa Rica http://t.co/fE4 ...,Related and informative,2012 Costa Rica earthquake,1,Informative
243365962596892672,"RT @noticiAmerica: [ALERTA] USGS corrige magnitud del terremoto en Costa Rica a 7,6 grados al Noreste de Hojancha http://t.co/YPSkxYqs",Related and informative,2012 Costa Rica earthquake,1,Informative
243365987766898688,"RT @CNNEE: Si estás en la zona del sismo de magnitud 7,9 que sacudió #CostaRica y parte de #Nicaragua comparte tus testimonios: http://t ...",Related and informative,2012 Costa Rica earthquake,1,Informative
243366000349814784,Hubo un terremoto en Costa Rica de 7.9 grados y hay alerta de tsunami para Ecuador y no hay nada en twitter al respecto?,Related and informative,2012 Costa Rica earthquake,1,Informative
243366000354009089,RT @elchamuko: RT @melimarins: Pais paralizado por el #temblorCR evacuaron completamente el segundo circuito judicial y cancelaron audie ...,Related and informative,2012 Costa Rica earthquake,1,Informative
243366088434401281,"RT @latercera: Terremoto de 7,9 grados Richter azota Costa Rica y Shoa transmite alerta de tsunami preventiva para costas chilenas http: ...",Related and informative,2012 Costa Rica earthquake,1,Informative
243366126170537984,"RT @UltimaHoracom: Terremoto de 7.6 grados en Costa Rica, con alerta de tsunami en las costas de México, Panamá, Colombia y Ecuador.",Related and informative,2012 Costa Rica earthquake,1,Informative
243366138757644288,"RT @CNNChile: USGS corrige magnitud del terremoto en Costa Rica a 7,6°. Hay alerta de tsunami en las costas de Chile. #CNNChile",Related and informative,2012 Costa Rica earthquake,1,Informative
243366163919290369,"@1954candanga:@enlace_ecuador: URGENTE:Terremoto de 7,9 en #CostaRica están interrumpidos los servicios d electricidad y telecomunicaciones",Related and informative,2012 Costa Rica earthquake,1,Informative
243366168134549504,"Terremoto 7.9 en Costa Rica, nuevamente alerta d tsunami en Panama y otros países.",Related and informative,2012 Costa Rica earthquake,1,Informative
243366214238347264,RT @nbcnightlynews: Just in: USGS reports 7.9 magnitude earthquake off the coast of Costa Rica. Tsunami watch issued for the Caribbean.,Related and informative,2012 Costa Rica earthquake,1,Informative
243366289752596482,RT @UlatinadeCR: #temblorcr Les recomendamos no saturar las líneas. Los equipos de emergencia necesitan la red. Utilicen medios digitales.,Not related,2012 Costa Rica earthquake,0,Not informative
243366331687256065,Powerful earthquake reported in Costa Rica: http://t.co/6ZoS6sxc,Related and informative,2012 Costa Rica earthquake,1,Informative
243366449123565568,"Earthquake report from Costa Rica.  7.6 quake, no injuries yet.",Related and informative,2012 Costa Rica earthquake,1,Informative
243366486901653504,RT @perucom: [AVANCE] Alerta de tsunami para Perú y países del Pacífico por terremoto en Costa Rica,Related and informative,2012 Costa Rica earthquake,1,Informative
243366499484577793,Terremoto en Costa Rica - 24 Horas - Televisión Nacional de Chile http://t.co/sXy4KDFL @fetcheves,Related and informative,2012 Costa Rica earthquake,1,Informative
243366520439332865,RT @CNBC: Magnitude 7.9 earthquake hits off the coast of Costa Rica; quake centered 98 miles from San Jose. - USGS,Related and informative,2012 Costa Rica earthquake,1,Informative
243366692397387776,RT @OpyMorales: [Hace instantes] Fuerte #terremoto 7.6 Costa del Pacifico Costa Rica. #Chile en vigilancia de #tsunami,Related and informative,2012 Costa Rica earthquake,1,Informative
243366713381494784,"Alerta de Tsunami para Chile, por terremoto en Costa Rica de 7.9 (atento costeros)",Related and informative,2012 Costa Rica earthquake,1,Informative
243366755337117697,"wn, en que minuto hubo terremoto en Costa Rica?? O__o",Related - but not informative,2012 Costa Rica earthquake,0,Not informative
243366830805225472,RT @tele13online: [Actualización] Terremoto en Costa Rica fue de 7.6 grados en la escala de Richter #T13ALaHora,Related and informative,2012 Costa Rica earthquake,1,Informative
243366851797733377,"Terremoto de magnitud 7,6 sacude Costa Rica http://t.co/MhSfzKQZ #cnn vía @CNNEE",Related and informative,2012 Costa Rica earthquake,1,Informative
243366860165353473,"RT @difamadores: Atentos!! SNAM declara alerta de Tsunami para costas de Chile, por terremoto en Costa Rica http://t.co/YVX74jEw RT",Related and informative,2012 Costa Rica earthquake,1,Informative
243367011189665792,@trafficMATURIN #UltimoMinuto: Autoridades han emitido alerta de tsunami para la zona del Caribe por sismo de M7.9 en #CostaRica,Related and informative,2012 Costa Rica earthquake,1,Informative
243367027966873600,"atencion Quinteranos Alerta de posible tsunami por terremoto en Costa Rica grado 7.9, marejadas estarian llegando... http://t.co/AcKkWOIF",Related and informative,2012 Costa Rica earthquake,1,Informative
243367036321947648,RT @SantiContreras: Terremoto de 7.6 en Costa Rica - personas reportan que el sismo fue bastante intenso y prolongado. #SantiNoticias,Related and informative,2012 Costa Rica earthquake,1,Informative
243367069914116097,"@efren_osorio Alerta de tsumani para el Norte de Chile,debido a terremoto grado 7,6 Richter en Costa Rica.Olas llegarían apartir d las 17Hrs",Related and informative,2012 Costa Rica earthquake,1,Informative
243367082467667968,RT @lafoto: la casa de mi hermana en Montezuma en Guanacaste con el piso levantado #temblorcr,Related and informative,2012 Costa Rica earthquake,1,Informative
243367095046373376,De Costa Rica es @edgumaco y deseamos que todo ande bien por allá tras el terremoto.,Related - but not informative,2012 Costa Rica earthquake,0,Not informative
243367120228974594,"@irasuwindro RT @YahooNews: BREAKING: Magnitude 7.9 earthquake strikes off the coast of Costa Rica, tsunami watch ... http://t.co/QXqN9Xo2",Related and informative,2012 Costa Rica earthquake,1,Informative
243367141204705280,Mira vale si ya hay un Hashtag #temblorcr,Not related,2012 Costa Rica earthquake,0,Not informative
243367199937527811,@sophielster: QUE! hubo un terremoto 7.6 en Costa Rica!?? http://t.co/5EZyEPgp / csm,Related and informative,2012 Costa Rica earthquake,1,Informative
243367216689582080,NUESTRA #SOLIDARIDAD CON LOS HERMANOS DE  #COSTARICA!!,Related - but not informative,2012 Costa Rica earthquake,0,Not informative
243367225069813760,RT @soyarica: El Shoa emanó una alerta de tsunami en Chile por el sismo en #COSTARICA http://t.co/EXASqBve,Related and informative,2012 Costa Rica earthquake,1,Informative
243367250260803584,"RT @CheliqueSarabia: Estaba chateando con mi hija Wendy quien vive en Costa Rica, cuando ocurrió el terremoto de 7.9. Susto! Gracias a D ...",Related - but not informative,2012 Costa Rica earthquake,0,Not informative
243367317344497665,RT @NoticiasCaracol: ÚLTIMA HORA Alerta de tsunami en América Central y Chile tras fuerte terremoto en Costa Rica,Related and informative,2012 Costa Rica earthquake,1,Informative
243367346704642048,"RT @radiocityec: Alerta de #tsunami en costa del Pacífico por sismo de 7.9 en #CostaRica, reporta el Servicio Geológico de Estados Unidos",Related and informative,2012 Costa Rica earthquake,1,Informative
243367380280045568,RT @monterocnn: Estoy a la espera de informes twreporteros #sismo #CostaRica,Related - but not informative,2012 Costa Rica earthquake,0,Not informative
243367405450051584,"RT @CBSThisMorning: RT @CBSNews: UPDATE:  Costa Rica earthquake revised to magnitude 7.6, Caribbean-wide tsunami watch cancelled http:// ...",Related and informative,2012 Costa Rica earthquake,1,Informative
243367548039593985,Información de la Onemi de hora de arribo de Olas a las costas Chilenas por efecto de terremoto en Costa Rica http://t.co/jnF3hVUE,Related and informative,2012 Costa Rica earthquake,1,Informative
243367606764056576,RT @cnnbrk: USGS: Magnitude of quake off Costa Rica reduced from 7.9 to 7.6. http://t.co/nVvZPUSG,Related and informative,2012 Costa Rica earthquake,1,Informative
243367640335282176,"RT @CNNEE: Fuertes réplicas se sienten ahora en #CostaRica tras #sismo de magnitud 7,6 que sacudió el país: http://t.co/Est8n06Z",Related and informative,2012 Costa Rica earthquake,1,Informative
243367657112481792,"RT @latercera: Shoa publica horas estimadas para arribo a las costas chilenas de tsunami por terremoto 7,6º Richter en Costa Rica http:/ ...",Related and informative,2012 Costa Rica earthquake,1,Informative
243367703228858369,"Terremoto de magnitude 7,9 atinge Costa Rica: Um terremoto de magnitude 7,9 na escala Richter foi registrado na ... http://t.co/FAvEDg2R",Related and informative,2012 Costa Rica earthquake,1,Informative
243367715807584256,RT @TerraChile: [COSTA RICA] Electricidad y comunicaciones cortados en San José por terremoto magnitud 7.6,Related and informative,2012 Costa Rica earthquake,1,Informative
243367720022855680,Costa Rica Earthquake 2012: 7.9 Magnitude Quake Hits Costa Rica http://t.co/dtHKXF2v #jcagain,Related and informative,2012 Costa Rica earthquake,1,Informative
243367724196192256,Costa Rica Earthquake 2012: 7.9 Magnitude Quake Hits Costa Rica http://t.co/pR8CD7CI,Related and informative,2012 Costa Rica earthquake,1,Informative
243367816496029696,Damn a 7.6 earthquake hit #CostaRica ... Poor Costa Rica :(,Related and informative,2012 Costa Rica earthquake,1,Informative
243367917142552577,"RT @climavzla: @CNNEE: Tras el sismo d7,9 en #CostaRica hay alertad #tsunami para toda la zona costeradesd #Centroamérica hasta#Brasil h ...",Related and informative,2012 Costa Rica earthquake,1,Informative
243367929742237696,No se reportan daños de importancia tras fuerte sismo en #CostaRica el cual se confirma fue de 7.6 grados!,Related and informative,2012 Costa Rica earthquake,1,Informative
243367942299983873,RT @Cooperativa: SHOA entregó horarios estimados de arribo a Chile de oleaje por terremoto en Costa Rica http://t.co/W5ySMGbZ,Related and informative,2012 Costa Rica earthquake,1,Informative
243367954903883777,"@CNNEE: Reducen a 7,6 la magnitud del sismo que sacudió #CostaRica y que activó una alerta de tsunami: http://t.co/s10ZXMKC",Related and informative,2012 Costa Rica earthquake,1,Informative
243367975846031360,Información ampliada Alerta de Tsunami para las costas de Chile por terremoto en Costa Rica http://t.co/onFSnzAF,Related and informative,2012 Costa Rica earthquake,1,Informative
243368013594779648,"@ccbp Big Earthquake(M7.9) occurrred in Costa Rica. Please be careful for Tsunami, people lives around the Caribbean sea.",Related and informative,2012 Costa Rica earthquake,1,Informative
243368072331812865,RT @MariaESalinas: Terremoto en Costa Rica 7.9 alerta de tsunami. Esperando detalles,Related and informative,2012 Costa Rica earthquake,1,Informative
243368177181016065,RT @Cooperativa: SHOA emitió alerta de tsunami para costa chilena tras terremoto en Costa Rica http://t.co/Lon2B2Y5,Related and informative,2012 Costa Rica earthquake,1,Informative
243368177189408770,"Me cagaron con la geografia, terremoto en Costa Rica = Alerta de Tsunami en Chile?",Related - but not informative,2012 Costa Rica earthquake,0,Not informative
243368189772308480,RT @rauldemolina: Earthquake of 7.6 hits Costa Rica. Tsunami warning,Related and informative,2012 Costa Rica earthquake,1,Informative
243368210756427776,"RT @1047hit: Si no es necesario no usen el teléfono, es importante no saturar líneas. #temblorcr",Related and informative,2012 Costa Rica earthquake,1,Informative
243368214921347072,Ojala se encuentren bien en costa rica :/ #terremoto,Related - but not informative,2012 Costa Rica earthquake,0,Not informative
243368231706963969,7.6-magnitude quake hits on Costa Rican coast http://t.co/WmdiDVXx #cnn,Related and informative,2012 Costa Rica earthquake,1,Informative
243368252678492161,"@CNNEE: Fuertes réplicas se sienten ahora en #CostaRica tras #sismo de magnitud 7,6 que sacudió el país: http://t.co/M0MRNBUG",Related and informative,2012 Costa Rica earthquake,1,Informative
243368252686880770,"RT @elcomercio La advertencia de tsunami -por el terremoto en Costa Rica- fue para México, Colombia, Ecuador, Perú, Chile, entre otros",Related and informative,2012 Costa Rica earthquake,1,Informative
243368294621532160,"RT @weathernetwork: Reports now of damaged houses and a collapsed church tower in Nicoya, Costa Rica, near the quake epicentre. #tsunami ...",Related and informative,2012 Costa Rica earthquake,1,Informative
243368340754685952,@GaboBlackwolf @CNNChile ´Se mantiene alerta de Tsunami en zona costera y hacia afuera del pacífico costarricense. #terremotocr #sismocr,Related and informative,2012 Costa Rica earthquake,1,Informative
243368340788224000,"RT @CNNEE: Reducen a 7,6 la magnitud del sismo que sacudió #CostaRica y que activó una alerta de tsunami: http://t.co/Est8n06Z",Related and informative,2012 Costa Rica earthquake,1,Informative
243368357544476672,Pacific tsunami warning issued after magnitude 7.9 earthquake strikes Costa Rica.,Related and informative,2012 Costa Rica earthquake,1,Informative
243368370144149504,"RT @cfbalseiro: Terremoto de 7,9 mar adentro en Costa Rica. Se activa la alerta por tsunami en la costa del Pacífico de América Central. ...",Related and informative,2012 Costa Rica earthquake,1,Informative
243368403677630464,RT @DiarioLaPrensa: AMPLIACIÓN. Fuerte sismo sacude #CostaRica. Hay alerta de tsunami para Centroamérica http://t.co/ER6KoLkP http://t.c ...,Related and informative,2012 Costa Rica earthquake,1,Informative
243368512746315776,"#Elsalvador . #guatemala #costarica ;#nicaragua , #panama nose sabe la localizacion de la gran magnitud",Related - but not informative,2012 Costa Rica earthquake,0,Not informative
243368521122332672,RT @Reuters: CARIBBEAN-WIDE TSUNAMI WATCH IN EFFECT AFTER COSTA RICAN QUAKE - PACIFIC TSUNAMI WARNING CENTER,Related and informative,2012 Costa Rica earthquake,1,Informative
243368546271383552,"RT @Ferminius: Terremoto de 7,9 grados en Costa Rica. Alerta de tsunami para la costa del Pacífico: Nicaragua, México, Perú, Colombia, C ...",Related and informative,2012 Costa Rica earthquake,1,Informative
243368554676764672,CUAAAAAAAAAAAAATICO TERREMOTO EN COSTA RICA ._.,Related - but not informative,2012 Costa Rica earthquake,0,Not informative
243368588231180289,RT @nacion: CNE cancela alerta de tsunami para Costa Rica #temblorcr,Related and informative,2012 Costa Rica earthquake,1,Informative
243368625963163649,RT @monterocnn: Advertencia de tsunami en #CostaRica Panamá Nicaragua El Salvador Honduras México Colombia Ecuador Guatemala Ecuador y Perú,Related and informative,2012 Costa Rica earthquake,1,Informative
243368676298993666,Earthquake of 7.6 hits Costa Rica... Tsunami warning!,Related and informative,2012 Costa Rica earthquake,1,Informative
243368680522674177,"Esta activada la herradura del pacífico y el circulo de fuego, salvese quien pueda. #CostaRica",Related - but not informative,2012 Costa Rica earthquake,0,Not informative
243368688898670592,"Forte terremoto de magnitude 7,9 atinge a Costa Rica:  http://t.co/51Jv2wF8",Related and informative,2012 Costa Rica earthquake,1,Informative
243368693072023552,Tsunami alert as 7.6 quake strikes off Costa Rica: A tsunami alert is issued for Central America after a 7.6-mag... http://t.co/NyfZ4eSU,Related and informative,2012 Costa Rica earthquake,1,Informative
243368726643224576,"RT @fani1302: Terremoto de 7,9 sacude Costa Rica",Related and informative,2012 Costa Rica earthquake,1,Informative
243368793773068289,For my friends in Hawaii.. just in case.. 7.9 mag. Quake off of Costa Rica prompted this...http://t.co/YOXlVpn4 - http://t.co/YOXlVpn4,Related and informative,2012 Costa Rica earthquake,1,Informative
243368881853431810,RT @karmonan: 7.9 earthquake hits costa rica,Related and informative,2012 Costa Rica earthquake,1,Informative
243368944747028481,"Terremoto de 7,9 grados sacude Costa Rica: alerta de tsunami - Terra Chile  http://t.co/blMH3RMk vía @TerraChile",Related and informative,2012 Costa Rica earthquake,1,Informative
243368961511677953,Tsunami alert as 7.6 quake strikes off Costa Rica: A tsunami alert is issued for Central America after a 7.6-mag... http://t.co/i98cKt0n,Related and informative,2012 Costa Rica earthquake,1,Informative
243368990867611650,"RT @PilarAcuna RT “@ameliarueda: Alistar un maletín con lo básico: medicinas, radio, foco, alimentos. #terremotocr. / Confirman 7.3 grados",Related and informative,2012 Costa Rica earthquake,1,Informative
243368990876004352,"Centro Advertencia Tsunamis Pacífico retira alerta tsunami para Caribe tras #sismo  #CostaRica, mantiene advertencia región costa Pacifico",Related and informative,2012 Costa Rica earthquake,1,Informative
243369045406130176,"RT @europapress_es: Aviso de tsunami en el Caribe tras un terremoto de 7,9 cerca de Costa Rica - http://t.co/dcMVAOyL",Related and informative,2012 Costa Rica earthquake,1,Informative
243369095758749696,RT @HuffingtonPost: Powerful earthquake hits Costa Rica http://t.co/WQBiY4NX,Related and informative,2012 Costa Rica earthquake,1,Informative
243369137693405184,RT @Armada_Chile: Informamos que hubo un terremoto 7.9 richter en Costa Rica y se establece Alerta de tsunami para las costas de Chile.  ...,Related and informative,2012 Costa Rica earthquake,1,Informative
243369179615485952,RT @omarhUN: ÚLTIMO: Terremoto de 7.9 grados Richter en Costa Rica. Emitida alerta de tsunami,Related and informative,2012 Costa Rica earthquake,1,Informative
243369246757904385,RT @Radio_Riquelme: @Reuters Pacific Tsunami Warning Center keeps warning for Pacific coastal region following Costa Rica earthquake htt ...,Related and informative,2012 Costa Rica earthquake,1,Informative
243369292882640896,Tsunami alert as 7.6 quake strikes off Costa Rica http://t.co/hdLdomOB,Related and informative,2012 Costa Rica earthquake,1,Informative
243369330623008768,"Terremoto de magnitud 7,6 sacude Costa Rica  http://t.co/dGZ5i0G5",Related and informative,2012 Costa Rica earthquake,1,Informative
243369351581925377,Strong earthquake hits Costa Rica http://t.co/G6t1GwTW,Related and informative,2012 Costa Rica earthquake,1,Informative
243369515159781376,@lacronicadehoy: Emiten alerta de tsunami en Chile tras terremoto en Costa Rica http://t.co/nUrLEYLQ / cc @pamelalopezr :( salu2 hermosa,Related and informative,2012 Costa Rica earthquake,1,Informative
243369645195792384,CNN news Tsunami alert as 7.6 quake strikes off Costa Rica: A tsunami alert is issued for Central America after ... http://t.co/2HehvYYZ,Related and informative,2012 Costa Rica earthquake,1,Informative
243369766834814976,RT @xfgarciax: #Panama Un Temblor de 7.9 se registro en Costa Rica.  Alerta de Tsunami para el Caribe.  @DavisZone @la_cascara,Related and informative,2012 Costa Rica earthquake,1,Informative
243369779409346561,"El Terremoto de 7.6 fue será de Liberia, Costa Rica en la costa del Pacifico",Related and informative,2012 Costa Rica earthquake,1,Informative
243369833931104256,RT @CBSNews: Magnitude 7.6 quake hits Costa Rica. LATEST DETAILS (including active tsunami warnings): http://t.co/FuS54wrA,Related and informative,2012 Costa Rica earthquake,1,Informative
243369863312195585,"RT  @CNNEE: URGENTE: Un terremoto de magnitud 7,9 sacudió #CostaRica, según el Servicio Geológico de Estados Unidos. http://t.co/q03wSKpX",Related and informative,2012 Costa Rica earthquake,1,Informative
243369888469635072,"RT @carloscarmonac: Fuertes réplicas se sienten ahora en #CostaRica tras #sismo de magnitud 7,6 que sacudió el país: http://t.co/Rc8OUzA1",Related and informative,2012 Costa Rica earthquake,1,Informative
243369917829758976,RT @teleamazonasec: Terremoto de 7.9 grados en Costa Rica. Hay alerta de tsunami http://t.co/GnIL6qC6,Related and informative,2012 Costa Rica earthquake,1,Informative
243369976533241856,"Brother, hubo temblor en Costa Rica y por lo que he leido, hay probabilidad de tsunami y uno de los paises q serian afectado es Ecuador :s",Related and informative,2012 Costa Rica earthquake,1,Informative
243370001694871553,RT @JamaicaGleaner: 7.9 earthquake hits Costa Rica http://t.co/uZAnla8U,Related and informative,2012 Costa Rica earthquake,1,Informative
243370001707458561,Yahoo/Space- Magnitude 7.9 quake strikes northwestern Costa Rica: WASHINGTON (Reuters) - A 7.9 magnit... http://t.co/o60LTx4g - travel -,Related and informative,2012 Costa Rica earthquake,1,Informative
243370014315532289,RT @T13Noticias: Existe advertencia de Tsunami para Amércia Central por terremoto ocurrido en Costa Rica a las 8:42 hora local.,Related and informative,2012 Costa Rica earthquake,1,Informative
243370022699933696,Ya pude regresar a la compu. Bonito momento eligió mi celular para apagarse #temblorcr,Related - but not informative,2012 Costa Rica earthquake,0,Not informative
243370110771945472,7.9 quake off Pacific coast of Costa Rica: USGS   http://t.co/dFBziPuJ #International,Related and informative,2012 Costa Rica earthquake,1,Informative
243370144330563584,"Strong earthquake hits Costa Rica: A powerful earthquake of 7.9 magnitude rocks north-west Costa Rica, triggerin... http://t.co/iZDGq70x",Related and informative,2012 Costa Rica earthquake,1,Informative
243370156884103168,"RT @CNNChile: [ACTUALIZADO] Terremoto de 7,6° sacudió a Costa Rica. Onemi mantiene la alerta de tsunami para las costas de Chile. http:/ ...",Related and informative,2012 Costa Rica earthquake,1,Informative
243370173678096384,8.0 earthquake in costa rica 😳 hope my grandparents are okay,Related - but not informative,2012 Costa Rica earthquake,0,Not informative
243370358244274176,"Strong 7.9 quake hits Costa Rica, tsunami warning issued - Yahoo! News http://t.co/IgSLlNPo via @YahooNews",Related and informative,2012 Costa Rica earthquake,1,Informative
243370475663806464,"Strong 7.9 quake hits Costa Rica, tsunami warning issued. http://t.co/5paIoWUj",Related and informative,2012 Costa Rica earthquake,1,Informative
243370479845515268,No hubo un terremoto en costa rica hace unos dias? O es esto un dejavu? :/,Related - but not informative,2012 Costa Rica earthquake,0,Not informative
243370546966978561,"Fuertes réplicas se sienten ahora en #CostaRica tras #sismo de magnitud 7,6 que sacudió el país.",Related and informative,2012 Costa Rica earthquake,1,Informative
243370588922585089,"@CNNEE: Cancelan alerta d tsunami activada de #Centroamérica a #Brasil tras fuerte sismo de 7,6 q sacudió #CostaRica: http://t.co/d67FhANJ",Related and informative,2012 Costa Rica earthquake,1,Informative
243370614088417282,Que miedo! Ahora terremoto de 7.2 en Costa Rica y con todo y alerta de tsunami!!!,Related and informative,2012 Costa Rica earthquake,1,Informative
243370685391597568,7.9-magnitude quake hits off Costa Rica: An earthquake with a preliminary magnitude of 7.9 struck off the coast ... http://t.co/4vALj5az,Related and informative,2012 Costa Rica earthquake,1,Informative
243370794430918657,RT @eltipografo: SHOA entregó horarios de arribo a Chile de oleaje por terremoto en Costa Rica http://t.co/4BCLI9DO,Related and informative,2012 Costa Rica earthquake,1,Informative
243370916065705984,RT @KikeYanez510: RT @KTVU: #BREAKING A magnitude 7.9 Earthquake has struck off the coast of Costa Rica. A tsunami watch is in effect fo ...,Related and informative,2012 Costa Rica earthquake,1,Informative
243371100619280385,RT @TRIBUNAABIERTA1: Terremoto en Costa Rica de 8 grados en la escala de Richter... toda la información por ATV+,Related and informative,2012 Costa Rica earthquake,1,Informative
243371146760839168,RT @CALACNN: “@glendacnn: Estamos en vivo con fuerte sismo en #CostaRica” // Tu tierra mi (cont) http://t.co/MO8uhKCZ,Related - but not informative,2012 Costa Rica earthquake,0,Not informative
243371167740747776,"Pura Vida... RT @EliteDaily: Powerful earthquake hits northern Costa Rica, triggers tsunami warning- http://t.co/sgyaU24e",Related and informative,2012 Costa Rica earthquake,1,Informative
243371213882261505,"7.9 Earthquake in Costa Rica - we were just there-just heard from our friends, they r ok, but so scary!! prayers that it will stay that way!",Related and informative,2012 Costa Rica earthquake,1,Informative
243371243221426176,"RT @abc7newsBayArea: #BREAKING: 7.9 earthquake hits off the coast of Costa Rica, tsunami watch in effect.",Related and informative,2012 Costa Rica earthquake,1,Informative
243371310347075585,"RT @ActualidadRT: URGENTE #Terremoto de 7,9 grados sacude la costa de Costa Rica. Existe alerta de #tsunami para la costa del Pacífico h ...",Related and informative,2012 Costa Rica earthquake,1,Informative
243371385819365377,Revisa la hora en que llegarían a la costa chilena las olas causadas por el terremoto en #COSTARICA http://t.co/w2xN9I1W,Related and informative,2012 Costa Rica earthquake,1,Informative
243371398410694657,"RT @europapress_es: Aviso de tsunami en el Caribe tras un terremoto de 7,9 cerca de Costa Rica - http://t.co/m1VWGF7q",Related and informative,2012 Costa Rica earthquake,1,Informative
243371469718028288,"RT @ROZAMORA: Magnitud terremoto en Costa Rica es de 7,6 y se levantan las alertas de tsunami. El SHOA dará posible comunicado.",Related and informative,2012 Costa Rica earthquake,1,Informative
243371511673651200,"Alerta de tsunami incluye a Colombia, tras terremoto de 7,6 grados en Costa Rica.",Related and informative,2012 Costa Rica earthquake,1,Informative
243371511673671680,RT @TerraChile: [NACIONAL] Alerta de tsunami en Chile por terremoto 7.9 en Costa Rica http://t.co/EwgrYYUl,Related and informative,2012 Costa Rica earthquake,1,Informative
243371557819396096,RT @g1: Forte terremoto atinge a Costa Rica e gera alerta de tsunami. Ainda não informações sobre vítimas ou danos http://t.co/Rv2X5PNH,Related and informative,2012 Costa Rica earthquake,1,Informative
243371620700401665,"RT @abcnews: Tsunami warning after quake strikes Costa Ricahttp://t.co/HVOzoRQW",Related and informative,2012 Costa Rica earthquake,1,Informative
243371683631738880,¡Yo giniralmente no me asusto pero hoy sí! #temblorcr,Related - but not informative,2012 Costa Rica earthquake,0,Not informative
243371700425728000,"RT @rcavada: RT @Telenoticiasrd: Terremoto de 7,6 sacude #CostaRica - Telenoticias http://t.co/9ZS1mfsa",Related and informative,2012 Costa Rica earthquake,1,Informative
243371750748995587,"Ministro Hinzpeter por terremoto en Costa Rica, en Arica 17:23 estaría llegando el Tsunami",Related and informative,2012 Costa Rica earthquake,1,Informative
243371771707936768,"Terremoto en Costa Rica de 7,6",Related and informative,2012 Costa Rica earthquake,1,Informative
243371796869545987,"RT @GDACS: Red #earthquake alert (7.9M,depth:20km) in #Costa Rica (Bejuco) 5/9 14:42UTC, Pop100km:450000, tsunami 316cm: ,Sßmara http:// ...",Related and informative,2012 Costa Rica earthquake,1,Informative
243371809460854784,Magnitude-7.6 earthquake shakes Costa Rica http://t.co/Y8pp9Q4b,Related and informative,2012 Costa Rica earthquake,1,Informative
243371830436581376,"RT @Emol: Terremoto 7,9 Richter sacude Costa Rica y genera alerta de tsunami. Ampliaremos  http://t.co/h7EDFydh",Related and informative,2012 Costa Rica earthquake,1,Informative
243371855585615874,"RT @TelemundoNews: Revistan la magnitud del #terremoto en #CostaRica a 7,6 grados, USGS",Related and informative,2012 Costa Rica earthquake,1,Informative
243371880743043072,"RT @ElPeriodista: Terremoto de 7,9 grados Richter en Costa Rica provoca alerta de tsunami preventiva para costas chilenas - http://t.co/ ...",Related and informative,2012 Costa Rica earthquake,1,Informative
243371897553817600,"@_mannymeister thankyou ,I really needed to know costa rica had an earthquake ,when I'm here in md",Related - but not informative,2012 Costa Rica earthquake,0,Not informative
243371905946615808,RT @SonOfAKing3: “@UnivisionNews: BREAKING: Magnitude 7.9 earthquake strikes Northwestern Costa Rica” @100prayingwomen,Related and informative,2012 Costa Rica earthquake,1,Informative
243371960455815168,#Tsunami warning issued for Central America and parts of South America after 7.6 magnitude quake in Costa Rica. http://t.co/hNrbnFkk,Related and informative,2012 Costa Rica earthquake,1,Informative
243371989832695808,"RT @Reuters: Chile Interior Minister Hinzpeter says not yet issuing evacuation order for country's coastline following Costa Rica quake, ...",Related and informative,2012 Costa Rica earthquake,1,Informative
243372002382057472,"RT @CNNweather: #Tsunami Warnings remain in effect for Costa Rica, Panama, and Nicaragua after the now 7.6M quake: http://t.co/4jg0FjYJ",Related and informative,2012 Costa Rica earthquake,1,Informative
243372052730482690,"RT @A3Noticias: ÚLTIMA HORA: Aviso de tsunami en el Caribe tras un terremoto de 7,9 cerca de Costa Rica http://t.co/e0GvP2FA",Related and informative,2012 Costa Rica earthquake,1,Informative
243372056903815168,RT @LisaDCNN: QUAKE UPDATE: CNN reporting that all Tsunami warnings have been reduced for the Costa Rica quake.,Related and informative,2012 Costa Rica earthquake,1,Informative
243372161774018560,RT @gacetamercantil: Terremoto en Costa Rica: Desactivan alerta de tsunami,Related and informative,2012 Costa Rica earthquake,1,Informative
243372270821724160,#Terremotocr Todavia hay replicas y gente asustada! D:,Related - but not informative,2012 Costa Rica earthquake,0,Not informative
243372316963254273,[ #COSTARICA #TSUNAMI ADVISORY ]: NO TSUNAMI WAVES REPORTED YET--BE ON ALERT! PRECAUTIONARY EVACUATION RECOMMENDED! #Earthquake #PTWC,Related and informative,2012 Costa Rica earthquake,1,Informative
243372363088003072,"BREAKING NEWS...  A powerful 7.6-magnitude earthquake rocked Costa Rica, rattling buildings and cutting power in... http://t.co/7bpHsLIw",Related and informative,2012 Costa Rica earthquake,1,Informative
243372438610665472,RT @poinfo: Principales medios de Costa Rica inhabilitados tras fuerte terremoto http://t.co/wtKNGeIu,Related and informative,2012 Costa Rica earthquake,1,Informative
243372535067049984,コスタリカ (Costa Rica) es #TT en Japón por el terremoto de 7.6 con alerta de tsunami que ha sucedido hace unos minutos.,Related and informative,2012 Costa Rica earthquake,1,Informative
243372568617304064,RT @AP: BREAKING: Powerful magnitude-7.9 earthquake reported in Costa Rica.,Related and informative,2012 Costa Rica earthquake,1,Informative
243372774167552000,Powerful Earthquake Reported in Costa Rica - ABC News http://t.co/W6UmjhiY (via @ABC),Related and informative,2012 Costa Rica earthquake,1,Informative
243372912566996992,RT @inquirerdotnet: 7.9 quake off Pacific coast of Costa Rica—USGS http://t.co/aUPlg2Cb,Related and informative,2012 Costa Rica earthquake,1,Informative
243372988072853504,RT @Capital967: #ENVIVO: Descartan riesgo de tsunami para Perú tras terremoto de 7.6 en #Costa Rica http://t.co/LaAihPFp,Related and informative,2012 Costa Rica earthquake,1,Informative
243373017403645952,"Mapa y datos de Terremoto en Costa Rica: Magnitud 7.6 - 10km NE de Hojancha, Guanacaste http://t.co/eTWEVRPv ^rr",Related and informative,2012 Costa Rica earthquake,1,Informative
243373109699289088,RT @PublimetroChile: Hinzpeter descarta por ahora una evacuación ante posible tsunami por terremoto en Costa Rica --&gt; http://t.co/Chh ...,Related and informative,2012 Costa Rica earthquake,1,Informative
243373273251983363,"Terremoto de magnitud 7,6 sacude Costa Rica http://t.co/VqaIoY2w #cnn vía @CNNEE #fb",Related and informative,2012 Costa Rica earthquake,1,Informative
243373348787208193,Costa Rica: Earthquake hits at 7.9 magnitude:  http://t.co/3i2HJ0e6,Related and informative,2012 Costa Rica earthquake,1,Informative
243373520753664000,"@ReutersLatam: Centro Advertencia Tsunamis Pacífico retira alerta tsunami para Caribe tras #sismo #CostaRica, mantiene advertencia r ... ☁",Related and informative,2012 Costa Rica earthquake,1,Informative
243373562663161856,"RT @Disarm: USGS: Major earthquake hits #CostaRica, tsunami warning issued. http://t.co/fF1uny0U @nbcnews #LatinAmerica",Related and informative,2012 Costa Rica earthquake,1,Informative
243373579448754177,"“@BreakingNews: Caribbean-wide tsunami watch in effect after Costa Rican quake, Pacific Tsunami Warning Center  @Reuters” @DanielrBarron",Related and informative,2012 Costa Rica earthquake,1,Informative
243373633999880192,RT @el_icaro: Alcaldía del Puerto de La Libertad hace monitoreo por posible alto oleaje después de terremoto en Costa Rica #CostaRica #S ...,Related and informative,2012 Costa Rica earthquake,1,Informative
243373659153113089,"RT @SantiContreras: Terremoto de 7.6 en costa Rica - http://t.co/b0oYVNyH | Cobertura completa, siguenos @SantiContreras - #SantiNoticias",Related and informative,2012 Costa Rica earthquake,1,Informative
243373805941182464,“@washingtonpost: Powerful quake hits #CostaRica: http://t.co/U7u7FDY4” #sismocr #Temblocr,Related and informative,2012 Costa Rica earthquake,1,Informative
243373860462927873,RT @Elperiodiquito: Chile emite alerta de tsunami para sus costas tras terremoto de Costa Rica  http://t.co/WJ3ZoF00,Related and informative,2012 Costa Rica earthquake,1,Informative
243373868872507393,"RT @MUSAS_DCHAYANNE: ORACIONES P COSTA RICA ACABÓ D SUFRIR TERREMOTO D 7.9 GRADOS D INTENSIDAD.HAY ALERTA D TSUNAMI P MÉXICO, COL, ECUAD ...",Related - but not informative,2012 Costa Rica earthquake,0,Not informative
243374053396738049,"RT @ABC7: #BREAKINGNEWS 7.9-mag. #earthquake hits Costa Rica, about 50 miles from town of Liberia; no immediate report of damage or injuries",Related and informative,2012 Costa Rica earthquake,1,Informative
243374107939459072,Earthquake of 7.6 hits Costa Rica. Tsunami warning,Related and informative,2012 Costa Rica earthquake,1,Informative
243374107952029696,"@I_pain_less Si aun no te haz Enterado, Costa Rica ha Sufrido un Tremendo Terremoto, así que el HT de hoy Será #FuerzaCostaRica RETUIT",Related and informative,2012 Costa Rica earthquake,1,Informative
243374263128715264,"RT @biobio: [ACTUALIZADO] Terremoto 7,6 Richter se registra en Costa Rica http://t.co/8vbEHSiO",Related and informative,2012 Costa Rica earthquake,1,Informative
243374430917632000,"RT @Ricbelon: Alerta de tsunami incluye a Colombia, tras terremoto de 7,6 grados en Costa Rica.",Related and informative,2012 Costa Rica earthquake,1,Informative
243374468628623360,Alerta de tsunami en el sur por terremoto de Costa Rica,Related and informative,2012 Costa Rica earthquake,1,Informative
243374485422616576,Ministro Hinzpeter descarta evacuación por el momento tras terremoto en Costa Rica,Related and informative,2012 Costa Rica earthquake,1,Informative
243374498005516289,RT @nacion: Vecinos de San Carlos informan sobre derrumbes entre San Carlos y Zarcero #temblorcr,Related and informative,2012 Costa Rica earthquake,1,Informative
243374556729982977,"RT @Meganoticiascl: SISMO Terremoto 7,6 grados Richter se registró en Costa Rica. SHOA  confirma alerta de tsunami para Chile http://t.c ...",Related and informative,2012 Costa Rica earthquake,1,Informative
243374590288592896,@TheNextCorner you missed our earthquake 7.6 in Costa Rica,Related and informative,2012 Costa Rica earthquake,1,Informative
243374716126113792,Fuerza a todos los de #CostaRica,Related - but not informative,2012 Costa Rica earthquake,0,Not informative
243374737064071168,"Alerta de tsunami tras un terremoto de 7,9 cerca de Costa Rica - EcoDiario.es http://t.co/IzxTOHX4",Related and informative,2012 Costa Rica earthquake,1,Informative
243374766453583873,"Terremoto de magnitud 7,6 sacude Costa Rica http://t.co/G8iH9JtS #cnn vía @CNNEE Alerta de tsunami",Related and informative,2012 Costa Rica earthquake,1,Informative
243374791627771904,Fuerte #sismocr en #CostaRica ... Dios protegenos!,Related - but not informative,2012 Costa Rica earthquake,0,Not informative
243374800008011777,"RT @NoticiasCaracol: ÚLTIMA HORA Alerta de tsunami incluye a Colombia, tras terremoto de 7,6 grados en Costa Rica.",Related and informative,2012 Costa Rica earthquake,1,Informative
243374925816139776,Forte terremoto atinge a Costa Rica e gera alerta de tsunami http://t.co/dWyp7cVG,Related and informative,2012 Costa Rica earthquake,1,Informative
243374938428428289,"Terremoto 7,6 Richter sacude Costa Rica: alerta de tsunami - Terra Chile  http://t.co/sf6cNwN3 vía @TerraChile",Related and informative,2012 Costa Rica earthquake,1,Informative
243374976139403264,"RT @CNNEE: Cancelan alerta de tsunami activada desde #Centroamérica hasta #Brasil tras fuerte sismo de 7,9 que sacudió #CostaRica: http: ...",Related and informative,2012 Costa Rica earthquake,1,Informative
243375013896540160,"@zaynmalik Just had an earthquake here in Costa Rica, we need your prayers :(((",Related and informative,2012 Costa Rica earthquake,1,Informative
243375143945117696,Si es la Placa de Nazca... Puede ser que mueva la tierra aca en Chilito? #Terremoto en #CostaRica,Related - but not informative,2012 Costa Rica earthquake,0,Not informative
243375215231512576,RT @VeroLinaresC: @Capital967 Capitán de la Marina descarta riesgo de tsunami para Perú tras terremoto de 7.6 en #Costa Rica http://t.c ...,Related and informative,2012 Costa Rica earthquake,1,Informative
243375215244095488,RT @CNN: 7.6-magnitude quake hits on Costa Rican coast. http://t.co/iRzYxUA0,Related and informative,2012 Costa Rica earthquake,1,Informative
243375232017113088,RT @Viviana_Gibelli: Solidaridad con nuestros hermanos de #CostaRica por el fuerte Sismo.,Related - but not informative,2012 Costa Rica earthquake,0,Not informative
243375412376395776,"RT @outconsumer: Me confirma @chiguau que está bien, a pesar del terremoto en Costa Rica. Mi otro compadre tico @blindzord también. :)",Related - but not informative,2012 Costa Rica earthquake,0,Not informative
243375445901459456,RT @biobio: [ACTUALIZADA+FOTOS] Principales medios de Costa Rica inhabilitados tras fuerte terremoto http://t.co/2N2H3mzr,Related and informative,2012 Costa Rica earthquake,1,Informative
243375504625905664,RT @ninaism: Caribbean tsunami alert issued after powerful 7.9-magnitude quake rocks Costa Rica.,Related and informative,2012 Costa Rica earthquake,1,Informative
243375546594119680,RT @georgekourounis: Reports that quake has triggered landslides inland in Costa Rica,Related and informative,2012 Costa Rica earthquake,1,Informative
243375571747360768,RT @RDLKid: @springrose12 @HDNER Tsunami warning in Caribbean cancelled following Costa Rican earthquake; was meant for Pacific Ocean,Related and informative,2012 Costa Rica earthquake,1,Informative
243375588528766976,Terremoto en costa rica!! aaahhh ya no quiero ir!!!,Related - but not informative,2012 Costa Rica earthquake,0,Not informative
243375852753141760,RT @moanikitv: No tsunami threat to Hawaii after mag 7.6 earthquake rocks  Costa Rica,Related and informative,2012 Costa Rica earthquake,1,Informative
243375861137539073,Earthquake here in #costarica #temblorcr,Related - but not informative,2012 Costa Rica earthquake,0,Not informative
243375865369591809,My prayers go out to every1 in #CostaRica...just had a 7.9 earthquake,Related - but not informative,2012 Costa Rica earthquake,0,Not informative
243376028934873088,RT @teleSURtv: #Envivo reporta el miembro de los bomberos de #CostaRica: Se ha activado operativo de emergencia con todas las autoridade ...,Related and informative,2012 Costa Rica earthquake,1,Informative
243376062464147456,RT @InfoSismos: Boletín Nº2 NOAA-PTWC para el Pacífico http://t.co/6lQqsCT8 5-sep-2012 14:50 UTC #sismo #earthquake,Not related,2012 Costa Rica earthquake,0,Not informative
243376070861144064,#CostaRica Is Costa Rica OK? I'm worried about CostaRica....,Related - but not informative,2012 Costa Rica earthquake,0,Not informative
243376070882119680,"RT @DiarioLaPrensa: La alerta de tsunami continúa para Costa Rica, Panamá, Nicaragua http://t.co/ER6KoLkP #temblorcr",Related and informative,2012 Costa Rica earthquake,1,Informative
243376121184411649,RT @GiselaMPerezTV: First pictures surfacing of Costa Rica Earthquake. @skasoul: Temblor Carretera San Carlos Zarcero #temblorcr http:/ ...,Related and informative,2012 Costa Rica earthquake,1,Informative
243376129598169088,"@la_ser: Un terremoto de 7,9 sacude Costa Rica http://t.co/K6iqs2E7 cerca de la costa del Pacífico a una profundidad de 12 kilómetros",Related and informative,2012 Costa Rica earthquake,1,Informative
243376137995165698,Me cayó un tele encima. #TemblorCr jajajaja #mentira,Related - but not informative,2012 Costa Rica earthquake,0,Not informative
243376171524448257,RT @BreakingNews: Red Cross in Costa Rica says no casualties reported so far after quake - @Reuters,Related and informative,2012 Costa Rica earthquake,1,Informative
243376318341869569,Alerta de tsunami para las costas de Chile tras terremoto en Costa Rica http://t.co/Cu15L1Fy vía @emol,Related and informative,2012 Costa Rica earthquake,1,Informative
243376377057902592,RT @RobDavis_Wx: LANDSLIDE!... road blocked in Costa Rica after M7.6 earthquake http://t.co/e5c2AUas (courtesy: @skasoul) #temblorcr,Related and informative,2012 Costa Rica earthquake,1,Informative
243376381252235264,RT @patodrouet: A las 8:47 hubo un terremoto de 7.9 en Costa Rica y las réplicas amenazan Ecuador.,Related and informative,2012 Costa Rica earthquake,1,Informative
243376419009359872,"RT @elcomercio: El epicentro del terremoto en Costa Rica fue en tierra, por eso no se generó un tsunami.",Related and informative,2012 Costa Rica earthquake,1,Informative
243376465121517568,#Actualidad Chile emite alerta de tsunami para sus costas tras terremoto de Costa Rica http://t.co/UvKtEpMP,Related and informative,2012 Costa Rica earthquake,1,Informative
243376779690123264,"Powerful earthquake reported in Costa Rica: NOSARA, Costa Rica (AP) — A powerful, magnitude-7.... http://t.co/fueoYIDe (via AP Newsfeed)",Related and informative,2012 Costa Rica earthquake,1,Informative
243376783909584897,@MariBolonotto Terremoto en costa rica!!! 6.9 creo!,Related and informative,2012 Costa Rica earthquake,1,Informative
243376792289828864,"Powerful earthquake reported in Costa Rica: NOSARA, Costa Rica (AP) — A powerful, magnitude-7.... http://t.co/odMEBADD (via AP Politics)",Related and informative,2012 Costa Rica earthquake,1,Informative
243376947470680064,RT @elcomercio: Reiteramos: La DHN de la Marina del Perú descartó tsunami en nuestras costas por el terremoto en Costa Rica http://t.co/ ...,Related and informative,2012 Costa Rica earthquake,1,Informative
243377115247038464,"@BoqueronChiri San Jose, Costa Rica, temblor considerable, se sintio en mi #Chiriqui segun reportes!!",Related - but not informative,2012 Costa Rica earthquake,0,Not informative
243377152983191552,"RT @24HorasTVN:SHOA publica en este momento, q' hay alerta d tsunami para #Chile por terremoto en #CostaRica http://t.co/1A8FwqwV”",Related and informative,2012 Costa Rica earthquake,1,Informative
243377224290562048,RT @AustralianBuzz: 7.6 #Quake off coast of Costa Rica 83km Sth of Liberia - Tsunami watch issued  http://t.co/8ojLIy2i  #theBuzz,Related and informative,2012 Costa Rica earthquake,1,Informative
243377379504971776,Se establece alerta de tsunami para las costas de Chile por terremoto en Costa Rica,Related and informative,2012 Costa Rica earthquake,1,Informative
243377593393504257,RT @elsoldeiquique: Fuerte terremoto en Costa Rica y alerta INFORMATIVA de tsunami en Chile (llegaría a #Iquique alas 17:30 horas) http: ...,Related and informative,2012 Costa Rica earthquake,1,Informative
243377597579395073,RT @gabydiazaragon: La cruz roja en #CostaRica ha manifestado que no hay víctimas que lamentar tras fuerte sismo ocurrido el día de hoy,Related and informative,2012 Costa Rica earthquake,1,Informative
243377597612969984,RT @Michelle9647: RT @BreakingNews: Red Cross in Costa Rica says no casualties reported so far after quake - @Reuters ll @JALpalyul,Related and informative,2012 Costa Rica earthquake,1,Informative
243377601790480384,RT @Reuters: Red Cross in Costa Rica says no casualties reported so far after 7.6-magnitude earthquake http://t.co/IroAyLyv,Related and informative,2012 Costa Rica earthquake,1,Informative
243377631142215680,"Major earthquake hits Costa Rica, tsunami warning issued http://t.co/kZ20IzD0",Related and informative,2012 Costa Rica earthquake,1,Informative
243377803138052098,#costarica #lingerie Not to blame for missed do the job. http://t.co/9mJaCMTl,Not related,2012 Costa Rica earthquake,0,Not informative
243377807307190272,@AffiliateDesire Poor Quality Footage of Costa Rican Earthquake - Sept 5th 2012 http://t.co/fqZodBMJ,Related - but not informative,2012 Costa Rica earthquake,0,Not informative
243377845072715777,Bummer for Caribbean locals &amp; vacationers. Major quake hits near Costa Rica coast: http://t.co/6sL4AtOj Hope all is well down there!,Related and informative,2012 Costa Rica earthquake,1,Informative
243377920561790976,RT @vladsagot: “@criperro: Vean como quedó el edificio de Ingenieria Electrica de la UCR #temblorcr http://t.co/bDwbld2b” #temblocr,Related - but not informative,2012 Costa Rica earthquake,0,Not informative
243377975079358465,RT @SkyAlertMx: Video del fuerte terremoto en Costa Rica #SismoEnVivo http://t.co/xXy32tHV,Related - but not informative,2012 Costa Rica earthquake,0,Not informative
243377979273666560,"RT @TravelGov: #EmergencyMessage via @USGS: #tsunami warning for #ElSalvador, #Panama, #Nicaragua, #Mexico, #CostaRica, &amp; others. ht ...",Related and informative,2012 Costa Rica earthquake,1,Informative
243378029626269696,Terremoto muy fuerte cerca de costa rica,Related and informative,2012 Costa Rica earthquake,1,Informative
243378054792093696,Powerful Earthquake Reported in Costa Rica - ABC News http://t.co/LmeSkkA3 (via @ABC),Related and informative,2012 Costa Rica earthquake,1,Informative
243378247709110272,RT @criperro: Vean como quedó el edificio de Ingenieria Electrica de la UCR #temblorcr http://t.co/oJ3d9Gs9 // #terremotoCR,Related and informative,2012 Costa Rica earthquake,1,Informative
243378340008976385,http://t.co/fTgUBdzY Terremoto en Costa Rica =/,Related and informative,2012 Costa Rica earthquake,1,Informative
243378377719955456,"Costa Rica quake downgraded to 7.6, no immediate reports of casualties. Tsunami warning lifted for Caribbean, still in place for Pacific.",Related and informative,2012 Costa Rica earthquake,1,Informative
243378600018075649,"Un terremoto de intensidad 7,9 sacude Costa Rica. http://t.co/hia06BDm",Related and informative,2012 Costa Rica earthquake,1,Informative
243378679726620672,RT @natyrodriguez: Fue #temblocr o #terremotocr ?,Related - but not informative,2012 Costa Rica earthquake,0,Not informative
243378847502962688,RT @AP: Costa Rica official: There's chaos in San Jose because it was a strong earthquake of long duration: http://t.co/XM78Yz5P  -MM,Related and informative,2012 Costa Rica earthquake,1,Informative
243378910413328384,El Shoa canceló la alerta de #TSUNAMI en Chile por el terremoto en Costa Rica  http://t.co/elSm99vE,Related and informative,2012 Costa Rica earthquake,1,Informative
243379094950141953,D: terremoto en Costa Rica,Related - but not informative,2012 Costa Rica earthquake,0,Not informative
243379212420001792,Esperamos que todos los amigos de Costa Rica entre ellas @LasRobertas estén bien tras el terremoto. Pendientes de novedades.,Related - but not informative,2012 Costa Rica earthquake,0,Not informative
243379346616770560,#WorldNews #News Quake rocks Costa Rican coast: Some damage has been reported after a strong earthquake struck o... http://t.co/qi7aZ6mk,Related and informative,2012 Costa Rica earthquake,1,Informative
243379346633547776,RT @estrellaconce: El Shoa canceló la alerta de #TSUNAMI en Chile por el terremoto en Costa Rica  http://t.co/Ii2FWt9K,Related and informative,2012 Costa Rica earthquake,1,Informative
243379426329501696,"RT @elsalvadorcom: VIDEO: Terremoto de 7.6 grados en la escala Richter registrado en #CostaRica a las 8:42 am, según USGS. http://t.co/m ...",Related and informative,2012 Costa Rica earthquake,1,Informative
243379438908219392,http://t.co/c9TCmf1F Strong earthquake hits Costa Rica: A powerful earthquake of 7.6 magnitude rocks north-west C... http://t.co/9lsjq70l,Related and informative,2012 Costa Rica earthquake,1,Informative
243379526959247361,RT @Tomasenlinea: A propo del reciente terremoto en Costa Rica de casi 8 grados Richter. TIPS en prevención de desastres: http://t.co/cU ...,Related and informative,2012 Costa Rica earthquake,1,Informative
243379598287589376,7.6-magnitude quake strikes off Costa Rica coast http://t.co/0n5DZmLZ #BreakingNews #CostaRica,Related and informative,2012 Costa Rica earthquake,1,Informative
243379824775819264,@razaespn reporting that there has been damage reported to the Estadio Nacional in Costa Rica following earthquake.,Related and informative,2012 Costa Rica earthquake,1,Informative
243379963200425984,RT @climavzla: #CostaRica: Se reportan daños en #SanJosé en el histórico #TeatroNacional y en otros edificios de la capital. via @NUNEZML,Related and informative,2012 Costa Rica earthquake,1,Informative
243380160332697600,"Calma ! calma ! que no panda el cunico,sirvió para que nos espabilaramos, el país se esta callendo en pedazos #terremotocr #temblorcr",Related - but not informative,2012 Costa Rica earthquake,0,Not informative
243380223213711360,"Powerful Quake Hits Costa Rica, Tsunami Warning Issued http://t.co/0o4UuN0t",Related and informative,2012 Costa Rica earthquake,1,Informative
243380583953211393,"RT @climavzla: : URGENTE// Un terremoto de magnitud 7,9 sacudió #CostaRica, según el Servicio Geológico de Estados Unidos (vía @CNNE) vi ...",Related and informative,2012 Costa Rica earthquake,1,Informative
243381099844210688,Terremoto en costa rica,Related - but not informative,2012 Costa Rica earthquake,0,Not informative
243381112414535681,7.6-magnitude quake strikes off Costa Rica coast http://t.co/107UAiqq,Related and informative,2012 Costa Rica earthquake,1,Informative
243381145994133504,RT @AlertNet: No casualties reported after Costa Rica quake so far-Red Cross http://t.co/JwixjWBI #redcross #quake #costarica,Related and informative,2012 Costa Rica earthquake,1,Informative
243381569614651392,RT @cambronero: Absolutamente sorprendido por la falta de comprobación de datos y fuentes de periodistas en TV  #terremotocr,Related - but not informative,2012 Costa Rica earthquake,0,Not informative
243381598978981888,There was a earthquake magnitude of 7.6 that hit costa rica this morning -- only 2 hours from our honeymoon spot!,Related and informative,2012 Costa Rica earthquake,1,Informative
243381867393474560,RT @pedrobiaggishow: Orando por nuestros hermanos en Costa Rica que fueron sacudidos por un terremoto de 7.6  @ElZol1079,Related - but not informative,2012 Costa Rica earthquake,0,Not informative
243381871591972864,RT @glendacnn: “@ameliarueda: Informan de derrumbes en varias carreteras. Muchos lugares aún sin luz. Recibimos sus reportes. #terremotocr”,Related and informative,2012 Costa Rica earthquake,1,Informative
243381871591972865,RT @NBCNews: BREAKING: Major quake hits near Costa Rica coast; Caribbean-wide tsunami watch issued http://t.co/i4mBTrzG,Related and informative,2012 Costa Rica earthquake,1,Informative
243381905133817856,Informa @midiariopanama: Universidad de #CostaRica reporta paredes fuertemente agrietadas por sismo en territorio costarricense.,Related and informative,2012 Costa Rica earthquake,1,Informative
243382043554234370,7.6-magnitude quake hits off Costa Rica http://t.co/u8DiLvBG @amarchugg #news,Related and informative,2012 Costa Rica earthquake,1,Informative
243382324589367296,That earthquake in Costa Rica has sustained tens of hundreds of dollars worth of damage.  Very sad.,Related and informative,2012 Costa Rica earthquake,1,Informative
243382475559170048,RT @maunina: Playa Pilas Guanacaste #temblorcr http://t.co/2U1vmuqA,Related and informative,2012 Costa Rica earthquake,1,Informative
243382546887491584,RT @IGecuador: Imágenes muestran consecuencias del terremoto en Costa Rica http://t.co/GKHgDpm3 vía @biobio,Related and informative,2012 Costa Rica earthquake,1,Informative
243382651749281792,"RT @CALLE7VSYINGO1: alerta de tsunami para costa chilena tras terremoto en Costa Rica  El movimiento tuvo una magnitiud de 7,6 Richter.  ...",Related and informative,2012 Costa Rica earthquake,1,Informative
243382727225782272,RT @TerraChile: [NACIONAL] Terremoto en Costa Rica: informe cancela alerta de tsunami para Chile http://t.co/nUQWToRN,Related and informative,2012 Costa Rica earthquake,1,Informative
243382760797007873,【地震情報】 5日23時42分頃 - 震源地 中米（コスタリカ）: 9月5日23時42分頃、中米（コスタリカ）を震源とする地震が発生しました。 http://t.co/Wn29KteE #Earthquake,Not applicable,2012 Costa Rica earthquake,0,Not informative
243382936961945600,@RPPNoticias: Atención: Levantan alerta de tsunami en el Perú tras fuerte sismo que sacudió #CostaRica @HeyItsLauraJ are you ok? Omg,Related and informative,2012 Costa Rica earthquake,1,Informative
243382949528076288,RT @PenchoyAida: RT @arnulfogavidia: http://t.co/Y4fIph3d VIDEO DEL MOMENTO DEL TEMBLOR EN COSTA RICA / Gracias por compartir el vídeo!,Related and informative,2012 Costa Rica earthquake,1,Informative
243383138254999552,"A powerful, magnitude-7.6 earthquake on Costa Rica and a wide swath of Central America on Wednesday, collapsing some houses.",Related and informative,2012 Costa Rica earthquake,1,Informative
243383360561483776,Canal de Costa Rica transmite en directo primeras imágenes del terremoto. Mira aquí http://t.co/TyC2vbFC,Related and informative,2012 Costa Rica earthquake,1,Informative
243383503188787201,"Terremoto de magnitude 7,6 atinge Costa Rica; emitido alerta de tsunami",Related and informative,2012 Costa Rica earthquake,1,Informative
243383561917452288,Alerta de tsunami en el Pacífico tras un fuerte terremoto en Costa Rica http://t.co/1rmdKvUV vía @elmundoes,Related and informative,2012 Costa Rica earthquake,1,Informative
243383633216409600,(usa today) Magnitude 7.6 quake strikes Costa Rica: A powerful magnitude-7.6 earthquake struck in Costa Rica tod... http://t.co/arJ2dp3x,Related and informative,2012 Costa Rica earthquake,1,Informative
243383633216413698,#costarica Offers anyone utilized this particular?  http://t.co/HPp6zqhi,Not related,2012 Costa Rica earthquake,0,Not informative
243383729668640768,"Costa Rica struck by 7.9 mag quake about 38 miles from town of Liberia, centered about 25 miles below the surface. No fatalities reported.",Related and informative,2012 Costa Rica earthquake,1,Informative
243383784194580480,"Earthquake Strikes Off Costa Rica Coast: A tsunami warning has been issued after a powerful earthquake, measurin... http://t.co/HgyxRGCP",Related and informative,2012 Costa Rica earthquake,1,Informative
243383947776647168,RT @Djprieto_y_Neta: como estan nuestros amigos de Costa Rica? Fue fuerte el terremoto? les deseo que no haya daños materiales fuertes!!!,Related - but not informative,2012 Costa Rica earthquake,0,Not informative
243384031645925376,RT @HuffingtonPost: Tsunami warning issued after Costa Rica quake http://t.co/c9fM5iGF,Related and informative,2012 Costa Rica earthquake,1,Informative
243384174285844480,RT @USGS: Magnitude 7.6 quake strikes west coast of Costa Rica: http://t.co/uRzQz9oh Tsunami info here: http://t.co/5FyzyrGC,Related and informative,2012 Costa Rica earthquake,1,Informative
243384186860351489,Ben benieuwd of we er wat van mee krijgen tijdens de vakantie komende weken. #costarica #tsunami #aardbeving,Not applicable,2012 Costa Rica earthquake,0,Not informative
243384279126663168,"RT @INFORMADORCHILE: Terremoto 7,6 Ricther  sacude Costa Rica máxima percepción mercalli VII Cancelada alerta de tsunami para Chile  htt ...",Related and informative,2012 Costa Rica earthquake,1,Informative
243384476254756864,RT @Reuters: Costa Rica 7.6-magnitude earthquake largest quake to hit the country since 1991 http://t.co/bDiSXERD,Related and informative,2012 Costa Rica earthquake,1,Informative
243384488820887552,http://t.co/9knIr8Ie #temblorcr,Related and informative,2012 Costa Rica earthquake,1,Informative
243384652411322368,"RT @Teccr: Se suspenden por hoy lecciones y funciones en el #TEC, según Rectoría. #temblorcr",Related and informative,2012 Costa Rica earthquake,1,Informative
243384799237124097,"RT @GaboRumbos: O_O RT @felipezarate: Playa Pilas, Guanacaste luego del #TemblorCR Fuente: http://t.co/hyePW5AH http://t.co/9t4eZy77",Not related,2012 Costa Rica earthquake,0,Not informative
243385008943923200,Powerful magnitude-7.6 earthquake reported in Costa Rica http://t.co/5wnQNFw7,Related and informative,2012 Costa Rica earthquake,1,Informative
243385143144898562,Cheken Calles en #CostaRica RT @Alonzo_s: Una foto de cómo quedaron algunas calles rumbo a la playa luego del terremoto http://t.co/vpwNtJAQ,Related and informative,2012 Costa Rica earthquake,1,Informative
243385386401947649,#earthquake M7.6: Costa Rica http://t.co/OMfrCoCO,Related and informative,2012 Costa Rica earthquake,1,Informative
243385847804731392,"RT @CNNEE: #COSTARICA: Se reportan al menos 25 replicas tras el terremoto de 7,6 grados de las 8:42am de este día http://t.co/Est8n06Z # ...",Related and informative,2012 Costa Rica earthquake,1,Informative
243385902301335552,Por #temblorcr olvidé que hoy es miércoles de manga :D,Related - but not informative,2012 Costa Rica earthquake,0,Not informative
243386627949477889,[VIDEO] Nicaragua evacuó a las comunidades del Pacífico por el terremoto en Costa Rica #TSUNAMI http://t.co/44Sf0pUD,Related and informative,2012 Costa Rica earthquake,1,Informative
243386720194818049,RT @sjmcoppola: #terremotocr 7.6 scale #earthquake en #Liberia #Guanacaste #CostaRica muy fuerte!!,Related and informative,2012 Costa Rica earthquake,1,Informative
243386724422672385,"LoL..WTH was that earthquake.. God that was very scary, take care of all of us in Costa Rica..!",Related - but not informative,2012 Costa Rica earthquake,0,Not informative
243386871214927872,RT @lucasdominguezi: Ya salió Marcelo Lagos hablando del terremoto en Costa Rica?,Related - but not informative,2012 Costa Rica earthquake,0,Not informative
243387202543955968,RT @actual_FM: Normalidad en las actividades del Aeropuerto Internacional Juan Santamaría. #terremotoCR,Related - but not informative,2012 Costa Rica earthquake,0,Not informative
243387416449277952,RT @nuevaya: Dos desaparecidos al volcarse lancha por el fuerte oleaje en Bluefields tras terremoto en #Costa Rica #Nicaragua,Related and informative,2012 Costa Rica earthquake,1,Informative
243387449999515651,RT @RT_com: First VIDEO: 7.6 magnitude quake strikes off the coast of Costa Rica http://t.co/pkSZQESr,Related and informative,2012 Costa Rica earthquake,1,Informative
243387454193795072,"Reportan al menos 25 replicas tras el #terremoto de 7,6 grados de las 8:42 am de hoy en #CostaRica.",Related and informative,2012 Costa Rica earthquake,1,Informative
243387751993589761,Daños en edificio de  #CostaRica tras sismo de 7.6 http://t.co/qBRtbT1t,Related and informative,2012 Costa Rica earthquake,1,Informative
243387970126741504,@RinconSalfate terremoto en costa rica,Related - but not informative,2012 Costa Rica earthquake,0,Not informative
243388049797574657,RT @Independent: Tsunami warning issued as powerful 7.6 quake hits Costa Rica http://t.co/PyeTR5b8,Related and informative,2012 Costa Rica earthquake,1,Informative
243388116906426368,28-mile deep earthquake strikes: An earthquake with a magnitude of 7.6 struck off the coast of Costa Rica Wednes... http://t.co/QUEEUkYS,Related and informative,2012 Costa Rica earthquake,1,Informative
243388779631607808,Caida de Puente en Rio Sucio Guanacaste #CostaRica #Terremoto7.6 http://t.co/MpIf9IIJ,Related and informative,2012 Costa Rica earthquake,1,Informative
243389396185931776,Pray that all are safe ... RT @BreakingNews: Magnitude 7.9 earthquake strikes off the coast of Costa Rica - USGS,Related and informative,2012 Costa Rica earthquake,1,Informative
243389622686732288,Corrigieron la magnitud del terremoto en #CostaRica a 6.7 grados y descartaron la alerta sobre el posible #tsunami,Related and informative,2012 Costa Rica earthquake,1,Informative
243389861741068288,7.6-magnitude #Earthquake hits #CostaRican coast http://t.co/3PBwSz4y #cnn,Related and informative,2012 Costa Rica earthquake,1,Informative
243390214071001088,RT @nacion: Presidenta Chinchilla reafirma en vivo que se descarta que zona costera pueda ser afectada por un tsunami. #temblorcr,Related and informative,2012 Costa Rica earthquake,1,Informative
243390297936130048,Nooo! “@AP: Costa Rica official: There's chaos in San Jose because it was a strong earthquake of long duration: http://t.co/ta2f2KpZ  -MM”,Related and informative,2012 Costa Rica earthquake,1,Informative
243390306358267904,http://t.co/2uuws3UA　#earthquake #temblorcr in Costa Rica photo set,Related and informative,2012 Costa Rica earthquake,1,Informative
243390335684837377,"Que dicha RT @Prensa_MCJ: Teatro Nacional de Costa Rica NO reporta daños en su estructura, debido al #TemblorCR",Related and informative,2012 Costa Rica earthquake,1,Informative
243390360884232192,RT @BreakingNews: Costa Rica president says no report of loss of life so far after quake - @Reuters; more updates on http://t.co/BGETbzo ...,Related and informative,2012 Costa Rica earthquake,1,Informative
243390465704095744,"RT @ActualidadRT: En Costa Rica el #terremoto fue muy fuerte y de larga duración. Causó caos colectivo, informan testigos #noticias ht ...",Related and informative,2012 Costa Rica earthquake,1,Informative
243390667043266560,"RT @tudiscovery: Se registra un fuerte #Sismo en  #CostaRica, se declaró una alerta de tsunami para #CostaRica, #Panama y #Nicaragua",Related and informative,2012 Costa Rica earthquake,1,Informative
243390675431854080,"RT @CruzRojaInforma: Más de 25 réplicas se registran en Costa Rica tras terremoto de 7,6 El sismo más fuerte en el país desde 1991 #Cruz ...",Related and informative,2012 Costa Rica earthquake,1,Informative
243390692221665280,RT @nacion: En la Fortuna de San Carlos: Evacuaron hotel Tabacón por desprendimiento de piedras del volcán. #temblorcr,Not related,2012 Costa Rica earthquake,0,Not informative
243390792889163776,"Earthquake Hits Off Costa Rica, Tsunami Warnings Issued http://t.co/UNj9Z75K",Related and informative,2012 Costa Rica earthquake,1,Informative
243391027757580289,RT @mpinelc: Se levanta o retira la alerta de Tsunami sobre las costas del Pacífico #temblorcr,Related and informative,2012 Costa Rica earthquake,1,Informative
243391174541451265,RT @primerahora: Ve vídeos del fuerte #terremoto se registró en #CostaRica http://t.co/KzxYhzZO,Related and informative,2012 Costa Rica earthquake,1,Informative
243391208100089857,RT @JornalOGlobo: Forte terremoto atinge Costa Rica e alerta de tsunami é emitido até para América do Sul. http://t.co/S17aqTk4,Related and informative,2012 Costa Rica earthquake,1,Informative
243391342347169793,@nacion: Presidenta Chinchilla reafirma en vivo que se descarta que zona costera pueda ser afectada por un tsunami. #temblorcr,Related and informative,2012 Costa Rica earthquake,1,Informative
243391610761646080,El sensacionalismo de Frecuencia Latrina es patética... anuncian como Cataclismo el terremoto en Costa Rica ...,Related - but not informative,2012 Costa Rica earthquake,0,Not informative
243391694647742464,"RT @biobio: [FOTOS] Imágenes muestran consecuencias del terremoto 7,6 Richter en Costa Rica  http://t.co/Q8YlnCF7",Related and informative,2012 Costa Rica earthquake,1,Informative
243391778546405376,RT @RadioReloj: Suspenden clases en escuelas y colegios públicos del país por #TemblorCR,Related and informative,2012 Costa Rica earthquake,1,Informative
243391937929945088,"◦ Kyodo: M7.6 quake jolts Costa Rica, regional tsunami warning issued http://t.co/bALQNQ0l #japan",Related and informative,2012 Costa Rica earthquake,1,Informative
243392294433222656,#Humor #TemblorCR http://t.co/GcwCyIfe,Related - but not informative,2012 Costa Rica earthquake,0,Not informative
243392315429908480,"Alerta de tsunami en el Pacífico tras un terremoto de 7,9 en Costa Rica http://t.co/5l7QA91c vía: elpaiseconomia",Related and informative,2012 Costa Rica earthquake,1,Informative
243392617390424064,Costa Rica quake http://t.co/cbXfpp4Q,Related - but not informative,2012 Costa Rica earthquake,0,Not informative
243392877458247680,RT @SantiContreras: Puente sobre el río Sucio en Costa Rica colapsó tras el terremoto. #SantiNoticias | Seguimos informando.,Related and informative,2012 Costa Rica earthquake,1,Informative
243393208778911744,RT @GrupoCanZion: Únete a nuestra #oración por nuestros #hermanos Costarricenses. #OracionEnCadena #CostaRica #Sismo http://t.co/ThTVYRyh,Related - but not informative,2012 Costa Rica earthquake,0,Not informative
243393565324111872,"@DraPoloOficial Aca en San Jose el #temblorcr se sintio demasiado fuerte! Gran susto, pero gracias a Dios estamos bien. Saludos.",Related - but not informative,2012 Costa Rica earthquake,0,Not informative
243393816990736384,"Muere mujer de 50 años en clínica de Filadelfia, por ataque cardíaco, confirmó Eva Camargo, directora del Hospital #temblorcr",Not related,2012 Costa Rica earthquake,0,Not informative
243393980551811072,"Powerful quake hits Costa Rica, tsunami warning issued - Yahoo! News http://t.co/nQscFMTU via @YahooNews",Related and informative,2012 Costa Rica earthquake,1,Informative
243394118959652864,"RT @radiopublica: Vigente alerta de #tsunami para #CostaRica, #Panamá y #Nicaragua. Se descarta la alerta para las costas del #Pacífico.",Related and informative,2012 Costa Rica earthquake,1,Informative
243394244784574465,RT @RPPNoticias: Atención: Levantan alerta de tsunami en el Perú tras fuerte sismo que sacudió  #CostaRica,Related and informative,2012 Costa Rica earthquake,1,Informative
243394286740193280,RT @ElNuevoDia: USGS canceló la vigilancia de tsunami para el Caribe tras #terremoto de 7.9 que sacudió a #CostaRica  http://t.co/zQzxr4th,Related and informative,2012 Costa Rica earthquake,1,Informative
243394387386703872,"RT @WilliamTeach: Which Warmist will be the first to blame the Costa Rica earthquake on climate change// Dumbass, see GEOLOGY..",Related - but not informative,2012 Costa Rica earthquake,0,Not informative
243395385643634689,RT @CNNEE: Qué tuitear inmediatamente después de un desastre o emergencia: http://t.co/SCpaKrs3 #CostaRica #terremotocrr,Related - but not informative,2012 Costa Rica earthquake,0,Not informative
243395666649444352,"RT @La_SER: Un terremoto de 7,9 sacude Costa Rica http://t.co/sgFJLFqq Ha tenido lugar cerca de la costa del Pacífico a una profundidad  ...",Related and informative,2012 Costa Rica earthquake,1,Informative
243395779908231169,RT @jomugil: ya me dio hambre de ansiedad #temblorcr,Related - but not informative,2012 Costa Rica earthquake,0,Not informative
243396065133465600,RT @CNNEEfans: ACTUALIZACIÓN: Presidente de #CostaRica Chinchilla dice que hay reportes de daños pero no muertes y de heridos tras el te ...,Related and informative,2012 Costa Rica earthquake,1,Informative
243396086096592896,RT @Reuters: Costa Rica President Chinchilla says no report of loss of life so far after earthquake http://t.co/IroAyLyv,Related and informative,2012 Costa Rica earthquake,1,Informative
243396115460915201,@elmundoes: Un terremoto de magnitud 7.9 sacude Costa Rica no me lo puedo creer.... Como vamos @CynLoM,Related and informative,2012 Costa Rica earthquake,1,Informative
243396241285861376,7.6-magnitude quake hits Costa Rican coast:  http://t.co/nzoIPEe7,Related and informative,2012 Costa Rica earthquake,1,Informative
243396954300760065,#temblorcr cómo está la ruta 32?,Related - but not informative,2012 Costa Rica earthquake,0,Not informative
243397562474844160,RT @TimJohnson4: Costa Rican prez: Damage but no deaths from quake; aircraft surveying affected region,Related - but not informative,2012 Costa Rica earthquake,0,Not informative
243397726069485568,RT @adncolombia: Se descarta Tsunami en Colombia tras fuerte terremoto en Costa Rica.,Related and informative,2012 Costa Rica earthquake,1,Informative
243397809968140288,Powerful Earthquake Reported in Costa Rica http://t.co/kYreOVVw,Related and informative,2012 Costa Rica earthquake,1,Informative
243397910606274560,CHICABRAVA stoked in style :) waiting out the Tsunami warning after the huge earthquake in Costa Rica! Hope... http://t.co/fYuOgSmR,Related and informative,2012 Costa Rica earthquake,1,Informative
243398250332311552,"Fuerte cismo sacudió #CostaRica, una señal más de que el tiempo se termina.",Related and informative,2012 Costa Rica earthquake,1,Informative
243398351020752896,RT @elVolcanArenal: Grietas en el camino al Castillo #nortenlinea #temblorcr @RadioSantaClara  http://t.co/WWlaNBlz,Related - but not informative,2012 Costa Rica earthquake,0,Not informative
243398468448681984,"Saludos a nuestros hermanos costarricenses, que todo esté bien, Dios los bendiga #CostaRica",Related - but not informative,2012 Costa Rica earthquake,0,Not informative
243398736900939777,RT @alejandraoraa: Oficialmente se ha cancelado el alerta de #tsunami para #Nicaragua #CostaRica y #Panamá #Temblor #CostaRica,Related and informative,2012 Costa Rica earthquake,1,Informative
243398938219139072,RT @TIME: Tsunami warning issued after Costa Rica earthquake | http://t.co/NairyArP,Related and informative,2012 Costa Rica earthquake,1,Informative
243399592530563073,Holy shit a 7.6 quake in Costa Rica?! Unbelievable.. Would have never expected any sort of extreme fault activity in that region.. #prayers😔,Related - but not informative,2012 Costa Rica earthquake,0,Not informative
243400058115063809,Terremoto en Costa Rica no genera alerta de tsunami en el Perú http://t.co/kronyBGw vía @elcomercio,Related and informative,2012 Costa Rica earthquake,1,Informative
243400288793407488,RT @eluniversocom: En #Manta algunos padres recogieron a sus hijos en planteles por precaución.  #CostaRica http://t.co/fOFH9TMA,Related and informative,2012 Costa Rica earthquake,1,Informative
243400402043822080,"Todos mi apoyo y ánimo a Costa Rica, que acaba de sufrir un terremoto de 6,7 #fuerzaCR",Related and informative,2012 Costa Rica earthquake,1,Informative
243401098281512960,RT @tweet_quake: COSTA RICA. Confirmada una mujer fallecida por un ataque cardiaco durante el terremoto/ vía @LauraRodriguezJ,Related and informative,2012 Costa Rica earthquake,1,Informative
243401194737901569,"RT @cnnbrk: Tsunami warning for Costa Rica, Nicaragua, Panama canceled after 7.6 quake. http://t.co/i7KZ1uZX",Related and informative,2012 Costa Rica earthquake,1,Informative
243401354121474048,RT @Elperiodiquito: Chile emite alerta de tsunami para sus costas tras terremoto de Costa Rica  http://t.co/1NavWaFw,Related and informative,2012 Costa Rica earthquake,1,Informative
243401379312459776,URGENT: Magnitude 7.6 quake strikes Costa Rica http://t.co/3EC6L3wM,Related and informative,2012 Costa Rica earthquake,1,Informative
243402272669851648,"RT @Emol: Levantan alerta tsunami para Costa Rica, Panamá y Nicaragua tras terremoto http://t.co/qzZ8smZF",Related and informative,2012 Costa Rica earthquake,1,Informative
243402343989792771,RT @anyperezcr: El mayor #temblorcr fue 5-10-59 con magnitud 7.7 Buen dato de @ADNfm http://t.co/5u7W90A7,Not related,2012 Costa Rica earthquake,0,Not informative
243403052827148288,"RT @rescaterock: URGENTE!!!!  PEDIMOS ORACION!!!!  Terremoto de magnitud 7,9 sacudió a Costa Rica Hoy Miércoles 5/9 Y Alerta de... http: ...",Related - but not informative,2012 Costa Rica earthquake,0,Not informative
243403333849735168,"RT @elsalvadorcom: Cuenta @Edwin_Torres08: Vieran como se sintió, yo vivo en #CostaRica y fue parecido al de hace 11 años en El Salvador.",Related - but not informative,2012 Costa Rica earthquake,0,Not informative
243403535193096192,"“@csmonitor: Strong 7.6 earthquake shakes Costa Rica, buildings collapsed http://t.co/jhgKhyJD”/// say a prayer for costa rica",Related and informative,2012 Costa Rica earthquake,1,Informative
243403954615091201,"RT @motivador2000: Oremos por Costa Rica, Acaban de sufrir un terremoto de 7.9 y una alerta de Tsunami para la costa Norte del pais.",Related - but not informative,2012 Costa Rica earthquake,0,Not informative
243404004917379073,"Powerful quake hits Costa Rica, tsunami warning issued – Reuters http://t.co/JwTblOtO",Related and informative,2012 Costa Rica earthquake,1,Informative
243405590402043905,RT @nacion: ‘Los tanques de oxígeno rodaban por el suelo’ #temblorcr http://t.co/5zZIo1QD,Not related,2012 Costa Rica earthquake,0,Not informative
243405674258771968,RT @elVolcanArenal: Yo no fui #temblorcr,Related - but not informative,2012 Costa Rica earthquake,0,Not informative
243405800113061889,Las personas que crearon el Código Sísmico y los políticos que lo aprobaron deberían ser homenajeados #terremotocr,Not related,2012 Costa Rica earthquake,0,Not informative
243405867192561664,@dustinbrowning @SamuRojas @antikCR praying you and yours are well in Costa Rica w the earthquake.,Related - but not informative,2012 Costa Rica earthquake,0,Not informative
243405951091240960,RT @tweet_quake: COSTA RICA. Temblor 7.6 Richter 10 km NE de Hojancha a las 08:42 local:  http://t.co/Ox2DLqd6,Related and informative,2012 Costa Rica earthquake,1,Informative
243406039167430657,Powerful quake hits Costa Rica http://t.co/qT05Zjfv,Related and informative,2012 Costa Rica earthquake,1,Informative
243406110495735808,Tranquilos mexicanos! El estadio nacional de #CostaRica no se cayó.. Aquí los esperamos para enseñarles #futbolcr,Related and informative,2012 Costa Rica earthquake,1,Informative
243406437613723648,"RT @raycorea: Gracias a todos los que se han preocupado por el temblor que pasó en Costa Rica, estamos bien confiando en que la  mano de ...",Related - but not informative,2012 Costa Rica earthquake,0,Not informative
243406450221780993,"RT @johasolano: Cuando la tierra se mueve, Dios es nuestra roca.. #CostaRica #earthquake #TemblorCR",Related - but not informative,2012 Costa Rica earthquake,0,Not informative
243406622179856384,"Terremoto de 7,6 grados sin víctimas en Costa Rica, alerta de tsunami http://t.co/AYEZDR34 vía @msnlatam",Related and informative,2012 Costa Rica earthquake,1,Informative
243406697681534977,#TemblorCR  Falla en platina del Puente Rafael Iglesias... Las Constructoeas se frotan las manos. #PiñataCONAVI,Related and informative,2012 Costa Rica earthquake,1,Informative
243407293260111872,RT @xJoseJCR: *se revisa el boxer despues del #TemblorCR* No. Esto no tiene solucion ni con cloro industrial.,Not related,2012 Costa Rica earthquake,0,Not informative
243407440081739777,Strong earthquake hits Costa Rica #newslocker http://t.co/k3CiuTKR,Related and informative,2012 Costa Rica earthquake,1,Informative
243407784014643201,Tsunami warning caused by Costa Rica quake now canceled http://t.co/ee16Q4z8,Related and informative,2012 Costa Rica earthquake,1,Informative
243408123736518656,Señor cuida de nosotros porfavor!!! #FuerzaCR #Earthquake #CostaRica 7.6 😭 http://t.co/NNO6wtGg,Related - but not informative,2012 Costa Rica earthquake,0,Not informative
243408136311029760,Can't believe a 7.6 earthquake hit costa rica :( so happy my family is okay but praying for those who were not as fortunate,Related and informative,2012 Costa Rica earthquake,1,Informative
243408232788414464,"Terremoto en Costa Rica, deja dos muertos.. y daños estructurales, de consideración..",Related and informative,2012 Costa Rica earthquake,1,Informative
243408404754866177,"RT @CNNEE: Medios locales reportan daños en edificios, comercio y algunas obras públicas tras terremoto de 7,9 en #CostaRica http://t.co ...",Related and informative,2012 Costa Rica earthquake,1,Informative
243409243628257280,DICE: Reuters: Red Cross says two people dead from Costa Rica earthquake; one fatality the resu... http://t.co/02a3OoUX #cuba #abajoRaul,Related and informative,2012 Costa Rica earthquake,1,Informative
243409293934723072,"Update: Red Cross says 2 dead in Costa Rica earthquake, one of them from heart attack. (@AlertNet)",Related and informative,2012 Costa Rica earthquake,1,Informative
243409646260461569,RT @24HorasTVN: AHORA en Canal #24HorasTvn - @reneodista con todos los detalles del #terremoto que afectó a #CostaRica: http://t.co/xuRUc96R,Related and informative,2012 Costa Rica earthquake,1,Informative
243410216681619456,RT @CPPGeophysics: Nice visualization of seismic waves from Costa Rica quake propagating through USArray: (via @EarthScopeInfo ) http:// ...,Related and informative,2012 Costa Rica earthquake,1,Informative
243410434806398976,RT @SantiContreras: Terremoto de 7.6 en costa Rica http://t.co/Mcto5oAg,Related and informative,2012 Costa Rica earthquake,1,Informative
243410552246898688,RT @PilarAcuna: Así quedó la tienda de un amigo en Tamarindo #terremotoCr http://t.co/2zcFwycW,Related - but not informative,2012 Costa Rica earthquake,0,Not informative
243410589987266561,"RT @razaespn: Bryan Ruiz pasó la prueba física y estará ante #México, #CostaRica.  @danielmartinezo  #Concacaf.",Not related,2012 Costa Rica earthquake,0,Not informative
243410850050891777,"RT @felipezarate: Playa Ostional Guanacaste, luego del #TemblorCR de 7.6, 05/09/2012 Fuente: http://t.co/X69XeHQV http://t.co/FulLKgCC",Related and informative,2012 Costa Rica earthquake,1,Informative
243410984256016385,"#COSTARICA: Luis Barrantes, alcalde de Valverde Vega, dice que hay al menos 20 casas muy afectadas y varias quedaron inhabitables. #fb",Related and informative,2012 Costa Rica earthquake,1,Informative
243411378524803072,Forte terremoto atinge a Costa Rica . G1,Related and informative,2012 Costa Rica earthquake,1,Informative
243411898605907968,RT @DarinRMcClure: Red Cross in Costa Rica says no casualties reported so far after the massive 7.9 magnitude earthquake.,Related and informative,2012 Costa Rica earthquake,1,Informative
243412276114247680,@DaniielEV Entre #tsunami y terremotos en #CostaRica debemos estar protegidos con #GuardianMovil gratis http://t.co/q9dAIbJS RT por favor.,Related and informative,2012 Costa Rica earthquake,1,Informative
243413102383755264,"Praying for Costa Rica. @YourAnonNews: #YAN #BREAKING: Major earthquake hits Costa Rica, tsunami warning issued | http://t.co/GKGYrsLT",Related and informative,2012 Costa Rica earthquake,1,Informative
243413119169343489,"RT @wikinoticias: AHORA! Se cancela alerta de tsunami para Costa Rica, Nicaragua y Panamá tras terremoto",Related and informative,2012 Costa Rica earthquake,1,Informative
243413253374480385,RT @SantiContreras: URGENTE - Cruz Roja de Costa Rica confirma dos muertos por el terremoto de 7.6 grados.,Related and informative,2012 Costa Rica earthquake,1,Informative
243413437907091456,"RT @el5anto: Alerta de Tsunami, tras terremoto en Costa Rica, incluye México: (http://t.co/y9Xm8fCq) – Tras el fuerte sismo, se... http: ...",Related and informative,2012 Costa Rica earthquake,1,Informative
243413475681001473,Bad quake in Costa Rica. Know any Pac NWers affected? Pls contact NW NPR @tombanse,Related - but not informative,2012 Costa Rica earthquake,0,Not informative
243413492453998592,RT @zishin3255: ■■緊急地震速報(第1報)■■ 茨城県北部で地震　最大震度 2(推定) [詳細] 2012/09/06 3:20:00発生　M3.5 深さ10km #earthquake,Not applicable,2012 Costa Rica earthquake,0,Not informative
243413798629806080,AyA informa de daños en tanques de Filadelfia y Palmira http://t.co/UCL197Pq RT @nacion #temblorcr #terremotocr,Not related,2012 Costa Rica earthquake,0,Not informative
243413802849271808,RT @earthquake_jp: 【気象庁速報】06日　03時20分頃　最大震度3の地震が発生。( http://t.co/oWSHMclk ) 震度3：茨城県北部他 #saigai #jishin #earthquake,Not applicable,2012 Costa Rica earthquake,0,Not informative
243414721401872385,fuerte #terremotocr q miedo!!!,Related - but not informative,2012 Costa Rica earthquake,0,Not informative
243414822031589376,Powerful earthquake reported in Costa Rica Powerful earthquake reported in Costa Rica http://t.co/n4HTkpYt,Related and informative,2012 Costa Rica earthquake,1,Informative
243415203725852672,Esperamos que nuestros amigos de Costa Rica esten bien #sismo #CostaRica,Related - but not informative,2012 Costa Rica earthquake,0,Not informative
243416214553108480,RT @RosanaFranco10: Correccion: El TRI a un dia de viajar a Costa Rica Y justo hay alerta d tsunami n el Pacífico tras terremoto en CR.. ...,Related and informative,2012 Costa Rica earthquake,1,Informative
243417254748893184,"#worldnews Powerful quake hits Costa Rica, two dead - Reuters: http://t.co/n1r84z2j.auPowerful q... http://t.co/kZjsFTDY @WideRangeMarket",Related and informative,2012 Costa Rica earthquake,1,Informative
243417825149083648,RT @AlejandroSanz: @isiss66 pregunto por Costa Rica porque ha habido un terremoto. Un abrazo,Related - but not informative,2012 Costa Rica earthquake,0,Not informative
243417883890311168,Costa Rica sacudida por un terremoto de magnitud 7.6 grados: Los costarricenses han estado tuiteando para report... http://t.co/WAawRSjU,Related and informative,2012 Costa Rica earthquake,1,Informative
243418550772047873,@r1k4rd0: http://t.co/Ol0PAUHE - Grietas en estructura de Biblioteca Tinoco de la #UCR . #temblorcr cc. @ADNfm,Related and informative,2012 Costa Rica earthquake,1,Informative
243418882143047680,"@felipezarate: Daños en Puente de la Amistad, Río Tempisque, Guanacaste #TemblorCR 7.6, 05/09/2012 http://t.co/786TpjGA http://t.co/JXFnj12C",Related and informative,2012 Costa Rica earthquake,1,Informative
243419578393321472,"Powerful quake hits Costa Rica, two dead - Yahoo! News http://t.co/oKAri8Tq via @YahooNews",Related and informative,2012 Costa Rica earthquake,1,Informative
243419729367281664,"RT @Telediariogt: AMPLIACIÓN: Tras terremoto en Costa Rica se han registrado al menos 60 réplicas de hasta 7 grados, se conoce prelimina ...",Related and informative,2012 Costa Rica earthquake,1,Informative
243419783897436161,UPDATE: Tsunami Warnings Canceled After Quake In Costa Rica : The Two-Way : NPR http://t.co/IVlHkIFm,Related and informative,2012 Costa Rica earthquake,1,Informative
243422212407824384,http://t.co/uwVg2Rod Costa Rica's  Powerful Earthquake.,Related and informative,2012 Costa Rica earthquake,1,Informative
243424829666127873,"Terremoto de 7,6 grados en Costa Rica, Panamá y Nicaragua :La presidenta de Costa Rica, Laura Chinchilla, confi... http://t.co/5Xj5Tcqv",Related and informative,2012 Costa Rica earthquake,1,Informative
243425077121675265,"Costa Rica, terremoto de gran magnitud: Ver video   Un terremoto de magnitud 7,6 sacudió Costa Rica, según el Se... http://t.co/p33tqb5h",Related and informative,2012 Costa Rica earthquake,1,Informative
243425169387970560,Earth Quake In Costa Rica! I Hope Matias Is Doing Good :c Gonna Try Calling His Momma Later,Related - but not informative,2012 Costa Rica earthquake,0,Not informative
243425253286637568,Praying fo Angie Thompson Messerschmidt and Claryssa-Faye Skie Thompson in Costa Rica's 7.9 Earthquake this... http://t.co/gwzRqTYE,Related and informative,2012 Costa Rica earthquake,1,Informative
243426079547723776,Did you hear? Costa Rica rocked by 7.6 earthquake: A 7.6 magnitude earthquake shook Costa Rica at 14:42:10 ... http://t.co/kErgzOEC #eTN,Related and informative,2012 Costa Rica earthquake,1,Informative
243426314432954369,"COSTA RICA TERREMOTO: EUA retira alerta de tsunami, e Costa Rica confirma 1ª morte após terremoto http://t.co/EyGTgSEt",Related and informative,2012 Costa Rica earthquake,1,Informative
243426675155685377,"Powerful quake hits Costa Rica, two dead - Reuters India: IBNLive.comPowerful quake hits Costa Rica, two deadReu... http://t.co/fdR7rYY2",Related and informative,2012 Costa Rica earthquake,1,Informative
243426868089466880,Major earthquake shakes Costa Rica: A 7.6-magnitude earthquake hits western Costa Rica. CNN's Jenny Harrison tak... http://t.co/0e6uq24G,Related and informative,2012 Costa Rica earthquake,1,Informative
243427237188210688,"Two dead, 20 injured as major earthquake  at magnitude 7.6 damages Costa Rica coast, Red Cross says.",Related and informative,2012 Costa Rica earthquake,1,Informative
243430529725243393,"Muchos comercios cerrados en Santa Cruz, Guanacaste por #terremotoCR",Related and informative,2012 Costa Rica earthquake,1,Informative
243430596813152256,Terremoto en Costa Rica causó pánico y temor en Centroamérica - Observador global http://t.co/pGute1Ew vía @observglobal,Related and informative,2012 Costa Rica earthquake,1,Informative
243430772973907969,Costa Rica Earthquake Update:  so far we have heard from the Piedras and homestay families in San Isidro de Heredia and everyone is fine.,Related and informative,2012 Costa Rica earthquake,1,Informative
243431234359947264,costa rica despues dle terremoto quedo como costa pobre... uuu #chistecruel,Related - but not informative,2012 Costa Rica earthquake,0,Not informative
243431389553373185,"“@TicoRick: Si este fue el famoso Terremoto de Nicoya... Que bueno que fue así, sin daños ni tantas muertes! #TerremotoCr” +1000",Related - but not informative,2012 Costa Rica earthquake,0,Not informative
243431494389993472,RT @MrVop: Strong earthquake hits Costa Rica http://t.co/c9CDEDv0 [BBC],Related and informative,2012 Costa Rica earthquake,1,Informative
243431779636224000,"RT @agpintos: Terremoto en #costarica alla decian que era de 6.7, aca C5N decian 7.9 ?, ah ya entendi, el C5N es terremoto Blue, =:&gt;)",Related - but not informative,2012 Costa Rica earthquake,0,Not informative
243432907887235072,Alcalde de Constitución dijo que se exageró por alerta de tsunami tras terremoto en Costa Rica http://t.co/iSwJtesB,Related - but not informative,2012 Costa Rica earthquake,0,Not informative
243433738351022080,RT @RandyDorfman: Hope all WCOOP players in Costa Rica are safe after massive earthquake,Related - but not informative,2012 Costa Rica earthquake,0,Not informative
243433851593052161,#temblorCR ¿Tenés que asistir hoy a nuestros Campus o Sedes? Te compartimos el comunicado de la U respecto a horarios http://t.co/76XggpF9,Not related,2012 Costa Rica earthquake,0,Not informative
243434799522529281,RT @infobae: Así se sintió el terremoto en Costa Rica http://t.co/aoE08BrS,Related and informative,2012 Costa Rica earthquake,1,Informative
243434875007406080,RT @INF_ENFURECIDO: CONFIRMAN QUE LAS CAUSAS DEL TERREMOTO DE COSTA RICA SON MAYAS HACIENDO PRUEBAS PARA DICIEMBRE,Related - but not informative,2012 Costa Rica earthquake,0,Not informative
243435076325609474,7.6-magnitude quake hits Costa Rican coast - CNN: USA TODAY7.6-magnitude quake hits Costa Rican coastCNN(CNN) --... http://t.co/h76G8HKq,Related and informative,2012 Costa Rica earthquake,1,Informative
243435776786976768,"Costa Rica #Earthquake, Magnitude 7.9 Damn Mayan Prophecies!",Related and informative,2012 Costa Rica earthquake,1,Informative
243435978126139392,RT @sergiod26: en el brete se cayeron las torres y todos los caballos salieron corriendo... #TemblorCR http://t.co/RpvH01QA,Related and informative,2012 Costa Rica earthquake,1,Informative
243436699517071360,Magnitude 7.6 quake shakes Costa Rica - ABC Online: ABC NewsMagnitude 7.6 quake shakes Costa RicaABC OnlineA pow... http://t.co/WHyfdam5,Related and informative,2012 Costa Rica earthquake,1,Informative
243437060227223552,Our hearts and prayers are with our family in Costa Rica impacted by a 7.6 Earthquake today. Covering all of Central America with prayers!,Related - but not informative,2012 Costa Rica earthquake,0,Not informative
243438398235344896,"RT @24HorasTVN: FOTOS - Imágenes de destrozos, tras el #terremoto que afectó a #CostaRica: http://t.co/cFQCP3s4",Related and informative,2012 Costa Rica earthquake,1,Informative
243438888964747264,#Sismo | #CostaRica dejo 2 muertos y hubo alerta de #Tsunami que ya cancelada Datos preliminares lo ubicaron en magnitud 7.9 corregida a 7.6,Related and informative,2012 Costa Rica earthquake,1,Informative
243441195848720384,RT @JulietaRTN: 2202 5559 para conocer el estado de alguna ruta del pais tras #temblorcr,Not related,2012 Costa Rica earthquake,0,Not informative
243442823200919552,"#deprem M 1.4, Northern California: September 05, 2012 19:51:46 GMT http://t.co/6TQSRh5z #earthquake",Not related,2012 Costa Rica earthquake,0,Not informative
243443297190821888,#TheAngieShow [BREAKING NEWS] Earthquake with 7.6 Mag hits Costa Rica: The Associated Press has reported that ar... http://t.co/5uNpnKeL,Related and informative,2012 Costa Rica earthquake,1,Informative
243444878439231488,Fox News reports a 7.9 earthquake struck Costa Rica.,Related and informative,2012 Costa Rica earthquake,1,Informative
243445046211383296,via @GRVALENTIN: #Dios toma el control de #CostaRica y q tu mano sea a favor de cada habitante para q todo vuelva a su normalidad.,Related - but not informative,2012 Costa Rica earthquake,0,Not informative
243445192999448576,creo q soy el único q no ha visto el video d amelia rueda en el #temblorcr,Related - but not informative,2012 Costa Rica earthquake,0,Not informative
243445671158489089,"Powerful 7.6 magnitude quake hits Costa Rica, two dead: SAN JOSE, Costa Rica (Reuters) - A powerful earthquake r... http://t.co/I9VkFGdB",Related and informative,2012 Costa Rica earthquake,1,Informative
243445960561262592,RT @AlbertoMDelgado: Our hearts and prayers are with our family in Costa Rica impacted by a 7.6 Earthquake today. Covering all of Centra ...,Related and informative,2012 Costa Rica earthquake,1,Informative
243446094783201280,"RT @tudiscovery: Se registra un fuerte #Sismo en  #CostaRica, tras el mismo se declaró una alerta de tsunami para #CostaRica, #Panama y  ...",Related and informative,2012 Costa Rica earthquake,1,Informative
243447403406053376,"RT @ActualidadRT: [VIDEO] Primeras imágenes de Costa Rica en el momento del terremoto de 7,6 grados de magnitud #noticias http://t.co/Sk ...",Related and informative,2012 Costa Rica earthquake,1,Informative
243447646684069889,Para los que no han visto el vídeo de Amelia Rueda en el #temblorCR http://t.co/jEp3i7ne,Related and informative,2012 Costa Rica earthquake,1,Informative
243448896578277376,Vespertino Olmeca: Alerta de tsunami por terremoto de 7.6 grados en Costa Rica http://t.co/PM2MoZ63,Related and informative,2012 Costa Rica earthquake,1,Informative
243449668338597889,"how stupid for our country to only trend when there's an earthquake! Viva Costa Rica, bitches!!!!!! #CostaRicaEarthquake",Related - but not informative,2012 Costa Rica earthquake,0,Not informative
243450570101379072,Que vacilada esta canción!!!!! #temblorcr #ameliarueda http://t.co/dowTrxtJ,Not related,2012 Costa Rica earthquake,0,Not informative
243451207652343809,"Subí un video a @YouTube http://t.co/sGUoNzKd 1/3 TERREMOTO 7,6 COSTA RICA - 5 DE SEPTIEMBRE 2012 - Re",Related and informative,2012 Costa Rica earthquake,1,Informative
243451635454578688,La Comisión de Emergencias pone a disposición de la población el número 2210-2825 para consultas concretas por el #temblorcr,Related and informative,2012 Costa Rica earthquake,1,Informative
243452797276794880,Photo: Guanacaste. #terremotocr (Tomada con Instagram) http://t.co/HPijesfJ,Related and informative,2012 Costa Rica earthquake,1,Informative
243453187338682369,"Powerful quake hits Costa Rica, two dead - Reuters: Globe and MailPowerful quake hits Costa Rica, two deadReuter... http://t.co/jHE4Gitd",Related and informative,2012 Costa Rica earthquake,1,Informative
243454277878685697,Y  la tierra tembló ..... Terremoto en Costa Rica. Foto de hoy en Guanacaste. http://t.co/5Vp9OAQd,Related and informative,2012 Costa Rica earthquake,1,Informative
243455364203421696,"RT @EstherKuKu: I cummed so hard, I caused an earthquake in Costa Rica. Oops! http://t.co/l8TYgljB",Related - but not informative,2012 Costa Rica earthquake,0,Not informative
243455502598680576,"Powerful 7.6 magnitude quake hits Costa Rica, at least two dead: http://t.co/8JVf6h2j",Related and informative,2012 Costa Rica earthquake,1,Informative
243455976546656256,"RT @Reuters: Powerful quake hits Costa Rica, two dead http://t.co/bDiSXERD",Related and informative,2012 Costa Rica earthquake,1,Informative
243456073044996096,#CostaRica vs #México  Costa rica ya siente los pasos del gigante  No se espanten ticos @azulinforma http://t.co/sbYYpU44,Not related,2012 Costa Rica earthquake,0,Not informative
243458635731202048,#costarica today some of the damages http://t.co/9exlGqpL,Related and informative,2012 Costa Rica earthquake,1,Informative
243459747242713088,Powerful 7.6 earthquake reported in Costa Rica http://t.co/A0dim6ME via @sharethis,Related and informative,2012 Costa Rica earthquake,1,Informative
243460254728347648,Faitelson ahora va contra #CostaRica http://t.co/Tp3ydoxt,Not related,2012 Costa Rica earthquake,0,Not informative
243461139734872064,"#Temblor♨ M 3.2, 40km ENE of Sterling, Alaska http://t.co/DOAfMYmw #Earthquake #Sismo",Not related,2012 Costa Rica earthquake,0,Not informative
243461269758308352,"RT @jmj_es: Esperemos que todos los ticos estén bien, oraremos por ustedes! En la medida de las posibilidades escríbannos! #earthquake",Related - but not informative,2012 Costa Rica earthquake,0,Not informative
243461806629203969,"REN | #REN | Reuters |  Powerful quake hits Costa Rica, two dead -... http://t.co/5u8l45bY",Related and informative,2012 Costa Rica earthquake,1,Informative
243463400481513472,RT @biobio: [VIDEOS] Primeras imágenes muestran como fue el terremoto que se percibió en Costa Rica http://t.co/UYxBDm3e,Related and informative,2012 Costa Rica earthquake,1,Informative
243463706669899777,"#breakingnews M 3.2, Kenai Peninsula, Alaska: September 05, 2012 21:14:56 GMT http://t.co/rhQJgMHy #Earthquake #fb",Not related,2012 Costa Rica earthquake,0,Not informative
243463945749413891,"Chileno en #COSTARICA: Fue como un temblor fuerte, pero se espera uno más grande http://t.co/R2zktWJv",Related - but not informative,2012 Costa Rica earthquake,0,Not informative
243464558109392896,Pray for Costa Rica #terremoto,Related - but not informative,2012 Costa Rica earthquake,0,Not informative
243467544449662976,RT @Federation: Costa Rica Red Cross ready for action after #earthquake - http://t.co/u0V8rrQG,Related and informative,2012 Costa Rica earthquake,1,Informative
243470845375311872,TERREMOTO NA COSTA RICA!!! :O( NOSSAAAAAAAAAA!!! :O0 ♥ http://t.co/tzIjJ40s,Related - but not informative,2012 Costa Rica earthquake,0,Not informative
243473626207227905,"Huge quake jolts Costa Rica, two killed http://t.co/J7w0ydTw",Related and informative,2012 Costa Rica earthquake,1,Informative
243474829934735360,"RT @ADNfm: Panamá fue el primer país en ofrecer ayuda a Costa Rica tras terremoto de esta mañana. Además Guatemala, Honduras, Salvador.",Related and informative,2012 Costa Rica earthquake,1,Informative
243476352496463872,"Situación actual en #CostaRica por  #terremotocr RT @nacion País en alerta roja tras terremoto de 7,6  http://t.co/775iJaQR",Related and informative,2012 Costa Rica earthquake,1,Informative
243478046978473986,"RT @NewEarthquake: 4.5 earthquake, Costa Rica. Sep 5 4:11pm at epicenter (15m ago, 71km S of Liberia, depth 35km). http://t.co/gjTxM14O",Related and informative,2012 Costa Rica earthquake,1,Informative
243478848094756864,We experienced a 7.6 #earthquake in a town about 20km south of my place here in Guanacaste. No serious injuries here in #Nosara.,Related and informative,2012 Costa Rica earthquake,1,Informative
243483696722767872,FOTOS: Terremoto en Costa Rica dejó varios daños en caminos y carreteras http://t.co/jz71gbGg,Related and informative,2012 Costa Rica earthquake,1,Informative
243484539756888065,"RT @AxelOficial: Gracias #CostaRica x agotar las entradas dl teatro esta noche! Fue mágico, enérgico y muy emocionante este concierto!!! ...",Not related,2012 Costa Rica earthquake,0,Not informative
243486561415602176,"@JuanPedroTV una preguntita, que paso con lo del terremoto #CostaRica? nada paea chile?",Related - but not informative,2012 Costa Rica earthquake,0,Not informative
243487387718660096,@NTN24: Reportan 170 réplicas del terremoto de magnitud 7.6 en Costa Rica http://t.co/OoqbUTl6,Related and informative,2012 Costa Rica earthquake,1,Informative
243490260779163648,"RT @24h_tve: Un fuerte terremoto de magnitud 7,6 golpea Costa Rica http://t.co/fBIfk2AA vía @rtve",Related and informative,2012 Costa Rica earthquake,1,Informative
243491720426307584,"Strong Costa Rica quake causes panic, minor damage - The Associated Press: IBNLive.comStrong Costa Rica quake ca... http://t.co/HQdC4IBk",Related and informative,2012 Costa Rica earthquake,1,Informative
243492123058520065,"RT @claudiofreidzon: Estamos orando por Costa Rica, esta nación fue alcanzada hoy por un terremoto. Unamonos en oración a favor de esta  ...",Related - but not informative,2012 Costa Rica earthquake,0,Not informative
243492429238530048,HUbo un terremoto en Costa rica :O,Related - but not informative,2012 Costa Rica earthquake,0,Not informative
243492571861635072,RT @noticierodelafm: [GALERÍA] Momentos de pánico en Costa Rica debido a terremoto http://t.co/xtzKgj4d,Related and informative,2012 Costa Rica earthquake,1,Informative
243493821747429377,Terremoto en Costa Rica? O temblorsito?,Related - but not informative,2012 Costa Rica earthquake,0,Not informative
243496271233568769,"A huge earthquake hit Guanacaste, Costa Rica today where I was just 3 months ago. 2  People were killed #shocking",Related and informative,2012 Costa Rica earthquake,1,Informative
243496434803036160,"RT @reporterremoto: En fotos, las huellas del #terremoto en #CostaRica http://t.co/RwGUkqws #earthquake",Related - but not informative,2012 Costa Rica earthquake,0,Not informative
243496501932863488,RT @ECTV_Noticias: SuperMercado en #Nicoya #Terremoto7.6 #CostaRica #Temblorcr http://t.co/huzip0Fw,Related and informative,2012 Costa Rica earthquake,1,Informative
243496669692432384,"Costa Rica earthquake, Living Social, Andy Roddick, ...: Costa Rica earthquake   Living Social   Andy Roddick   M...",Related - but not informative,2012 Costa Rica earthquake,0,Not informative
243496812286197760,RT @CruzRojaInforma: Delegados de Manejo de Desastres movilizados por #CruzRoja a #CostaRica para apoyar operaciones tras terremoto 7.9  ...,Related and informative,2012 Costa Rica earthquake,1,Informative
243498833961693184,"Pánico en Costa Rica: El temblor de 7,6 en la escala Richter provocó escenas de angustia y disparó una breve ale... http://t.co/OL75YsRU",Related and informative,2012 Costa Rica earthquake,1,Informative
243501392466153473,"★ Pánico se vivió en Costa Rica por sismo de 7.6 de magnitud ★ El temblor de 7,6 en la escala Richter provocó... http://t.co/pX9GBsPp",Related and informative,2012 Costa Rica earthquake,1,Informative
243503045026119681,"RT @ecuadorcentro: @CruzRojaInforma: Reportan 170 réplicas del #terremoto de magnitud 7,6 en #CostaRica http://t.co/a0K5rRKQ (vía @elco ...",Related and informative,2012 Costa Rica earthquake,1,Informative
243505574208237568,"http://t.co/4igC5NpM In earthquake-ready Costa Rica, quake size rattles (+video)",Related - but not informative,2012 Costa Rica earthquake,0,Not informative
243506920592392192,@onedirection In Costa Rica there was a 7.9 earthquake =/,Related and informative,2012 Costa Rica earthquake,1,Informative
243507436479201281,Guatemala se solidariza con Costa Rica por terremoto: El Gobierno de Guatemala se solidarizó hoy con Costa Rica ... http://t.co/5eH7SvnD,Related and informative,2012 Costa Rica earthquake,1,Informative
243510288614313984,Ver videos del terremoto de Costa Rica y literalmente entrar en pánico ._.  #votebieber http://t.co/c5ISziwp,Related - but not informative,2012 Costa Rica earthquake,0,Not informative
243510632526266368,Miren como quedo el piso en algunas partes de Costa Rica luego del terremoto de 7.6 http://t.co/7fTsPfU7,Related and informative,2012 Costa Rica earthquake,1,Informative
243512725492359170,@telenoticias7 En @hojancha_ me reporta mi mamá que NO hay electricidad #enestemomento #TerremotoCR,Related and informative,2012 Costa Rica earthquake,1,Informative
243515896373583873,"RT @uhprensagrafica: Comisión Nacional de Emergencias de Costa Rica declaró alerta roja en el país, tras terremoto de 7,6 que dejó 1 fal ...",Related and informative,2012 Costa Rica earthquake,1,Informative
243516974318112768,"Erupción de volcan en Guate, Terremoto en Costa Rica.... Pendientes ya vienen los mayas...",Related - but not informative,2012 Costa Rica earthquake,0,Not informative
243520291995791360,"http://t.co/bzZ1s8Of Costa Rica Earthquake, Living Social, Andy Roddick, ...: Costa Rica Eart...  This is Google Trend",Related - but not informative,2012 Costa Rica earthquake,0,Not informative
243523546779877376,Last night at #UWC #UnitedWithChrist till #December #GonnaMissThis #YouthGroup #Church #LoveThem #CostaRica http://t.co/ZAZvBkfa,Not related,2012 Costa Rica earthquake,0,Not informative
243524054324236291,Massive 7.9 Earthquake Strikes Costa Rica triggering Tsunami Warnings (S...: http://t.co/2TYINnRd @youtubeさんから,Related and informative,2012 Costa Rica earthquake,1,Informative
243525027365003264,EY. gente alguine de costa rica (? quiero saber como estan depues de ese terremoto,Related - but not informative,2012 Costa Rica earthquake,0,Not informative
243525249675714560,"Caldera, Puntarenas se movio 218.97 centrimetros cuadrados por segundo durante el  #terremotoCR (UCR)",Related and informative,2012 Costa Rica earthquake,1,Informative
243526642193022976,RT @actual_FM: Nosara se movio 468.54 centrimetros cuadrados por segundo durante el  #terremotoCR (UCR),Related and informative,2012 Costa Rica earthquake,1,Informative
243528143770644481,RT @laprimerisima: Costa Rica vive segundo peor terremoto de su historia http://t.co/M4OwITuh,Related and informative,2012 Costa Rica earthquake,1,Informative
243529410421063680,Hubo terremoto en Costa Rica .! O:,Related and informative,2012 Costa Rica earthquake,1,Informative
243529741800468481,"http://t.co/PI0h78RM An Hour After The Earthquake A Woman Died, For A Heat Attack, A Man Who Fallen Didn't Die, Said Costa Rican President",Related and informative,2012 Costa Rica earthquake,1,Informative
243531536937394176,RT @zishin3255: ■■緊急地震速報(第1報)■■ 福島県沖で地震　最大震度 2(推定) [詳細] 2012/09/06 11:09:21発生　M3.5 深さ10km #earthquake,Not applicable,2012 Costa Rica earthquake,0,Not informative
243531776000143363,"Earthquake in Costa Rica will not delay World Cup qualifier, says Mexican federation http://t.co/28sefDxh",Not related,2012 Costa Rica earthquake,0,Not informative
243532572930498560,"Strong Costa Rica quake causes panic, minor damage https://t.co/Ef5TdX9M",Related and informative,2012 Costa Rica earthquake,1,Informative
243534309359751168,RT @prensa_libre: Guatemala manifiesta solidaridad con Costa Rica por terremoto de 7.6 grados http://t.co/U47Hlp91,Related and informative,2012 Costa Rica earthquake,1,Informative
243536058388733953,"Powerful quake hits Costa Rica, no deaths http://t.co/rw5Brly8",Related and informative,2012 Costa Rica earthquake,1,Informative
243542547010576385,"#EARTHQUAKE  M 5.3, Kepulauan Talaud, Indonesia http://t.co/TS3v6tUQ",Not related,2012 Costa Rica earthquake,0,Not informative
243546187662258176,"RT @equakea: #earthquake: M 1.4, Central California http://t.co/9DtT9HCM",Not related,2012 Costa Rica earthquake,0,Not informative
243546904858865664,Dos personas fallecidas deja el terremoto en Costa Rica. Me alegra bastante dado que pudo haber sido peor.,Related - but not informative,2012 Costa Rica earthquake,0,Not informative
243548561629913088,RT @CNNMex: VIDEO: El sismo no provocó daños graves en el país: presidenta de #CostaRica http://t.co/ctEyVhPT,Related and informative,2012 Costa Rica earthquake,1,Informative
243549396275437570,RT @elcomercio: FOTOS: Costa Rica fue remecida por el segundo terremoto más fuerte de su historia. http://t.co/GieKWCGf,Related and informative,2012 Costa Rica earthquake,1,Informative
243549912208396288,Utahns connect with those affected by Costa Rica quake via social media http://t.co/iKuJEhU1,Related - but not informative,2012 Costa Rica earthquake,0,Not informative
243556706976686080,"EarthquakeCalifornia Earthquake in Costa Rica will not delay World Cup qualifier, says Mexican ... -... http://t.co/uv45lA0q #earthquake",Related - but not informative,2012 Costa Rica earthquake,0,Not informative
243560590889603073,me sentí todo mal por un mae que fue a entrevista y terminaba de llenar papeles afuera del edificio H en pleno #temblorcr qué presagio!,Related - but not informative,2012 Costa Rica earthquake,0,Not informative
243562704814612481,RT @90seg: [#ALAIRE] Terremoto de 7.6 grados sacude Costa Rica http://t.co/avL7pNu3,Related and informative,2012 Costa Rica earthquake,1,Informative
243563099095973888,"Buildings sway, residents rush into streets, but strong Costa Rica quake does little damage http://t.co/m3TI2LMz",Related and informative,2012 Costa Rica earthquake,1,Informative
243566358057603072,Terremoto de 9. Sacude costa rica,Related and informative,2012 Costa Rica earthquake,1,Informative
243568883045392384,Estimados vamos a trasladar el próximo temblor para el viernes #temblorcr disculpen los inconvenientes saludos cordiales,Related - but not informative,2012 Costa Rica earthquake,0,Not informative
243571080843890688,"Terremoto 7.6 Costa Rica, TUPSA, 05/Set/2012: http://t.co/EJ152FaD vía @youtube",Related and informative,2012 Costa Rica earthquake,1,Informative
243572557226340352,"#earthquake M 3.6, Virgin Islands region: September 06, 2012 04:13:14 GMT http://t.co/WgVYimOk",Not related,2012 Costa Rica earthquake,0,Not informative
243573781967290369,RT @daviddragonGT: todo mi apoyo y animo para las personas de costa rica afectadas por el fuerte terremoto en su país. #FuerzaCostaRica,Related - but not informative,2012 Costa Rica earthquake,0,Not informative
243576420171907072,Y luego temblor en Costa Rica donde juega la selec!! Nomás les llevamos algo de nuestra apocalipsis Maya para allá :$,Related - but not informative,2012 Costa Rica earthquake,0,Not informative
243576587965063168,RT @wikinoticias: TERREMOTO EN COSTA RICA: Mañana se realizará sobrevuelo para determinar estado de volcanes activos,Related and informative,2012 Costa Rica earthquake,1,Informative
243576759944085504,FOTOS: Costa Rica fue remecida por el segundo terremoto más fuerte de su historia http://t.co/GAh2eCIk vía @elcomercio,Related and informative,2012 Costa Rica earthquake,1,Informative
243582569021595649,"RT @chematierra: Temblor en Costa Rica, sismo de M4.1 Sep5 a las 10:40pm. http://t.co/hwnH0TCQ",Related and informative,2012 Costa Rica earthquake,1,Informative
243585458926411776,"Pregunto, la bestia de @YonatanPerez no tiene cabeza pero si jefes, ¿No deberíamos basurearlo acerca de su post sobre el #temblorcr?",Related - but not informative,2012 Costa Rica earthquake,0,Not informative
243585987387719680,RT @Geologyupdate: Powerful earthquake reported in Costa Rica - The Seattle Times http://t.co/C77uRB7g,Related and informative,2012 Costa Rica earthquake,1,Informative
243591590982070272,Three killed in Costa Rica 7.6-magnitude quake - Xinhua http://t.co/NzafHqdW,Related and informative,2012 Costa Rica earthquake,1,Informative
243597521736327168,#Clasificados EarnLogics http://t.co/DzcEbgDs #Anuncios #CostaRica,Not related,2012 Costa Rica earthquake,0,Not informative
243600550040567809,"RT @quakemonitor: #earthquake M 3.6, Virgin Islands region Depth: 76.00 km Sep 6 5:13:14 2012 BST http://t.co/UaTwDxFM",Not related,2012 Costa Rica earthquake,0,Not informative
243604408787681280,"Powerful quake rattles Costa Rica, but little damage; experts point to depth ... - Washington Post: CBC.caPowerf... http://t.co/x3Pt7hR5",Related and informative,2012 Costa Rica earthquake,1,Informative
243607432864071680,"Terremoto 7.6 Costa Rica, TUPSA, 05/Set/2012 http://t.co/x59nMsx8 vía @youtube",Related and informative,2012 Costa Rica earthquake,1,Informative
243610062722060288,un poco de todo:_ Costa Rica vive el segundo terremoto más fuerte de su historia - La Vanguardia http://t.co/4BNdEYq2,Related and informative,2012 Costa Rica earthquake,1,Informative
243612394750885888,RT @eplatam: La presidenta de #CostaRica dice que el terremoto no ha causado víctimas - http://t.co/Q4JoxkqA,Related and informative,2012 Costa Rica earthquake,1,Informative
243615632724213760,"Powerful quake hits Costa Rica, no deaths http://t.co/nyWQMUwk",Related and informative,2012 Costa Rica earthquake,1,Informative
243626894459797504,Three killed in Costa Rica 7.6-magnitude quake - Xinhua: The NationThree killed in Costa Rica 7.6-magnitude quak... http://t.co/2QKsXs8w,Related and informative,2012 Costa Rica earthquake,1,Informative
243627842355744768,"Earthquake Costa Rica - Costa Rica, an example for earthquake resistant construction !  - http://t.co/n4y6x1yj",Related and informative,2012 Costa Rica earthquake,1,Informative
243647614292209664,"RT @mercuriovalpo: Chileno en #CostaRica: Fue como un temblor fuerte, pero se espera uno más grande http://t.co/z7D83QZw",Not related,2012 Costa Rica earthquake,0,Not informative
243650009239810048,El terremoto en #CostaRica dejó dos muertos e indagan otros dos http://t.co/O7nr8iLH,Related and informative,2012 Costa Rica earthquake,1,Informative
243650009252368384,El terremoto en #CostaRica dejó dos muertos e indagan otros dos http://t.co/7PywNFEF,Related and informative,2012 Costa Rica earthquake,1,Informative
243651154301566976,"#Earthquake# M 4.7, 88km NE of San Isidro, Philippines: Thursday, September 06, 2012 09:13:28 UTCThursday, September 06, 2012 17:13:2...",Not related,2012 Costa Rica earthquake,0,Not informative
243652869776089089,"Earthquake rattles Costa Rica, Central America: Cangrejal, Costa Rica — A powerful, magnitude-7.6 earthquake sho... http://t.co/syQpSkg0",Related and informative,2012 Costa Rica earthquake,1,Informative
243658762773209088,"Reportan 170 réplicas tras terremoto de magnitud 7,6 en Costa Rica",Related and informative,2012 Costa Rica earthquake,1,Informative
243661325476167682,Costa Rica Rocked by Magnitude-7.6 Earthquake http://t.co/9Q0w3CD7,Related and informative,2012 Costa Rica earthquake,1,Informative
243678056559038464,"#Earthquake M 1.3, Central California http://t.co/JAQqIs6T",Not related,2012 Costa Rica earthquake,0,Not informative
243679218381225984,"Powerful quake rattles Costa Rica, but little damage; experts point to depth, building code:",Related and informative,2012 Costa Rica earthquake,1,Informative
243679361000153088,"#earthquake: M 1.0, Southern California http://t.co/Ms4Sj0eR",Not applicable,2012 Costa Rica earthquake,0,Not informative
243682452202217473,News: Costa Rica escapes serious damage from big quake: The bulletins were terrifying: a po... http://t.co/Dlj3rlpE http://t.co/1Dhcy6ki,Related and informative,2012 Costa Rica earthquake,1,Informative
243683131692036096,Costa Rica escapes serious damage from big quake http://t.co/SpG6MDUe,Related and informative,2012 Costa Rica earthquake,1,Informative
243684851327307776,"RT @jatilanomm: Un fuerte terremoto de magnitud 7,6 sacude Costa Rica y se siente en Panamá y Nicaragua - RTVE.es http://t.co/a3S3fEpe",Related and informative,2012 Costa Rica earthquake,1,Informative
243687825084653570,Quake rocks Costa Rica http://t.co/nkD5tU8v,Related and informative,2012 Costa Rica earthquake,1,Informative
243692740825722880,"Hei raga, questa sera Emergency è all'Aquila sui luoghi del #terremoto vediamoli insieme  http://t.co/qy0ZHSMv via @laweb_tv",Not applicable,2012 Costa Rica earthquake,0,Not informative
243699174888054784,"#Cuba #Matanzas Fuerte terremoto azota a Costa Rica: Un terremoto de entre 6,7 y 7,6 grados en la escala Richter... http://t.co/UeyOlaCI",Related and informative,2012 Costa Rica earthquake,1,Informative
243701498515685377,"RT @CNNEE: #CostaRica en tensa calma tras el sismo de magnitud 7,6; Se han registrado más de 400 réplicas y siguen evaluando daños http: ...",Related and informative,2012 Costa Rica earthquake,1,Informative
243701859225837569,"Crisis y caos por terremoto en Costa Rica: Al menos dos muertos, más de 30 heridos, así como afectaciones en viv... http://t.co/xyIx6h6d",Related and informative,2012 Costa Rica earthquake,1,Informative
243706040946921472,RT @ameliarueda: Mora: Estoy muy satisfecho por la respuesta que tuvo Costa Rica tras este terremoto. Tenemos cultura de prevención #nue ...,Related - but not informative,2012 Costa Rica earthquake,0,Not informative
243706963727376385,#temblorcr estaba con mi nieto se sintió muy fuerte,Related - but not informative,2012 Costa Rica earthquake,0,Not informative
243709228634759169,Costa Rica: Costa Rica Red Cross Ready for Action after Earthquake:        Source:                 Irish Red Cro... http://t.co/8i9vCIV6,Related and informative,2012 Costa Rica earthquake,1,Informative
243711258673696768,地震は原発を襲う　　　　Quake hits Costa Rica | http://t.co/pkbtA5W4 http://t.co/JJ38mlK9,Related - but not informative,2012 Costa Rica earthquake,0,Not informative
243717222965596160,Miss this little Chica. #tbt #throwbackthursday #CostaRica http://t.co/mYRLelVV,Not related,2012 Costa Rica earthquake,0,Not informative
243717873082707968,Costa Rica reubicará a alumnos de escuelas dañadas por terremoto  http://t.co/qOTC6whm,Related and informative,2012 Costa Rica earthquake,1,Informative
243719559213883392,"Dear human species, Japan quakes are man-made!http://t.co/bwSm6X8j #Politics #911 #9_11 #311 #3_11 #japan  #earthquake #CNN #Jewish",Not related,2012 Costa Rica earthquake,0,Not informative
243733614322413568,#earthquake M2.1: Central California http://t.co/gxYC1BWl,Not related,2012 Costa Rica earthquake,0,Not informative
243739461190565888,"@Faitelson_ESPN si no recuerdan ayer hubo un terremoto en Costa Rica, creo que preocuparse por eso es mas importante que el partido con Mex",Related - but not informative,2012 Costa Rica earthquake,0,Not informative
243739939311857667,"#Cuba Sigue temblando en Costa Rica tras terremoto de magnitud 7,6 - La Prensa Gráfica http://t.co/OCA26yzi",Related and informative,2012 Costa Rica earthquake,1,Informative
243740492968378369,@noticiarepretel así quedaron mas de 40 tumbas en cementerio de Grecia luego de #terremotocr http://t.co/aKxDRJzP,Not related,2012 Costa Rica earthquake,0,Not informative
243740740449079297,@OLGATANON1313 Ayer hubo terremoto de 7.4 en Costa Rica :(,Related and informative,2012 Costa Rica earthquake,1,Informative
243746071401078784,Costa Rica escapes serious damage after huge quake: It appeared Thursday that Costa Rica escaped relatively unsc... http://t.co/dFTSbh5e,Related and informative,2012 Costa Rica earthquake,1,Informative
243750039216877569,RT @NBCNewsWorld: Costa Rica escapes serious damage after huge quake http://t.co/PbMz2UZR,Related and informative,2012 Costa Rica earthquake,1,Informative
243764371141042176,"como cambian las cosaas, el alcalde de Nicoya hoy si recibe a la presidenta, en julio pasado dijo que no la quería en su cantón #TemblorCR",Not related,2012 Costa Rica earthquake,0,Not informative
243769999901200384,Con todo respeto... pero ¿Qué tiene más prioridad para la presidenta? ¿Ir a revisar una iglesia colonial o un puente?  #temblorcr,Not related,2012 Costa Rica earthquake,0,Not informative
243775993557438464,"Y'all, the tourism agency we booked our snorkeling excursion with called to check up on us today &amp; also refunded our money! &lt;3 #CostaRica",Not related,2012 Costa Rica earthquake,0,Not informative
243777092452487171,Solo daños leves tuvo el Estadio Nacional de #CostaRica por el terremoto foto  @LaSeleCRC cc @razaespn http://t.co/mmYHc0qU,Related and informative,2012 Costa Rica earthquake,1,Informative
243791134990663680,Strong earthquake hits Costa Rica http://t.co/PRqw7Nwt,Related and informative,2012 Costa Rica earthquake,1,Informative
243791894184878080,RT @jessicawarren97: @amyhuddart can't believe you thought that was what my pm was about hahhahahahaha!! #earthquake #lol,Not related,2012 Costa Rica earthquake,0,Not informative
243792628158701568,#CostaRica 3 muertes confirmadas. Aun evalúan daños en infraestructura tras el sismo.,Related and informative,2012 Costa Rica earthquake,1,Informative
243793508983521280,Después del sismo de 7.6 grados en la escala de richter en #CostaRica se han producido alrededor de 400 réplicas,Related and informative,2012 Costa Rica earthquake,1,Informative
243796524679700480,Gracias a todos por su preocupación por el terremoto en mi tierra Costa Rica!!! LQM Dios nos protegiò!!! Besos💋,Related - but not informative,2012 Costa Rica earthquake,0,Not informative
243806712648318976,¡Que chuza es #CostaRica! http://t.co/dZka4czU,Not related,2012 Costa Rica earthquake,0,Not informative
243817722713079809,RT @El_informador_: Pedro Gaete : Terremoto en Costa Rica y el Proyecto Haarp http://t.co/3NYqnLoC,Related - but not informative,2012 Costa Rica earthquake,0,Not informative
243823800221835264,mANDA SALUDOS A COSTA RICA QUE AYER TUVIMOS UN TERREMOTO!  (@JacoboWong live on http://t.co/or40J0J2),Related - but not informative,2012 Costa Rica earthquake,0,Not informative
243828183269527552,Asamblea se apresta a hacer un pronunciamiento a favor de Costa Rica por su reciente terremoto @elsalvadorcom,Related - but not informative,2012 Costa Rica earthquake,0,Not informative
243849196757725185,Guatemala lamenta terremoto ocurrido en Costa Rica: La Comisión Nacional de Emergencia (CNE) costarricense aún m... http://t.co/QU8rLcLt,Related and informative,2012 Costa Rica earthquake,1,Informative
243849247064219649,Costa Rica Earthquake Damage 'Remarkably Little' - World stunned once more by the obvious: http://t.co/iOP7KjjP via @HuffPostWorld,Related and informative,2012 Costa Rica earthquake,1,Informative
243850090148687872,災害がほんとうに襲った時――阪神淡路大震災50日間の記録 http://t.co/0HvBaZaI #eqjp #quake #saigai #earthquake #jishin #地震 #災害,Not applicable,2012 Costa Rica earthquake,0,Not informative
243851088397234176,Terror in Online casino Capital of Costa Rica as More Earthquake Videos Surface (Video) - Terror in Costa Rica... http://t.co/btm5k37V,Related and informative,2012 Costa Rica earthquake,1,Informative
243868972875927552,"【#USGS #alert】 M 1.6, Central California: September 07, 2012 00:26:08 GMT http://t.co/jP1z9llB #earthquake #tsunami #prayfromjapan",Not related,2012 Costa Rica earthquake,0,Not informative
243869866279464961,"RT @FEMEXFUTOFICIAL: México se solidariza con sus hermanos de Costa Rica, luego del terremoto que sacudió a su Nación el día de ayer htt ...",Related and informative,2012 Costa Rica earthquake,1,Informative
243872714224463872,"RT @juankaguerom: Gran gesto de la selección de #México solidarizándose con el pueblo de #CostaRica , de aplaudir http://t.co/Eyd0KAoc",Related - but not informative,2012 Costa Rica earthquake,0,Not informative
243875360817700864,"#Earthquake M 1.8, Island of Hawaii, Hawaii http://t.co/f28j4Ykf",Not applicable,2012 Costa Rica earthquake,0,Not informative
243884617646604289,"RT @Alonzo_s: Así el equipo mexicano mostró solidaridad con Costa Rica, un día después del terremoto. http://t.co/UdzYkWyv",Related - but not informative,2012 Costa Rica earthquake,0,Not informative
243887859839406080,"RT @Telediariogt: MUNDO: Se produjo un nuevo sismo de 4,5° Richter en #CostaRica, hace unos instantes.",Related and informative,2012 Costa Rica earthquake,1,Informative
243888124105744385,"RT @quakemonitor: #earthquake M 4.6, Vanuatu Depth: 178.20 km Sep 7 1:52:42 2012 BST http://t.co/JuMP3RRK",Related and informative,2012 Costa Rica earthquake,1,Informative
243892700066226176,"Segun reportes de Chile,Rusia el #HAARP se encontraba funcionando. Segun cientificos la oinosfera estaba inestable minutos antes #CostaRica",Not related,2012 Costa Rica earthquake,0,Not informative
243897267680051201,"#terremoto M 4.6, Vanuatu - Friday, September  7, 2012 00:52:42 UTCFriday, September  7, 2012 11:52:42 AM at epicent... http://t.co/DHpCyyRZ",Not related,2012 Costa Rica earthquake,0,Not informative
243904599327662080,RT @wikisismos: CURIOSIDADES: Terremoto de Costa Rica ocurrió dos horas después de que el HAARP se activara en Alaska. Científicos inves ...,Related - but not informative,2012 Costa Rica earthquake,0,Not informative
243907006837186562,Ya empezó @Nacion_ESPN vamos a ver que dicen del #CostaRica vs #Mexico,Not related,2012 Costa Rica earthquake,0,Not informative
243908114158612480,RT @wikisismos: Temblor  Costa Rica 2012-09-06 20:08:44: Sismo registrado el 2012/09/06 a las 20:08:44 http://t.co/bFIzrkrI #temblorcr,Related and informative,2012 Costa Rica earthquake,1,Informative
243908894294962176,RT @wikisismos: Declaran alerta verde en Nicaragua por enjambre sísmico en el Lago de Nicaragua. Estaría ligado al terremoto de Costa Rica,Related and informative,2012 Costa Rica earthquake,1,Informative
243922446086991872,World Environment News - 7.6 magnitude quake hits Costa Rica - Planet Ark http://t.co/uptiMQMP,Related and informative,2012 Costa Rica earthquake,1,Informative
243928179679580160,Timber and Forestry: NatureWalk 3 http://t.co/YJBMd1fV #CostaRica #ForestryProperty #Teak #Timberland,Not related,2012 Costa Rica earthquake,0,Not informative
243928716550488064,"#deprem M 4.9, Sichuan-Yunnan-Guizhou region, China: September 07, 2012 03:58:01 GMT http://t.co/EzNq1Dc6 #earthquake",Not related,2012 Costa Rica earthquake,0,Not informative
243953924342681600,error: invalid status code: 401. -&gt; reconnecting in: 10 seconds -&gt; libc++abi.dylib: ...(ry orz #earthquake.gem,Not related,2012 Costa Rica earthquake,0,Not informative
243953962091429888,RT @EmiliePerzYoga: #yoga vashistasana #costarica#puravida #paradise#beach#summer  http://t.co/7813RHNb,Not related,2012 Costa Rica earthquake,0,Not informative
243960412930981888,"Mondo Tempo Reale: Terremoto Costa Rica, secondo gli esperti la penisola di Nicoya si sarebbe alzata di 1 metro!: http://t.co/XHIjas49",Related and informative,2012 Costa Rica earthquake,1,Informative
243967794880851968,well that was an #earthquake...,Related - but not informative,2012 Costa Rica earthquake,0,Not informative
243967807463768064,#EARTHQUAKE. I actually felt that one!,Not applicable,2012 Costa Rica earthquake,0,Not informative
243967899746848768,Here we go again #earthquake,Not related,2012 Costa Rica earthquake,0,Not informative
243967950065913857,Graboids are up to no good again here in LA!  #earthquake,Not related,2012 Costa Rica earthquake,0,Not informative
243967958454521856,Another #earthquake...at least i was already awake this time!,Related - but not informative,2012 Costa Rica earthquake,0,Not informative
243968126260236288,LA #earthquake gonna be trending.,Not related,2012 Costa Rica earthquake,0,Not informative
243968554066640896,"RT @eddyDRAKE: Oh great #earthquake, let the fb and twitter feed overload",Not related,2012 Costa Rica earthquake,0,Not informative
243968575038173184,Dang it #earthquake! I was trying to go to sleep early!,Not applicable,2012 Costa Rica earthquake,0,Not informative
243968608575844352,RT @HarleyPlays: Not in LA but I'm all over this trend right now! #Earthquake OMG you feel that?! Crazy!!,Not related,2012 Costa Rica earthquake,0,Not informative
243968616993808385,"3.5 #quake in Beverly Hills, stronger than the one last week. http://t.co/CftE5nrt",Not applicable,2012 Costa Rica earthquake,0,Not informative
243968713429225473,RT @KhuludLa: The earthquake scared the shit out of me! #earthquake,Related - but not informative,2012 Costa Rica earthquake,0,Not informative
243968738607656960,RT @zomanno: EARTHQUAKEEE!! #earthquake,Not applicable,2012 Costa Rica earthquake,0,Not informative
243968864453525504,"Though it was smallish, if you lived near bev hills epicenter, it was pretty jarring. #quake",Not related,2012 Costa Rica earthquake,0,Not informative
243968935731552256,RT @WheninLAtumblr: #EARTHQUAKE #AnotherDayAnotherQuake,Not applicable,2012 Costa Rica earthquake,0,Not informative
243969023828717568,Another #earthquake and I didn't feel a thing. Our house is obviously built on springs.,Not related,2012 Costa Rica earthquake,0,Not informative
243969170620944384,RT @kaisha: ok... that was NOT cool!!! :( #earthquake,Not related,2012 Costa Rica earthquake,0,Not informative
243969325793423361,2012 is so real. The world is ending in like 4 months. #earthquake,Related - but not informative,2012 Costa Rica earthquake,0,Not informative
243969426469310464,I don't think it's a coincidence that while watching my first episode of #HoneyBooBoo there's an #earthquake.,Related - but not informative,2012 Costa Rica earthquake,0,Not informative
243969552306806784,RT @ABC7: #BREAKINGNEWS: Prelim 3.5-mag. #earthquake rattles Beverly Hills. Did you feel it?,Not related,2012 Costa Rica earthquake,0,Not informative
243969631977611265,"#9021uh-0: Beverly Hills #earthquake gives a good shake to the #westside, eastern #SFV. http://t.co/G1Ga1v0T via @lanow",Not applicable,2012 Costa Rica earthquake,0,Not informative
243969803973455872,RT @TheLAScene: It looks like the #BeverlyHills #Earthquake was upgraded to a 3.5. http://t.co/UThFGsv1,Related - but not informative,2012 Costa Rica earthquake,0,Not informative
243969967555493889,"RT @LAFD: *#Earthquake* PRELIM M3.4 seismic event 0.0 MI WSW of Beverly Hills, CA (9 miles W of #LosAngeles Civic Center) at… http://t.c ...",Not related,2012 Costa Rica earthquake,0,Not informative
243970198242209792,"RT @maxbdilla: #mmda September 6, 2012 #MMDA #earthquake #calamity #drill with Chairman Tolentino  http://t.co/wxid72Dp @DZMMTeleRadyo",Not related,2012 Costa Rica earthquake,0,Not informative
243970307273146368,RT @rhysiedarby: Whoa that felt big! ... and I'm on the 10th floor. #la #quake,Not related,2012 Costa Rica earthquake,0,Not informative
243970395353513984,#Earthquake in LA :-0 hope everyone is okay ...didn't feel a thing here in B.C,Not related,2012 Costa Rica earthquake,0,Not informative
243970470838407168,Goddamnit I thought that was my 9 foot tall neighbor coming home but it was an #earthquake,Not related,2012 Costa Rica earthquake,0,Not informative
243970470855184384,RT @LAFD: *#Earthquake* Pursuant of protocol LAFD now in 'Earthquake Emergency Mode' due to 12:03 AM PDT #LAquake… http://t.co/o75B7Q5Q,Not related,2012 Costa Rica earthquake,0,Not informative
243970668000067585,"@ArianaGrande Hi I´m from Costa Rica, 2 days ago was an earthquake in my country...Magnitude 7.6!! :(",Related and informative,2012 Costa Rica earthquake,1,Informative
243970923835830272,"I don't think I have ever seen an #earthquake UPGRADED, come on Beverly Hills! What's the deal? So many this year, and all at night. weird.",Not related,2012 Costa Rica earthquake,0,Not informative
243970995164176386,this #earthquake woke me up again.. seriously.. I don't like this.,Related - but not informative,2012 Costa Rica earthquake,0,Not informative
243971162919555072,Sorry america! Canada just tipped over the worlds largest maple syrup jug onto the worlds biggest slice of back bacon. #earthquake,Not related,2012 Costa Rica earthquake,0,Not informative
243971632664809472,RT @Skweezy: THAT AINT NO #EARTHQUAKE THATS JUST THA SHUDDER OF ME SATISFYIN LADIES,Not related,2012 Costa Rica earthquake,0,Not informative
243972001767776256,RT @linzwashburn: #earthquake damage... @datbumo's backpack fell over. http://t.co/9E4EyjD4,Not related,2012 Costa Rica earthquake,0,Not informative
243972182135431168,Tell u what...that #Earthquake only lasted bout 2 seconds &amp; @Bobak9 had a faster reaction that #UsainBolt! Never seen a man move SO fast Lol,Not applicable,2012 Costa Rica earthquake,0,Not informative
243972219875774464,"RT @NtsakiC_Cabana: @MaxGoldberg: Sorry guys, I was having sex. #mybad #earthquake #losangeles LOL!!! Go you! Buh for safety sake KEEP ...",Not related,2012 Costa Rica earthquake,0,Not informative
243972773528084480,#DNC2012. Was so earth shattering it caused an #earthquake on the other side of the country!! I hope everyone is safe,Related - but not informative,2012 Costa Rica earthquake,0,Not informative
243974572888702976,RT @ABC7: #EARTHQUAKE UPDATE: 3.5-mag. quake struck W-SW of Beverly Hills at 12:03 am http://t.co/SiN421Df No early reports of damage or ...,Not related,2012 Costa Rica earthquake,0,Not informative
243974757421285377,#quake Can this be serious http://t.co/6jaQaSGo,Not related,2012 Costa Rica earthquake,0,Not informative
243974996513411072,"RT @jaesaints: A quick #earthquake rocks beverly hills, Dwight just fell off his bed. Dont worry guys. Lol",Not related,2012 Costa Rica earthquake,0,Not informative
243975688581959681,3.5 #EARTHQUAKE #LA #Beverly Hills http://t.co/YAyS5T2i Dang! I Thought Someone TripDD #MeganLochte,Not related,2012 Costa Rica earthquake,0,Not informative
243975936033296384,#iAlwaysThinkAbout not pooping when I feel an #earthquake in the middle of the night,Not related,2012 Costa Rica earthquake,0,Not informative
243976321930235905,"“@LAFDtalk: Save your nose &amp; fingers! Do NOT stand in a doorway during an #earthquake - Drop, Cover &amp; Hold On @mstambouli",Not related,2012 Costa Rica earthquake,0,Not informative
243976443552485377,The News Said that Was An Beverly Hills #EarthQuake (Prelim 3.5-Mag),Not related,2012 Costa Rica earthquake,0,Not informative
243976829424242688,RT @TheLAScene: The @USGS reports that the #LA #Earthquake was a 3.4 centered in #BeverlyHills at 12:03am. http://t.co/hQuieMPv,Not related,2012 Costa Rica earthquake,0,Not informative
243978343580569600,RT @aguywithnolife: Must suck to be anyone in California who was getting a tattoo when that #earthquake just happened.,Not related,2012 Costa Rica earthquake,0,Not informative
243979417314009088,"RT @LAFD: #LAquake #Earthquake Emergency Mode discontinued. No significant damage, injury or loss of life. LAFD in normal… http://t.co ...",Related and informative,2012 Costa Rica earthquake,1,Informative
243979933205028864,"#Sismo #Earthquake M 3.5, 0km WSW of Beverly Hills, California http://t.co/iLlC8lWa #UltimaHora",Not related,2012 Costa Rica earthquake,0,Not informative
243984353988861952,RT @elizadushku: I think I'm supposed to tweet about an #earthquake right now here in LA... #foundoutontwitter,Not related,2012 Costa Rica earthquake,0,Not informative
243987327750393856,#earthquake I made out with her last night yaummm &lt;http://t.co/7zjm28sr&gt;,Not related,2012 Costa Rica earthquake,0,Not informative
244003295486701568,COSTA RICA: Cáritas pide atender viviendas de zonas pobres afectadas por terremoto. http://t.co/b9e2y57E,Related and informative,2012 Costa Rica earthquake,1,Informative
244010220261609472,RT @isabellefuhrman: Almost dove under my desk while I was doing my math homework... #Earthquake in california :/ yikess,Not related,2012 Costa Rica earthquake,0,Not informative
244011558244593665,"【#USGS #alert】 M 1.3, Central Alaska: September 07, 2012 09:36:06 GMT http://t.co/vSpJ5wU1 #earthquake #tsunami #prayfromjapan",Not related,2012 Costa Rica earthquake,0,Not informative
244018608886407169,#earthquake M4.3: northern Colombia http://t.co/BBvnaCvF,Not related,2012 Costa Rica earthquake,0,Not informative
244024363458895872,Costa Rica escapes serious damage from big quake http://t.co/q6uTSLEa,Related and informative,2012 Costa Rica earthquake,1,Informative
244028025098878976,RT @RosaBellaCucina: Was that Barack Obama throwing it down at the Democratic National Convention or just another #Earthquake? #DNC #Oba ...,Not related,2012 Costa Rica earthquake,0,Not informative
244028511633952768,"RT @glendacnn: Buenos Días! #Sismos en #China deja al menos 43 muertos, mientras que #CostaRica se recupera con leves daños por #terremo ...",Related and informative,2012 Costa Rica earthquake,1,Informative
244028759093682177,"【#USGS #Breaking】 M 2.1, 8km SSE of Volcano, Hawaii http://t.co/n5FX3E0B #PastHour #21 #earthquake #tsunami #prayfromjapan",Not related,2012 Costa Rica earthquake,0,Not informative
244033708364005377,Despertandooooo #earthquake #newday #song #glass #50cent #aliciakeys #music #instagram  http://t.co/aaXiDaGD,Related - but not informative,2012 Costa Rica earthquake,0,Not informative
244034257838817280,"RT @TodoTiempo: #Temblor♨ M 4.3, 18km NNW of Cruces de Anori, Colombia http://t.co/d062Afrv #Earthquake #Sismo",Not related,2012 Costa Rica earthquake,0,Not informative
244059457196285953,espero que no se venga un #TemblorCR! Aqui si me daria miedo! (@ Facultad de Ciencias Sociales) http://t.co/472SyqIH,Related - but not informative,2012 Costa Rica earthquake,0,Not informative
244065815777902596,"Nope, missed that one as well. #earthquake #zzz",Not related,2012 Costa Rica earthquake,0,Not informative
244069125062799361,RT @C_Deportiva: El #Tri mostró su lado solidario en #CostaRica http://t.co/X9jlAWr9,Not related,2012 Costa Rica earthquake,0,Not informative
244071117361405953,RT @CNNValencia: JUST IN- #China’s state run news agency Xinhua reports death toll in Yunnan #earthquake now at 64 with 715 injured.,Not related,2012 Costa Rica earthquake,0,Not informative
244083696074907648,"RT @WheresItShaking: #earthquake M 4.1, Central California http://t.co/PKy4tlQN",Not related,2012 Costa Rica earthquake,0,Not informative
244083725464387584,Hopefully we will be in Costa Rica for @MarcAnthony concert in #costaRica #puravida  #bronx #representing,Not related,2012 Costa Rica earthquake,0,Not informative
244085172503461888,【三陸南地震】http://t.co/z7EbXzv2　 #earthquake #地震 #thomas_hiatt,Not applicable,2012 Costa Rica earthquake,0,Not informative
244085394776391680,"RT @AlertNet: Quakes in southwest #China kill dozens, damage 20,000 homes http://t.co/0j1oq79l #earthquake",Not applicable,2012 Costa Rica earthquake,0,Not informative
244086296555970561,"RT @BreakingNews: Earthquakes in Southern, Central California today not triggered by 7.6-magnitude quake in Costa Rica - @AP http://t.co ...",Related and informative,2012 Costa Rica earthquake,1,Informative
244094685168140288,"RT @INGVterremoti: #terremoto Ml:2.9 2012-09-07 15:10:07 UTC Lat=39.89 Lon=16.02 Prof=8.4Km Prov=POTENZA,COSENZA",Not related,2012 Costa Rica earthquake,0,Not informative
244095058465394688,"A magnitude-3.5 #earthquake struck in #BeverlyHills, #California. There were no reports of injury or damage  http://t.co/s2I4o5PH",Not related,2012 Costa Rica earthquake,0,Not informative
244097768002568192,"【#USGS #alert】 M 2.1, Central Alaska: September 07, 2012 15:33:36 GMT http://t.co/G9eJVAUP #earthquake #tsunami #prayfromjapan",Not applicable,2012 Costa Rica earthquake,0,Not informative
244097881215209473,"RT @DinaMeyer: Damn, I slept through another one!! #earthquake",Not related,2012 Costa Rica earthquake,0,Not informative
244104592135176192,Dear earth 2x this week you've woken me up 3.5 #earthquake epicenter 1/2 mile away-Results crappy workout next day stop making me fat earth,Not applicable,2012 Costa Rica earthquake,0,Not informative
244115547627855873,"Terremoto de 7.9 en costa Rica, Alerta de Tsunami http://t.co/gAVRWuBu",Related and informative,2012 Costa Rica earthquake,1,Informative
244118307488292868,#terremoto Suman 64 los muertos y más de 550 heridos por sismos en China: Los habitantes de la región describier... http://t.co/hOdwcV3a,Not related,2012 Costa Rica earthquake,0,Not informative
244127337828986880,Powerful Earthquake Shakes Costa Rica escapes serious damage from big quake rattles Central America Buildings sway r... http://t.co/abFcLHdd,Related and informative,2012 Costa Rica earthquake,1,Informative
244140818334642176,#ALDATO: Por 3ª vez SEGUIDA el CAPITÁN #1 de #CostaRica NO JUGARÁ en el juego ELIMINATORIO ante #México. 2 veces Centeno y hoy @bryanruizcr.,Not related,2012 Costa Rica earthquake,0,Not informative
244165787022135296,Presidente de #Guatemala anuncia visita a #CostaRica http://t.co/mosoTXpb,Not related,2012 Costa Rica earthquake,0,Not informative
244167393448955904,RT @24HorasTVN: #Terremoto 5.6 Richter dejó decenas de muertos en #China. Acá FOTOS de la tragedia: http://t.co/ahbkrGaD,Not related,2012 Costa Rica earthquake,0,Not informative
244169071166377985,RT @PatrickAlan: dear california. please do not fall off into the ocean. thanks. #EarthQuake,Not related,2012 Costa Rica earthquake,0,Not informative
244173588406620160,#CostaRica – Tigo invierte en ampliar su cobertura. En @SignalsNews http://t.co/hK8UjnuC,Not related,2012 Costa Rica earthquake,0,Not informative
244179363975815169,La selección de Costa Rica entrenó después del terremoto de 7.6 grados Richter - Univision Futbol http://t.co/0U6dLAfP,Related - but not informative,2012 Costa Rica earthquake,0,Not informative
244180181844111362,Les conté q soy abuela de 9 hamsters q nacieron en medio #terremotoCR,Related - but not informative,2012 Costa Rica earthquake,0,Not informative
244184564908556289,Los Sueños.12 #costarica #coast #ecr #pacific #vacations #architecture #marriot #puntarenas #herradura #trav http://t.co/GvZOD237,Not related,2012 Costa Rica earthquake,0,Not informative
244198980748189697,#Sismo #Earthquake 4.5 en #Jujuy -Epicentro 162km NNO de San Salvador de Jujuy http://t.co/crNgM4CM,Related and informative,2012 Costa Rica earthquake,1,Informative
244199807021879296,#WingsArmy #Zacatecas disfruta el partido entre #Mexico vs #CostaRica 8pm #TheBestWings http://t.co/81coAfCJ,Not related,2012 Costa Rica earthquake,0,Not informative
244214268965294081,RT @tweetsnicas: #LaPrensa  Costa Rica: casi mil réplicas tras terremoto http://t.co/HLc8gFtC,Related and informative,2012 Costa Rica earthquake,1,Informative
244216412275634177,@pasotti_: Esta noche 20h30 por #AztecaSiete regresan las clases particulares gratuitas con @GarciaPosti #México vs. #CostaRica @rabocsem,Not related,2012 Costa Rica earthquake,0,Not informative
244243742326923264,says http://t.co/WGFZBO0a Costa Rica escapes serious damage from big quake http://t.co/2IrbsL06,Related and informative,2012 Costa Rica earthquake,1,Informative
244243939484385280,"Did you guys know two days ago, ok maybe 3, Costa Rica had an earthquake?! No? Yea...figured. :/ #uselessinfo",Related and informative,2012 Costa Rica earthquake,1,Informative
244245277471563777,ขอให้ทุกคนที่จีนปลอดภัย TT #earthquake #china,Not applicable,2012 Costa Rica earthquake,0,Not informative
244247185879867392,"RT @TD_Deportes: Alineación #CostaRica: Navas; Acosta, González, Umaña, Salvatierra; Oviedo, Cubero, Barantes, Bolaños; Campbell y Saborío",Not related,2012 Costa Rica earthquake,0,Not informative
244248167334428672,Costa Rica Earthquake Magnitude 76 Tremor Sets Off Tsunami Warning Along Coastlines http://t.co/WKFAY9YJ  #news,Related and informative,2012 Costa Rica earthquake,1,Informative
244249622757928963,RT @zishin3255: ■■緊急地震速報(最終報)■■ 伊予灘で地震　最大震度 3(推定) [詳細] 2012/09/08 10:41:25発生　M4.6 深さ50km #earthquake,Not applicable,2012 Costa Rica earthquake,0,Not informative
244249748603826176,RT @earthquake_jp: 【気象庁速報】08日　10時41分頃　最大震度3の地震が発生。( http://t.co/mCoVlGz0 ) 震度3：広島県南東部他 #saigai #jishin #earthquake,Not related,2012 Costa Rica earthquake,0,Not informative
244250063176601601,"RT @TIME: Costa Rica's quake left little damage, showing the sturdiness of the nation's structural codes | http://t.co/t8imTztz (via @TI ...",Related and informative,2012 Costa Rica earthquake,1,Informative
244250331578515456,@futboltotal #México 2-1 #CostaRica.,Not related,2012 Costa Rica earthquake,0,Not informative
244250381939535872,RT @earthquake_jp: 【気象庁情報】08日　10時41分頃　伊予灘（N33.8/E132.3）にて　最大震度3（M4.4）の地震が発生。　震源の深さは50km。( http://t.co/wbVga258 ) #saigai #jishin #earthquake,Not applicable,2012 Costa Rica earthquake,0,Not informative
244253993222680576,Los equipos ya están en la cancha. Suena el himno de la FIFA #CostaRica vs #México,Not related,2012 Costa Rica earthquake,0,Not informative
244254374895951873,RT @TD_Deportes: Se entona en estos momentos el Himno de México :: #CostaRica vs #México :: http://t.co/1Es1Yosk,Not related,2012 Costa Rica earthquake,0,Not informative
244256639820132353,#Mexico Vs. #CostaRica .  #LetsGoMexico &lt;3,Not related,2012 Costa Rica earthquake,0,Not informative
244261173879529472,RT @Karla5alinas: #México vs #CostaRica !!! Viendo el game,Not related,2012 Costa Rica earthquake,0,Not informative
244266269967257600,#CostaRica juega basura! Y el #Chicharito es un tronco!,Not related,2012 Costa Rica earthquake,0,Not informative
244267222044905472,M44 #CostaRica 0-1 #Mexico #Concacaf #Brasil2014,Not related,2012 Costa Rica earthquake,0,Not informative
244267737944297472,"RT @ResultadosFut: ¡GOOOOOOOOL! ¡Gol de Salcido! Al minuto 43’ se adelantan, #CostaRica 0-1 #México #EliminatoriaConcacafBrasil2014",Not related,2012 Costa Rica earthquake,0,Not informative
244268052529684480,Fin de la primera parte #ElTri le gana a #CostaRica por la minima en San Jose.,Not related,2012 Costa Rica earthquake,0,Not informative
244271781286932480,RT @ChivasseraCampe: RT Si le vas a #México Fav si le vas a #CostaRica,Not related,2012 Costa Rica earthquake,0,Not informative
244273253458247680,#CostaRica 0 #México 2 Gol de Zavala #Eliminatoria2014,Not related,2012 Costa Rica earthquake,0,Not informative
244275015065952256,Hay #CostaRica si en tu casa te estan pegando en el #Azteca vas a salir violado hahaha!,Not related,2012 Costa Rica earthquake,0,Not informative
244276059443449856,"RT @TD_Deportes: ¡Poste! Guardado saca tiro que pega en el travesaño al 60', #CostaRica 0-2 #México :: http://t.co/1Es1Yosk",Not related,2012 Costa Rica earthquake,0,Not informative
244277061877899264,RT @DAVIDROLAS: #Mexico 2 #CostaRica 0 ... #VivaMexico!!!,Not related,2012 Costa Rica earthquake,0,Not informative
244277112234721280,RT @INGVterremoti: #terremoto Ml:2.4 2012-09-08 00:04:27 UTC Lat=41.68 Lon=12.72 Prof=8.5Km Prov=ROMA,Not applicable,2012 Costa Rica earthquake,0,Not informative
244279624610226177,"RT @TD_Deportes: Gol anulado a Brenes de Costa Rica por fuera de lugar bien señalado, #CostaRica 0-2 #México :: http://t.co/1Es1Yosk",Not related,2012 Costa Rica earthquake,0,Not informative
244281130382131200,"#CostaRica obligada para agrandar su historia, llamada a realizar el 2do #Aztecazo!",Not related,2012 Costa Rica earthquake,0,Not informative
244283424649670656,"RT @TD_Deportes: Cambio del Tri, sale Aquino y entra Ayala al 84', #CostaRica 0-2 #México :: http://t.co/1Es1Yosk",Not related,2012 Costa Rica earthquake,0,Not informative
244283714073407488,RT @TD_Deportes: ¡¡¡Finaliza el partido!!! #CostaRica 0-2 #México :: http://t.co/1Es1Yosk,Not related,2012 Costa Rica earthquake,0,Not informative
244283974116057088,#Mexico gana 2-0 sobre #CostaRica. Un partido muy brusco pero #Mexico con la victoria. Ahora hasta el Martes.,Not related,2012 Costa Rica earthquake,0,Not informative
244284041237495809,RT @mmdeportesmx: Ya están #CostaRica y #México en la cancha,Not related,2012 Costa Rica earthquake,0,Not informative
244285895086325760,¿quien para jugador del partido del  #CostaRica 0-2 #Mexico ? a)salcido b)zavala c)peralta,Not related,2012 Costa Rica earthquake,0,Not informative
244291976831320064,【アマーリエ】天変地異が起こるのも、原因結果の「結果」です。人を殺したいとか、戦争するような暗い思いが、地球人類の時の流れの中でたくさん放出されてしまったのです。http://t.co/1E1YrAoW  #earthquake http://t.co/FSEeR4LZ,Not applicable,2012 Costa Rica earthquake,0,Not informative
244300784882298880,"#Earthquake M 2.7, Kodiak Island region, Alaska: September 08, 2012 04:43:21 GMT http://t.co/vOWM91SM",Not related,2012 Costa Rica earthquake,0,Not informative
244301296599965696,"【#USGS #alert】 M 2.7, Kodiak Island region, Alaska http://t.co/rTVtAmHf #Pasthour #earthquake #tsunami #prayfromjapan",Not related,2012 Costa Rica earthquake,0,Not informative
244325015376519169,EarthquakeCalifornia China steps up earthquake rescue efforts; 80 dead - USA TODAY http://t.co/hMOMW89g #earthquake,Not related,2012 Costa Rica earthquake,0,Not informative
244363976253788160,#terremoto Ml:2.5 2012-09-08 08:49:06 UTC Lat=44.85 Lon=11.48 Prof=4.0Km Prov=FERRARA,Not related,2012 Costa Rica earthquake,0,Not informative
244376227819962368,"China quake: Death toll up to 80, crippled infrastructure hampers rescue operations http://t.co/akvJMobj #earthquake #quake",Not related,2012 Costa Rica earthquake,0,Not informative
244392497525161984,"#Earthquake M 6.0, Papua, Indonesia http://t.co/DLqGWgW3",Not related,2012 Costa Rica earthquake,0,Not informative
244393718059257856,"#quake: [6.0] - Papua, Indonesia 23 minutes ago. http://t.co/JaaqDETd",Not related,2012 Costa Rica earthquake,0,Not informative
244410054885920768,The Watchers - Massive Costa Rican earthquake awakens Nicaraguan Apoyeque volcano http://t.co/pbc2QzSB,Related and informative,2012 Costa Rica earthquake,1,Informative
244420150596603904,"#earthquake: At 12:35 PM UTC, in Minahasa there was a #seismic activity: M4.7, depth 35.70km",Not applicable,2012 Costa Rica earthquake,0,Not informative
244430481146388480,"【#USGS #alert】 M 1.1, Southern California: September 08, 2012 13:29:28 GMT http://t.co/lt8YlHMP #earthquake #tsunami #prayfromjapan",Not related,2012 Costa Rica earthquake,0,Not informative
244432020468539393,"Tadi Nabire, barusan Toli-Toli #earthquake..Ngapuro ya Allah :(",Not related,2012 Costa Rica earthquake,0,Not informative
244435816309469184,"RT @correoorinoco: Sismo de magnitud 4,3 se registró en costa norte de #Peru http://t.co/odQhZMjT @reporterremoto #terremoto",Related and informative,2012 Costa Rica earthquake,1,Informative
244436332217262080,Earthquake death toll rises to at least 80 in southwestern China: The death toll rose to more than ... http://t.co/ElhjmwOE #quake #news,Not related,2012 Costa Rica earthquake,0,Not informative
244436495774121984,Nadie es Dios excepto Alah.  Muhammad es el Mensajero de Alah. #nicaragua #honduras#guatemala #belize#costarica#v10#13,Not related,2012 Costa Rica earthquake,0,Not informative
244445316399656962,Japan Announces Designs For Coins Commemorating The Tohoku Earthquake And Tsunami #Japan #earthquake  http://t.co/46Tbxasn,Not related,2012 Costa Rica earthquake,0,Not informative
244446117503328257,【新潟県中越地震】http://t.co/ZjntfMo6 #earthquake #地震 #blog #bot #相互フォローしようよ,Not applicable,2012 Costa Rica earthquake,0,Not informative
244452702589943808,Stay up to date with the latest #earthquake info at @USGS http://t.co/htMGUaTO #costarica,Related and informative,2012 Costa Rica earthquake,1,Informative
244452878717186049,"Temblor de magnitud 4,5 sacude a Costa Rica",Related and informative,2012 Costa Rica earthquake,1,Informative
244458146771398656,Presidente guatemalteco notifica viaje a Costa Rica venidero jueves - Prensa Latina http://t.co/qz4rKjVs #costarica,Not related,2012 Costa Rica earthquake,0,Not informative
244459845451915264,"【#USGS #Breaking】 M 1.4, 99km ESE of Cantwell, Alaska http://t.co/jjvQqMBR #PastHour #14 #earthquake #tsunami #prayfromjapan",Not related,2012 Costa Rica earthquake,0,Not informative
244464664732377088,Woot! Have a blast!! RT @PinayNoire: Heading to the airport. *cries* adios #CostaRica,Not related,2012 Costa Rica earthquake,0,Not informative
244481450311831552,RT @wikisismos: HONDURAS: Reportan que el mar se secó en algunos puntos luego de terremoto en Costa Rica. Científicos investigan que p ...,Related and informative,2012 Costa Rica earthquake,1,Informative
244482448572944387,52 km al SE de Socaire http://t.co/FuBoQtJ2 #Terremoto #Temblor  #sismos #chile #sismo,Not related,2012 Costa Rica earthquake,0,Not informative
244489390158659585,Experts try to identify causes of quakes in Quang Nam http://t.co/Us5onQsm #earthquake #quake,Related - but not informative,2012 Costa Rica earthquake,0,Not informative
244491701194981377,01:53 JST 09 Sep 2012: 01:53 JST 09 Sep 201201:48 JST 09 Sep 2012Amami… http://t.co/qv4te5XD  #JP #Earthquake,Not related,2012 Costa Rica earthquake,0,Not informative
244493613797625858,"@manuos2970: #Sismo de 4,0 sacudió la ciudad de Chimbote, #Perú @elnoticierotc #Earthquake #Temblor",Not related,2012 Costa Rica earthquake,0,Not informative
244501327126859777,"RT @PezeteroJ: @CACHIS_10260 hola felicidades,,reconosco son los,,mejores,,,#costarica,mexico,,",Not related,2012 Costa Rica earthquake,0,Not informative
244504313462935552,RT @SavetheChildren: Alert! @SavetheChildren responding to the #quake in #China. You can donate to help us respond: http://t.co/tlV1Cwsr ...,Not related,2012 Costa Rica earthquake,0,Not informative
244505953444167681,RT @zishin3255: ■■緊急地震速報(最終報)■■ 静岡県西部で地震　最大震度 3(推定) [詳細] 2012/09/09 3:38:30発生　M4.7 深さ30km #earthquake,Not applicable,2012 Costa Rica earthquake,0,Not informative
244533744915079168,"En Llorente, #temblorcr sentido largo pero evidentemente no tan fuerte como anterior. Sí se activó una alarma, q no pasaba desde miércoles",Related - but not informative,2012 Costa Rica earthquake,0,Not informative
244534114026418176,RT @nacion: Se acaba de registrar un sismo. Se sintió en el Valle Central. Agradecemos sus reportes #temblorcr,Related and informative,2012 Costa Rica earthquake,1,Informative
244534508257415169,Siguen bretiando los Mayas :D #temblorcr,Related - but not informative,2012 Costa Rica earthquake,0,Not informative
244534848033787904,5.6 grados #temblorCR según @repretel,Related and informative,2012 Costa Rica earthquake,1,Informative
244536429261230080,@MarisolSotoA sintió el #temblorcr?,Related - but not informative,2012 Costa Rica earthquake,0,Not informative
244540145418780672,"RT @pfonsecaq: La duración del movimiento fuerte en este último #temblorcr en Santa Cruz fue de 7 segundos, el miércoles había sido 61 s ...",Related and informative,2012 Costa Rica earthquake,1,Informative
244541017854976000,BECOME ASEXUAL NOW: Magnitude 5.6 quake hits Costa Rica: (Reuters) - A magnitude 5.6 earthqu... http://t.co/5jWMTB3H #asexual #sexuality,Related and informative,2012 Costa Rica earthquake,1,Informative
244541726663000064,Felt it here in the South. Costa RICA had an earthquake maybe it was tremor RT @TrafficSA: #offtraffic East Rand shaking #earthquake ?,Related - but not informative,2012 Costa Rica earthquake,0,Not informative
244542703960989696,Otro temblor en Costa Rica 5.6 earthquake! Sat Sep 08 16:29:32 AMT 2012 near Costa Rica http://t.co/Uz6jkKAK,Related and informative,2012 Costa Rica earthquake,1,Informative
244544142607261697,"Interesting: BreakingNews: Magnitude 5.6 earthquake hits near Hojancha, Costa Rica - USGS http:... http://t.co/s6ImriCx Please RT",Related and informative,2012 Costa Rica earthquake,1,Informative
244546269098430466,#ApagonCr #TiempoCr #TemblorCr #fb,Related - but not informative,2012 Costa Rica earthquake,0,Not informative
244551621030342656,"Pretty crazy here today with #socialmedia, lots of rain &amp; a 5.6 #earthquake that jolted us about an hour ago! #costaric http://t.co/XM6ydYSx",Related and informative,2012 Costa Rica earthquake,1,Informative
244556608070373377,"EARTHQUAKE REPORTS • EARTHQUAKE - ENE OF HOJANCHA, COSTA RICA: M5.6 - 11km ENE of Hojancha, Costa Rica 2012-09-08... http://t.co/9jAktmuM",Related and informative,2012 Costa Rica earthquake,1,Informative
244557337858293760,"“@USGSBigQuakes: Strong earthquake,  COSTA RICA, Sep-8 20:29 UTC, http://t.co/Ywrk2EZ1”//se siguen acomodando las placas",Related and informative,2012 Costa Rica earthquake,1,Informative
244560609411203072,"Temblor de 5,4 grados sacude Costa Rica http://t.co/8pjInv2D",Related and informative,2012 Costa Rica earthquake,1,Informative
244562786275975168,"RT @Marcopinel: Castigo a costa rica: terremoto, castigo a nicaragua: volcan, castigo a Honduras: juan orlando hernandez",Related - but not informative,2012 Costa Rica earthquake,0,Not informative
244571497836974080,I liked a @YouTube video http://t.co/wB8UA2Z6 Costa Rica Magnitude 5.6 earthquake hits near Hojancha,Related and informative,2012 Costa Rica earthquake,1,Informative
244574412869890048,Temblor de 5.4 grados sacude Costa Rica; es la réplica más fuerte del sismo de 7.6 http://t.co/ihVYNimI,Related and informative,2012 Costa Rica earthquake,1,Informative
244579064357216256,Magnitude 5.6 quake hits Costa Rica,Related and informative,2012 Costa Rica earthquake,1,Informative
244583472574889985,"Costa Rica earthquake awakens Nicaraguan volcano, which last erupted in 50 B.C: alert level raised http://t.co/7RFDfFBo",Related and informative,2012 Costa Rica earthquake,1,Informative
244584521146707968,"#earthquake# M 2.5, Southern Alaska: Saturday, September  8, 2012 23:27:54 UTCSaturday, September  8, 2012 03:27... http://t.co/FyHRh9T4",Not related,2012 Costa Rica earthquake,0,Not informative
244592842666803200,"#deprem M 1.0, Central Alaska: September 08, 2012 23:55:48 GMT http://t.co/uN2AQXCp #earthquake",Not related,2012 Costa Rica earthquake,0,Not informative
244630247448915968,"RT @ELTIEMPO: Sismo de 5,6 grados se sintió en zona de terremoto en Costa Rica http://t.co/WdJLQFAs",Related and informative,2012 Costa Rica earthquake,1,Informative
244630679453831168,#earthquake: M 4.9 - Pacific Ocean - East Tonga [Tongatapu] `Ohonua: Preliminary Earthquake Report:   	Date/Time... http://t.co/Z9YtrZVL,Not related,2012 Costa Rica earthquake,0,Not informative
244634387247931392,RT @GOOD: Fault line furniture: the table that could save lives in an #earthquake http://t.co/bXQ7zyA5,Not related,2012 Costa Rica earthquake,0,Not informative
244647326658985984,9日12時45分頃 - 最大震度 1 - 震源地 岩手県沖 http://t.co/vTnClnzr #地震 #earthquake,Not applicable,2012 Costa Rica earthquake,0,Not informative
244647326675763200,9日12時45分頃 - 最大震度 1 - 震源地 岩手県沖 http://t.co/UkPIzNV0 #地震 #earthquake,Not applicable,2012 Costa Rica earthquake,0,Not informative
244657808220504064,RT @ELBOTE: VIDEO: interior de un supermercado durante el terremoto d Costa Rica http://t.co/X55G6tkv || qué gacho se ve. Miedo mil.,Related and informative,2012 Costa Rica earthquake,1,Informative
244684588859920384,"RT @worldhazards: #earthquake M 4.7, Oaxaca, Mexico: September 09, 2012 05:14:52 GMT http://t.co/nIOfCdDR",Not related,2012 Costa Rica earthquake,0,Not informative
244694156071550976,GodOfTheJews: 6.0 - Kuril Islands #earthquake #ubAlert http://t.co/9EQIcYkk http://t.co/kXMq64FC,Not related,2012 Costa Rica earthquake,0,Not informative
244706613162827776,緊急地震速報 第5報 最大震度:１ 震源:38.6N142.0E 宮城県沖 50km マグニチュード:3.5 2012/9/9 16:58:18に地震発生 #jishin #quake  #followme 舞浜推定震度１未満 到達16:59:50,Not applicable,2012 Costa Rica earthquake,0,Not informative
244713080754409472,9日16時58分頃 - 最大震度 2 - 震源地 宮城県沖 http://t.co/BDIPcaua #地震 #earthquake,Not applicable,2012 Costa Rica earthquake,0,Not informative
244716847268786176,"#Earthquake M 1.3, Southern California http://t.co/PA7f2b1g",Not related,2012 Costa Rica earthquake,0,Not informative
244725403619586048,RT @Dealer_SEO: Moths are unable to fly during an #earthquake. #fact,Related - but not informative,2012 Costa Rica earthquake,0,Not informative
244734345900863489,¿Si tembló? Se los dije jaja  #temblorcr,Related - but not informative,2012 Costa Rica earthquake,0,Not informative
244738078839824384,"#terremoto M 5.3, Kuril Islands  #earthquake",Not related,2012 Costa Rica earthquake,0,Not informative
244744592585539584,【PR】EarthQuakeLive  http://t.co/1gePHHZT  #Earthquake #quake #earth #地震 #WebSite #Web,Not related,2012 Costa Rica earthquake,0,Not informative
244763794096660480,"Schade en gewonden door aardbeving M=4.8 in Bogor, Java, Indonesië #earthquake #aardbeving #gempabumi http://t.co/2O8qWW02",Not related,2012 Costa Rica earthquake,0,Not informative
244766126117117953,"#USGS M 4.5, 55km NE of Angoram, Papua New Guinea http://t.co/DbHxA7gH #earthquake",Related - but not informative,2012 Costa Rica earthquake,0,Not informative
244774963528208385,"RT @wikisismos: AHORA - #Sismo de M 4.5, 87km SSW of Puerto El Triunfo, El Salvador http://t.co/CzKe5pwi #jishin #quake",Not applicable,2012 Costa Rica earthquake,0,Not informative
244783360516435969,"【緊急地震速報】 第1報 2012.9.9 22:04:14地震発生 予想最大震度１ 震源: 釧路沖 40km M3.5 震央: 42.6N,145.2E #earthquake #jishin",Not applicable,2012 Costa Rica earthquake,0,Not informative
244797344325984256,RT @ArgentinaFW: Cordoba crowd reaction to Messi's goal. #earthquake RT @vivi_jara: el gol de messi desde la platea.... http://t.co/7w5LKvcT,Not related,2012 Costa Rica earthquake,0,Not informative
244828889715724288,La Kawasaki N.11 gana por tercera vez consecutiva las 24 Horas de Le Mans http://t.co/AJGkiDXT  #costarica,Not related,2012 Costa Rica earthquake,0,Not informative
244840889598492672,"RT @ReporteNi: Antes del terremoto de Costa Rica el #haarp se activo, a las 6:23:AM Hora de CRC http://t.co/BS8OwyfW",Related and informative,2012 Costa Rica earthquake,1,Informative
244852960813785088,PLEASE RT (http://t.co/VoB8mFXm ) - NEW SINGLE #EARTHQUAKE OFF THAT MY STYLE AINT FRE &lt;-- RSVP LIST,Not related,2012 Costa Rica earthquake,0,Not informative
244861219385782273,Earthquake: Global Alert http://t.co/sem9CYJm   #Earthquake #GlobalAlert,Not related,2012 Costa Rica earthquake,0,Not informative
244883117863747584,"#earthquake: M 2.2, Southern Alaska http://t.co/LsoFe0se",Not related,2012 Costa Rica earthquake,0,Not informative
244886854976016384,Video: Race Debate! Auto-Tune the News #7 @ http://t.co/d6IRigxA #flipbooth #earthquake,Not related,2012 Costa Rica earthquake,0,Not informative
244908359160041472,"【#USGS #alert】 M 4.5, Kepulauan Barat Daya, Indonesia http://t.co/7WLpNJBa #Pasthour #earthquake #tsunami #prayfromjapan",Not applicable,2012 Costa Rica earthquake,0,Not informative
244914151506448384,"#Temblor♨ M 4.8, 27km WNW of La Puerta de San Jose, Argentina http://t.co/urTXgr1q #Earthquake #Sismo",Not related,2012 Costa Rica earthquake,0,Not informative
244941263495913474,RT @ASOT600CA: Que buenaaaaaas fotos @arminvanbuuren #Elsalvador #guatemala #costarica #honduras #nicaragua @panama http://t.co/1VsKkszL,Not related,2012 Costa Rica earthquake,0,Not informative
244988323595177986,"#Temblor♨ M 3.1, 9km SSW of Alberto Oviedo Mota, Mexico http://t.co/oeSrPsWz #Earthquake #Sismo",Not related,2012 Costa Rica earthquake,0,Not informative
244989720302600193,Chau Ces...yo le pego gritos! Yo soy Jill Paer xD RT @Sismolurico: Posdata: no olviden tuitearme en caso de #temblorcr. Buenas noches!,Not related,2012 Costa Rica earthquake,0,Not informative
244995332243591168,RT @iamwill: There was a #Earthquake in l.a just 1min ago...If is wasn't...it was the beat I'm making in the studio for @NicoleScherzy.. ...,Not related,2012 Costa Rica earthquake,0,Not informative
245021643146158080,RT @INGVterremoti: #terremoto Ml:2.3 2012-09-10 01:30:41 UTC Lat=42.96 Lon=12.67 Prof=8.6Km Prov=PERUGIA,Not related,2012 Costa Rica earthquake,0,Not informative
245025409614364672,fucked a girl from Haiti once. made her bed shake. #earthquake #neverforget,Not related,2012 Costa Rica earthquake,0,Not informative
245039980609691648,"RT @wikisismos: AHORA - #Sismo de M 6.4, 244km S of Sidorukun, Indonesia http://t.co/24pZTwX2 #jishin #quake",Not related,2012 Costa Rica earthquake,0,Not informative
245077951673167872,"RT @INGVterremoti: #terremoto Ml:2.0 2012-09-10 07:45:29 UTC Lat=44.40 Lon=10.61 Prof=27.2Km Prov=REGGIO EMILIA,MODENA",Not related,2012 Costa Rica earthquake,0,Not informative
245088886202695680,"#deprem M 1.0, Southern California: September 10, 2012 09:10:16 GMT http://t.co/oxXBLFoA #earthquake",Not related,2012 Costa Rica earthquake,0,Not informative
245096918299066368,"【#USGS #alert】 M 4.1, Fox Islands, Aleutian Islands, Alaska http://t.co/Q8DFR0Dh #Pasthour #earthquake #tsunami #prayfromjapan",Not applicable,2012 Costa Rica earthquake,0,Not informative
245131772977893376,10日20時54分頃 - 最大震度 2 - 震源地 北海道東方沖 http://t.co/6D2x216b #地震 #earthquake,Not applicable,2012 Costa Rica earthquake,0,Not informative
245133534564581376,"Ma. Cristina Lizano Rodriguez, representa a #CostaRica en la eleccion a #ReinaMundialDelbanano2012 http://t.co/BDD55ZmO",Not related,2012 Costa Rica earthquake,0,Not informative
245138609697611776,RT @nswia_weather: Did you feel the #Earthquake? East of Woy Woy It happen at 16:23:51 (AEST) see... http://t.co/cLzTknxd,Related - but not informative,2012 Costa Rica earthquake,0,Not informative
245150601216929793,"RT @memotrejoscob: Exviceministra de #CostaRica, portada Interviú / Karina Bolaños: “La presidenta de mi país solo protege a los corrupt ...",Not related,2012 Costa Rica earthquake,0,Not informative
245164685656219648,RT @zishin3255: ■■緊急地震速報(最終報)■■ 宮城県沖で地震　最大震度 1(推定) [詳細] 2012/09/10 23:17:59発生　M3.5 深さ10km #earthquake,Not applicable,2012 Costa Rica earthquake,0,Not informative
245165184807751680,"RT @quakemonitor: #earthquake M 4.7, Banda Sea Depth: 143.50 km Sep 10 8:51:09 2012 BST http://t.co/3sohMbhg",Not related,2012 Costa Rica earthquake,0,Not informative
245184403100278784,RT @0cazaDballenas: #sabiasque El 90% de delfines encallados en las playas de #CostaRica son rayados? http://t.co/dcnRLoPb,Not related,2012 Costa Rica earthquake,0,Not informative
245195203449847808,"【#USGS #alert】 M 2.0, Southern California: September 10, 2012 16:12:05 GMT http://t.co/Ta4SWypg #earthquake #tsunami #prayfromjapan",Not related,2012 Costa Rica earthquake,0,Not informative
245206083474423809,Al menos 80 muertos por lluvias e inundaciones en Pakistán http://t.co/jj0BVgGh  #costarica,Not related,2012 Costa Rica earthquake,0,Not informative
245225305940303872,"“Chinchilla solo proteje a los corruptos”, asegura ex vice ministra Karina Bolaños http://t.co/4zbbzNXX vía @elpaiscr #CostaRica",Not related,2012 Costa Rica earthquake,0,Not informative
245231496741392384,[震源地] 茨城県北部  [最大震度] 震度1 (2012年9月11日 2時58分頃発生） - goo 天気:  http://t.co/EsrPJJvX #earthquake #地震,Not applicable,2012 Costa Rica earthquake,0,Not informative
245232998285459456,@FotoBridge Have you eve wondered where you draw your inspiration from? http://t.co/wsJBoYDb #photography #travel #costarica #panama #RT,Not related,2012 Costa Rica earthquake,0,Not informative
245249112813998080,"【#USGS #alert】 M 1.4, Southern California: September 10, 2012 19:44:19 GMT http://t.co/GFaGBXEW #earthquake #tsunami #prayfromjapan",Not related,2012 Costa Rica earthquake,0,Not informative
245249133777137664,#embarassyourbestfriend   Sleepy time for @twinnischel ! #lovethisgirl #costarica http://t.co/2KI9giNz,Not related,2012 Costa Rica earthquake,0,Not informative
245294130270466048,"#earthquake: (GMT) M 4.5, Andaman Islands, India Region http://t.co/C6JKfJXA",Not applicable,2012 Costa Rica earthquake,0,Not informative
245301235442409472,"#earthquake: M 1.5, Central California http://t.co/wfj2IOvC",Not related,2012 Costa Rica earthquake,0,Not informative
245305937244590081,RT @earthquake_jp: ［気象庁情報］10日　19時44分頃　十勝沖（N41.6/E144.1）にて　最大震度1（M4.7）の地震が発生。　震源の深さは10km。( http://t.co/RfKtiTZX ) #saigai #jishin #earthquake,Not applicable,2012 Costa Rica earthquake,0,Not informative
245347305690103808,"9/10@9:23pm-- #earthquake prediction Brite lite Chile,Peru,Argentina,Bolivia,Colombia,Ecuador,Brazil,Venez,EasterI,Pacific,Hawaii,Fiji,PNG",Not related,2012 Costa Rica earthquake,0,Not informative
245351940362493953,RT @prophecydude1: Foul smell reported across Southern California :: Prophecy Dude http://t.co/4I2wQHCo via @webnode #earthquake #fb,Not related,2012 Costa Rica earthquake,0,Not informative
245356755431854080,"【#USGS #alert】 M 1.9, Island of Hawaii, Hawaii: September 11, 2012 02:43:38 GMT http://t.co/iWpp3Hwb #earthquake #tsunami #prayfromjapan",Not related,2012 Costa Rica earthquake,0,Not informative
245364519080189952,@ReporteNi: #Sismo Oceano Pacםfico de #Nicaragua #Hoy:10/09/12 21:00 Prof(km):0.2 Richter:MAG 3.9ML #Ineter #Earthquake #Temblor,Related and informative,2012 Costa Rica earthquake,1,Informative
245380130309038080,"#earthquake: M 1.6, Northern California http://t.co/Wazqxp4f",Not related,2012 Costa Rica earthquake,0,Not informative
245387931706077184,"Casa del Mar: 16 cozy rooms with fan or AC, gardens, cool water Jacuzzi, bar and friendly staff #CostaRica #Samara http://t.co/Oz1xKnih",Not related,2012 Costa Rica earthquake,0,Not informative
245398656549789696,"RT @YokosoNews: Now it's 2:46p of Sep 11, 2012 (JST), 1.5th anniv. of East Japan Great Disaster. #Japan #PrayForJapan #Earthquake",Not related,2012 Costa Rica earthquake,0,Not informative
245406269190569984,"'RT @rlbaldwinartist: RT @LAFDtalk: If there was a massive #earthquake tonight, could you easily find your battery powered radio '",Not related,2012 Costa Rica earthquake,0,Not informative
245416725607247872,"RT @RegioneER: #terremoto, finanziate 128 opere per una spesa di quasi 5 milioni di euro con l'ordinanza n. 37 del 10 settembre 2012  ht ...",Not related,2012 Costa Rica earthquake,0,Not informative
245421930717528064,"#Earthquake of M 5.1, 19km S of Caucete, Argentina http://t.co/i4hIMrqN",Not related,2012 Costa Rica earthquake,0,Not informative
245442818355634176,"#earthquake M 3.4, Virgin Islands region Depth: 74.00 km Sep 11 8:51:36 2012 BST http://t.co/98DoDi0R",Not related,2012 Costa Rica earthquake,0,Not informative
245477756933132288,"RT @BreakingNews: Magnitude 5.6 earthquake hits near Hojancha, Costa Rica - USGS http://t.co/zXMfwYWE",Related and informative,2012 Costa Rica earthquake,1,Informative
245480206368911360,RT @zishin3255: ■■緊急地震速報(最終報)■■ 福島県沖で地震　最大震度 2(推定) [詳細] 2012/09/11 20:12:07発生　M4.3 深さ10km #earthquake,Not applicable,2012 Costa Rica earthquake,0,Not informative
245480625837047808,揺れ @earthquake_jp: ［速報LV3］11日　20時12分頃　福島県沖（N37.6/E141.9）(推定)にて　M4.5（推定）の地震が発生。　震源の深さは推定10km未満。( http://t.co/ul4mwvkq )  #jishin #earthquake,Not applicable,2012 Costa Rica earthquake,0,Not informative
245556945380052992,Oferta de #EmpleoCR Gerente de Servicio http://t.co/YlqNk5no #CostaRica,Not related,2012 Costa Rica earthquake,0,Not informative
245569368904323072,"5.8 - SOUTH OF THE MARIANA ISLANDS: Date: Tue, 11 Sep 2012 16:36:50 UTCLat/Lon: 11.7935/143.22... http://t.co/tVyBaC1T #terremoto #sismo",Not related,2012 Costa Rica earthquake,0,Not informative
245570031600148480,"RT @USGSEarthquakes: 5.8 - SOUTH OF THE MARIANA ISLANDS: Date: Tue, 11 Sep 2012 16:36:50 UTC Lat… http://t.co/PdqGFLOT #USGS #earthquake",Not related,2012 Costa Rica earthquake,0,Not informative
245570648158646272,@taca_com: Enamórate del Parque Nacional Manuel Antonio.  #CostaRica http://t.co/Z4tRQ3C5// enamorate d Manuel Antonio!! @alemo_86 jajajaj,Not related,2012 Costa Rica earthquake,0,Not informative
245575463236419584,"Marino Protti confirma que sismo de la semana pasada fue el esperado terremoto de Nicoya, pero solo liberó el 40% de la energía. #temblorcr",Related and informative,2012 Costa Rica earthquake,1,Informative
245576188834230273,"#deprem mb 4.5  FOX ISLANDS, ALEUTIAN ISLANDS: Magnitude  mb 4.5Region  FOX ISLANDS, ALEUTIAN ISLAND... http://t.co/cqsT3GlJ #earthquake",Not applicable,2012 Costa Rica earthquake,0,Not informative
245585516974723072,RT @ShakeOut: Read The Preparedness Guide for People with Disabilities and Access/Functional Needs - vital to #quake prep: http://t.co/X ...,Not related,2012 Costa Rica earthquake,0,Not informative
245615221035634689,"#earthquake M 4.0, Fox Islands, Aleutian Islands, Alaska: September 11, 2012 16:52:56 GMT http://t.co/SWBGcMt2",Not related,2012 Costa Rica earthquake,0,Not informative
245642370773835776,"RT @earthquake: #earthquake M 5.0, south of the Mariana Islands Sep 11, 2012 20:52:06 UTC http://t.co/3fQ9vjjb",Not related,2012 Costa Rica earthquake,0,Not informative
245653703762255872,Rumbo al Azteca. #mexico #CostaRica  #brasil2014 #concacaf,Not related,2012 Costa Rica earthquake,0,Not informative
245668299935993857,RT @ChivasseraCampe: A solo 1 hora y media del Partido! #México! #CostaRica!,Not related,2012 Costa Rica earthquake,0,Not informative
245675371561881600,"【#USGS #Breaking】 M 1.9, 47km SE of Nikolski, Alaska http://t.co/zC9PpKgQ #PastHour #19 #earthquake #tsunami #prayfromjapan",Not related,2012 Costa Rica earthquake,0,Not informative
245686213829349376,Pues me importó un bledo la clase de Auditoría y mejor me vine a casa para ver el #México vs #CostaRica. Les vamos a clavar 3. Sorry.,Not related,2012 Costa Rica earthquake,0,Not informative
245687312716025856,#CostaRica esperemos que la saquemos ! Una forma diferente de ver el partido - en palmar norte,Not related,2012 Costa Rica earthquake,0,Not informative
245689833522098177,"7.6 Costa Rican earthquake did not relieve fault pressure: expect another one equal or greater, scientists warn http://t.co/J1NWY0k9",Related and informative,2012 Costa Rica earthquake,1,Informative
245690391330971648,"RT @mofloresb: Consulta los documentos con el detalle de las Encuestas de #Panamá, #CostaRica y #Guatemala aquí: http://t.co/Boc1osut De ...",Not related,2012 Costa Rica earthquake,0,Not informative
245692383633764353,Disfruta de la narración EN VIVO del #México vs #CostaRica también en móvil http://t.co/yXx0U0v3 o tablet http://t.co/iUCWN6uf,Not related,2012 Costa Rica earthquake,0,Not informative
245693478355480576,RT @TD_Deportes: #México vs. #CostaRica Maza Rodríguez y Keylor Navas leen el mensaje de Juego Limpio http://t.co/8KWfu0xw,Not applicable,2012 Costa Rica earthquake,0,Not informative
245701212668829697,"TERMINA EL PRIMER TIEMPO, UN PARTIDO MUY ABURRIDO #MEXICO 0 - #COSTARICA 0",Not related,2012 Costa Rica earthquake,0,Not informative
245701514654527488,RT @MajolaB: Abuchear el himno de #CostaRica la selección rival... Por eso somos tercer mundistas y luego critican a Honduras o El Salva ...,Not related,2012 Costa Rica earthquake,0,Not informative
245702160556367873,#deprem mb 4.6  OFF COAST OF CENTRAL AMERICA: Magnitude  mb 4.6Region  OFF COAST OF CENTRAL AMERICAD... http://t.co/I0QbJWLr #earthquake,Not related,2012 Costa Rica earthquake,0,Not informative
245708091314819072,"【#USGS #Breaking】 M 1.3, 25km NE of Willow, Alaska http://t.co/7u9mZi70 #PastHour #13 #earthquake #tsunami #prayfromjapan",Not related,2012 Costa Rica earthquake,0,Not informative
245709102137888769,"And just I say that, this nigga nigga scores....#Mexico 1 - 0 #CostaRica",Not related,2012 Costa Rica earthquake,0,Not informative
245709144080916482,2T #México 1-0 #CostaRica. #ALDATO: SEXTA vez CONSECUTIVA en ELIMINATORIA que MÉX le anota PRIMERO a #LaSele. Ganó los 5 anteriores.,Not related,2012 Costa Rica earthquake,0,Not informative
245709852905709568,"#CostaRica se registra #sismo de 4.1 grados a las 8: 14 p.m., 6 Km Sur Oeste de Tamarindo",Related and informative,2012 Costa Rica earthquake,1,Informative
245713350976229376,"#earthquake M 4.6, Costa Rica Depth: 37.30 km Sep 12 3:13:03 2012 BST http://t.co/HzKv7SOm",Related and informative,2012 Costa Rica earthquake,1,Informative
245716706423615489,"RT @publisportmx: Se cumplen los 90 minutos reglamentarios, se agregarán 3. #México 1-0 #CostaRica http://t.co/GqyTnrbo",Not related,2012 Costa Rica earthquake,0,Not informative
245717721415831552,"RT @NewEarthquake: 4.6 earthquake, 5km NNE of Nicoya, Costa Rica. Sep 11 20:13 at epicenter (21m ago, depth 37km). http://t.co/Alm4XujD",Related and informative,2012 Costa Rica earthquake,1,Informative
245718686105759744,"earthquake: M 4.6, Costa Rica http://t.co/ayvLKO1m",Related and informative,2012 Costa Rica earthquake,1,Informative
245723312460804096,Aggiornamento  - Ml: 2.7 3 km N di Mirandola (Modena) 2012-09-12 03:03:09 (UTC) #terremoto 609914,Not related,2012 Costa Rica earthquake,0,Not informative
245723715109810177,"RT @TD_Deportes: #México 1-0 #CostaRica 81' Cambio de México, entra Torrado, sale Peralta http://t.co/8KWfu0xw",Not related,2012 Costa Rica earthquake,0,Not informative
245723908051980288,RT @zishin3255: ■■緊急地震速報(最終報)■■ 十勝沖で地震　最大震度 1(推定) [詳細] 2012/09/12 12:20:04発生　M3.9 深さ10km #earthquake,Not applicable,2012 Costa Rica earthquake,0,Not informative
245726672068964352,RT @marissa_wheeler: #earthquake 😂😂😂😂 @MeganCheer16 @kelseylane16,Not related,2012 Costa Rica earthquake,0,Not informative
245729952027258881,"5.5 #Earthquake TUE SEP 11 22:27:45 CDT 2012 near Crete, Greece http://t.co/aAuIhHd4",Not related,2012 Costa Rica earthquake,0,Not informative
245731537478365184,Mi #panama y #CostaRica pasaron♥,Not related,2012 Costa Rica earthquake,0,Not informative
245748025295794176,"【earthquake US】 Time 2012/9/12 4:10:52 UTC, Region 28km SW of Paquera Costa Rica, Mw 4.4, Depth 34.9km, http://t.co/BPICNsRs",Related and informative,2012 Costa Rica earthquake,1,Informative
245754123797032960,"#earthquake M1.9: Island of Hawaii, Hawaii http://t.co/DZfAVSlF",Not related,2012 Costa Rica earthquake,0,Not informative
245775888027877377,"#earthquake M 4.8, off the coast of Costa Rica: September 12, 2012 06:29:35 GMT http://t.co/wjvHAqPp",Related and informative,2012 Costa Rica earthquake,1,Informative
245776676586389504,"RT @quakemonitor: #earthquake M 4.8, off the coast of Costa Rica Depth: 35.00 km Sep 12 7:29:35 2012 BST http://t.co/Pxl8FygJ",Related and informative,2012 Costa Rica earthquake,1,Informative
245779742605860864,"RT @NewEarthquake: 4.8 earthquake, 42km SW of Paquera, Costa Rica. Sep 12 00:29 at epicenter (15m ago, depth 35km). http://t.co/5SGdP2WQ",Related and informative,2012 Costa Rica earthquake,1,Informative
245797232857714689,"【#USGS #alert】 M 1.5, Southern Alaska: September 12, 2012 07:58:01 GMT http://t.co/wRWpc1p9 #earthquake #tsunami #prayfromjapan",Not related,2012 Costa Rica earthquake,0,Not informative
245800026247417857,"RT @aoyjana: ข่าวแผ่นดินไหวที่กรีซ &gt;&gt; @/earthquake  #earthquake M 5.5, Crete, Greece Sep 12, 2012 03:27:45 UTC http://t.co/NE00A1NU",Not applicable,2012 Costa Rica earthquake,0,Not informative
245803209728339969,RT @BuAbdulaziz16: #HRC21 #Senegal #CostaRica #CNN  #Uruguay #UN These crimes Protesters in #Bahrain #Europe #HumanRights #Africa #Croat ...,Not related,2012 Costa Rica earthquake,0,Not informative
245821824078856192,"#USGS M 4.7, 53km NNE of Mendoza, Argentina http://t.co/Z6NiSoFJ #earthquake",Not related,2012 Costa Rica earthquake,0,Not informative
245825510872084481,RT @BuAbdulaziz16: #Geneva #HRC21 #CostaRica #UN  #Uruguay #UN These crimes Protesters in #Bahrain #Europe #HumanRights #Africa #Croatia ...,Not related,2012 Costa Rica earthquake,0,Not informative
245828346183835648,"#deprem M 1.1, Southern California: September 12, 2012 10:05:02 GMT http://t.co/x5TDnAkI #earthquake",Not applicable,2012 Costa Rica earthquake,0,Not informative
245830258786451456,"【#USGS #alert】 M 1.1, Southern California: September 12, 2012 10:05:02 GMT http://t.co/2aWCSela #earthquake #tsunami #prayfromjapan",Not applicable,2012 Costa Rica earthquake,0,Not informative
245849246413230080,"#earthquake M 3.4, Virgin Islands region Depth: 50.00 km Sep 12 11:25:07 2012 BST http://t.co/AHrKH5yQ",Not related,2012 Costa Rica earthquake,0,Not informative
245851830112907264,Sott - Costa Rican Officials: A Strong Earthquake Could Still Occur in Guanacaste http://t.co/Y6s3nUc9,Related and informative,2012 Costa Rica earthquake,1,Informative
245852526371540993,"【#USGS #alert】 M 3.1, Virgin Islands region http://t.co/Wiswqjgn #Pastday #earthquake #tsunami #prayfromjapan",Not related,2012 Costa Rica earthquake,0,Not informative
245885598466985984,RT @EpicenterxItaly: #terremoto ML 2.0 NORTHERN ITALY: Magnitude   ML 2.0 Region   NORTHERN ITALY Date time   2012-09-12 03:15:57.0 UTC. ...,Not related,2012 Costa Rica earthquake,0,Not informative
245910382596747264,RT @MiDiarioPanama: 12 de octubre: #Panamá vs #Honduras || #ElSalvador vs #CostaRica || #Guatemala vs #Jamaica || ‏@ninomangravita,Not related,2012 Costa Rica earthquake,0,Not informative
245916619539361794,Instituciones del Sector Agropecuario se comprometen en gestión ambiental #CostaRica http://t.co/wTdOdqyo,Not related,2012 Costa Rica earthquake,0,Not informative
245922164413456384,Temblor  Costa Rica 2012-09-11 11:37:03: Sismo registrado el 2012/09/11 a las 11:37:03 http://t.co/9sv3SRhC #temblorcr,Related - but not informative,2012 Costa Rica earthquake,0,Not informative
245940489319231489,RT @SayNO_UNiTE: .@UN_Women Executive Director Michelle #Bachelet presented ‘ #SafeCities programme’ in #CostaRica yesterday http://t.co ...,Not related,2012 Costa Rica earthquake,0,Not informative
245968406589886466,"【#USGS #alert】 M 2.7, Nevada http://t.co/xJJZ4JvW #Pastday #earthquake #tsunami #prayfromjapan",Not related,2012 Costa Rica earthquake,0,Not informative
245970755404312576,RT @zishin3255: ■■緊急地震速報(第1報)■■ 福島県沖で地震　最大震度 1(推定) [詳細] 2012/09/13 4:42:07発生　M3.5 深さ50km #earthquake,Not applicable,2012 Costa Rica earthquake,0,Not informative
245972064022982656,"Wow! 5.1 earthquake in Hindu Kush region, Afghanistan - USGS link: http://t.co/WEV2Z0yz #quake",Not related,2012 Costa Rica earthquake,0,Not informative
245995807986315264,【東日本大震災】http://t.co/mqQwB3oH　#earthquake #地震 #激甚災害 #風化させてはいけない #津波 #tsunami #thomas_hiatt,Not applicable,2012 Costa Rica earthquake,0,Not informative
245999582851502080,Artificial earthquakes in Japan by D Rockefeller. http://t.co/nBkfezRO #Politics  #311 #3_11 #japan #earthquake #CNN #WAR,Not related,2012 Costa Rica earthquake,0,Not informative
246008512533131264,Yuuko Hirose on iTunes #CostaRica http://t.co/3xmx4VqE #mu'sica #Japo'n #Information #artist #song 07-12-57,Not related,2012 Costa Rica earthquake,0,Not informative
246019493229367296,"【#USGS #alert】 M 2.2, Santa Monica Bay, California: September 12, 2012 22:37:45 GMT http://t.co/cwHgdIdC #earthquake #tsunami #prayfromjapan",Not related,2012 Costa Rica earthquake,0,Not informative
246025713382199296,¿Qué pasó por fin con el asunto del hombre asesinado en la plaza de la cultura? :( #sanjose #costarica,Not related,2012 Costa Rica earthquake,0,Not informative
246033560924995584,"Confirman que terremoto en Costa Rica era esperado, pero liberó menos de 50%de energía que se debía para cerrar el ciclo sísmico #juntenagua",Related and informative,2012 Costa Rica earthquake,1,Informative
246060396052635649,"RT @fondalo: After Earthquake hits Costa Rica, #socialmedia Exchange Site Reaffirms ... - http://t.co/qS7Lbewf",Related and informative,2012 Costa Rica earthquake,1,Informative
246074610557255680,Temblor Costa Rica http://t.co/pDZCjiSW,Related - but not informative,2012 Costa Rica earthquake,0,Not informative
246093774361604096,#earthquake mb 5.2  IRAQ: Magnitude  mb 5.2Region  IRAQDate time  2012-09-13   02:42:22.0 UTCLocation  36.96 N ;... http://t.co/pWOet6mX,Not related,2012 Costa Rica earthquake,0,Not informative
246107225460981760,@michaelkwambo umenunua swiming trunks uwache kuogelea na ile short kubwa? #costarica,Not applicable,2012 Costa Rica earthquake,0,Not informative
246154822456315904,"#Temblor♨ M 2.8, 109km NE of Road Town, British Virgin Islands http://t.co/f8Y8xOP8 #Earthquake #Sismo",Not related,2012 Costa Rica earthquake,0,Not informative
246155493536563200,"#deprem M 3.1, Virgin Islands region: September 13, 2012 07:35:31 GMT http://t.co/iIgRQN9h #earthquake",Not related,2012 Costa Rica earthquake,0,Not informative
246159356477972480,"【#USGS #Breaking】 M 1.0, 3km S of Cobb, California http://t.co/fFcVqsyL #PastHour #1 #earthquake #tsunami #prayfromjapan",Not related,2012 Costa Rica earthquake,0,Not informative
246177593324363776,"RT @ermes1975: Emilia Romagna, inagibile il 55% degli edifici culturali http://t.co/4rYrFovo #terremoto",Not related,2012 Costa Rica earthquake,0,Not informative
246183884763578368,【濃尾地震】http://t.co/9XYXeATD　1891年10月28日、岐阜県を中心に大被害をもたらした地震 #earthquake #地震 #激甚災害 #岐阜県 #福井県 #愛知県 #thomas_hiatt,Not applicable,2012 Costa Rica earthquake,0,Not informative
246214339604910080,UFO Filmed During Earthquake Over Costa Rica http://t.co/QceOgZGF,Related - but not informative,2012 Costa Rica earthquake,0,Not informative
246225727144472576,"2.6 - Southern Alaska (Copper Center, AK 99573, USA) - 13/09/12  08:22:57 EDT  Depth: 31.6 km (19.64 mi) http://t.co/1xuH4WB2 #hmrd #Quake",Not related,2012 Costa Rica earthquake,0,Not informative
246264474129010688,Great ideas for #repurposing materials &amp; objects! Check it out http://t.co/ssGioGZF #recycle #reuse #costarica,Not related,2012 Costa Rica earthquake,0,Not informative
246274641126109184,RT @pnud_es: FOTO: @RGrynspan en Foro Ecónomico Mundial en China con MV Ruiz y L. Liberman (VP #CostaRica) http://t.co/skkOjrFl v @MaViR ...,Not related,2012 Costa Rica earthquake,0,Not informative
246281909850742784,"【#USGS #alert】 M 3.0, Puerto Rico region http://t.co/ywfrzKJS #Pasthour #earthquake #tsunami #prayfromjapan",Related - but not informative,2012 Costa Rica earthquake,0,Not informative
246283340095827968,RT @omgearthquake: 3.0 earthquake in Puerto Rico region - USGS link: http://t.co/MGqr4r5t #quake,Not related,2012 Costa Rica earthquake,0,Not informative
246293997818085376,RT @earthquake_jp: 【気象庁速報】14日　02時01分頃　最大震度3の地震が発生。( http://t.co/jXc5T61I ) 震度3：長崎県南西部他 #saigai #jishin #earthquake,Not related,2012 Costa Rica earthquake,0,Not informative
246298062115454977,RT @zishin3255: ■■緊急地震速報(第5報)■■ 千葉県北東部で地震　最大震度 4(推定) [詳細] 2012/09/14 2:22:07発生　M5.4 深さ30km #earthquake,Not applicable,2012 Costa Rica earthquake,0,Not informative
246298074706767872,RT @eew_jp: 地震速報 2012/09/14 02:22頃、千葉県北東部の深さ10kmでマグニチュード4.4の地震が発生しました。予想される最大震度は震度4です。 http://t.co/dBptCJwO #jishin #earthquake,Not applicable,2012 Costa Rica earthquake,0,Not informative
246298162757763073,RT @zishin3255: ■■緊急地震速報(第1報)■■ 千葉県北東部で地震　最大震度 4(推定) [詳細] 2012/09/14 2:22:10発生　M4.4 深さ10km #earthquake,Not applicable,2012 Costa Rica earthquake,0,Not informative
246298200531668992,RT @JishinAlert: ★★☆地震速報【第5報】2時22分7秒に千葉県北東部で震度4(M5.4)の地震が発生。震源の深さは陸上地下30km。 http://t.co/P27jA2Nx #jishin #earthquake #eqjp,Not applicable,2012 Costa Rica earthquake,0,Not informative
246298519294595073,RT @earthquake_jp: 【気象庁情報】14日　02時01分頃　橘湾（N32.6/E129.9）にて　最大震度3（M3.2）の地震が発生。　震源の深さは10km。( http://t.co/PuBi5kuJ ) #saigai #jishin #earthquake,Not applicable,2012 Costa Rica earthquake,0,Not informative
246299085504659457,RT @earthquake_jp: 【気象庁速報】14日　02時22分頃　最大震度4の地震が発生。( http://t.co/X374ux5r ) 震度4：茨城県北部他/震度3：栃木県南部他 #saigai #jishin #earthquake,Not applicable,2012 Costa Rica earthquake,0,Not informative
246317901152391168,"#Earthquake M 1.5, northern Alaska http://t.co/VMx62ict",Not related,2012 Costa Rica earthquake,0,Not informative
246319830540623872,"#earthquake: M 1.1, northern Alaska http://t.co/shyXB2l2",Not related,2012 Costa Rica earthquake,0,Not informative
246332702880571393,"【#USGS #alert】 M 2.1, Northern California: September 13, 2012 19:25:20 GMT http://t.co/3jXcvoFu #earthquake #tsunami #prayfromjapan",Not related,2012 Costa Rica earthquake,0,Not informative
246348540572467200,"【#USGS #Breaking】 M 1.4, 68km NNW of Nikiski, Alaska http://t.co/YykpJ67z #PastHour #14 #earthquake #tsunami #prayfromjapan",Not related,2012 Costa Rica earthquake,0,Not informative
246357038211399680,Girl I can make dhet body shake #Earthquake,Not related,2012 Costa Rica earthquake,0,Not informative
246399971119726592,"AHORA - #Sismo de M 5.4, 248km S of Sidorukun, Indonesia http://t.co/MHlrmcMB #jishin #quake",Not related,2012 Costa Rica earthquake,0,Not informative
246410377167007744,RT @earthquake_jp: ［気象庁情報］14日　08時18分頃　岩手県沖（N39.1/E142.4）にて　最大震度2（M4）の地震が発生。　震源の深さは30km。( http://t.co/ZL2Tlbrw ) #saigai #jishin #earthquake,Not related,2012 Costa Rica earthquake,0,Not informative
246454329316356096,Circulan mas vídeos en La red del terremoto reciente en Costa Rica  vean este mientras se grababa en el sexto... http://t.co/GQ4yMiWu,Related and informative,2012 Costa Rica earthquake,1,Informative
246476647170199552,"RT @adhieyz: #earthquake M  6.1  KEP. MENTAWAI REGION, INDONESIA: Magnitude  M  6.1Region  KEP. MENTAWAI REGION, INDONESIADat... http:// ...",Not related,2012 Costa Rica earthquake,0,Not informative
246479281230856192,"RT @etwinfo: 地震情報 M 6.3, Kepulauan Mentawai region, Indonesia http://t.co/dKLeFc9s #earthquake",Not related,2012 Costa Rica earthquake,0,Not informative
246482330464686081,Acaba de temblar en #Indonesia Magnitud 6.3 Escala de Richter. #Terremoto #Sismo,Not related,2012 Costa Rica earthquake,0,Not informative
246482691166449665,"#quake  2012-09-14 04:51:48 (mb 6.3) KEP. MENTAWAI REGION, INDONESIA -3.3 100.6 (1cbfb) http://t.co/l7ZQCmPART @... http://t.co/WP9gzU9b",Not related,2012 Costa Rica earthquake,0,Not informative
246508091867295744,"#terremoto M 5.1, southern Mid-Atlantic Ridge  #earthquake",Related - but not informative,2012 Costa Rica earthquake,0,Not informative
246518518936379392,"#Earthquake M 1.2, Southern California http://t.co/jZfWNOK2",Not related,2012 Costa Rica earthquake,0,Not informative
246530866942189569,［気象庁情報］14日　17時43分頃　静岡県西部（N35.1/E137.8）にて　最大震度1（M2.7）の地震が発生。　震源の深さは20km。( http://t.co/ssxwSzN5 ) #saigai #jishin #earthquake,Not related,2012 Costa Rica earthquake,0,Not informative
246552736068423681,#earthquake http://t.co/zzfGoXPuRT @NORADZONE: #earthquake http://t.co/VctGrPmX http://t.co/2N8TfBxG,Not related,2012 Costa Rica earthquake,0,Not informative
246579059490963457,RT @JenniferTovar18: Ugh damn earthquake! Interrupting my damn beauty sleep! #Earthquake,Not related,2012 Costa Rica earthquake,0,Not informative
246582146511290368,#earthquake: M 4.3 - North America United States [California] Scotia: Preliminary Earthquake Report:   	Date/Tim... http://t.co/9YMBhrJF,Not related,2012 Costa Rica earthquake,0,Not informative
246582595318603779,"【#USGS #alert】 M 3.2, Northern California http://t.co/i7Mie5wR #Pasthour #earthquake #tsunami #prayfromjapan",Not applicable,2012 Costa Rica earthquake,0,Not informative
246585296437776384,"#Earthquake M 1.5, Southern California http://t.co/lDYNuzy5",Not related,2012 Costa Rica earthquake,0,Not informative
246586990924013568,"RT @manuvegha: Anche stanotte ci ha scossi, #terremoto #FF a tutti noi che #teniamobotta! Nessuno ci dimentichi.",Not applicable,2012 Costa Rica earthquake,0,Not informative
246587213230530561,"#earthquake: M 1.5, Southern Alaska http://t.co/AmwoDvfD",Not related,2012 Costa Rica earthquake,0,Not informative
246589444596064257,"RT @KRON4EKato: In my last report, I told you about a 4.5 magnitude #earthquake in Eureka. No injuries or damage reported. Struck @ 4:53am",Not related,2012 Costa Rica earthquake,0,Not informative
246604854460563456,Dispatch: The Costa Rica Earthquake Felt In Nicaragua -   http://t.co/TbGbFRO3,Related and informative,2012 Costa Rica earthquake,1,Informative
246618691498819585,#quake  [Qedpost] QED NUMBER 2-258 http://t.co/i9xT4dWl,Not related,2012 Costa Rica earthquake,0,Not informative
246645539213541376,@JoseLorenzo1009 saludos desde #CostaRica y #halamadrid siempre...,Not related,2012 Costa Rica earthquake,0,Not informative
246673070620819457,"【#USGS #Breaking】 M 1.2, 27km NW of Willow, Alaska http://t.co/qZSeM6Ga #PastHour #12 #earthquake #tsunami #prayfromjapan",Not related,2012 Costa Rica earthquake,0,Not informative
246676447069106176,"3.3 - Northern California (Bear River Ridge Rd, Rio Dell, CA 95562, USA) - 14/09/12  14:21:59 EDT  Depth: 25.8 km (16.03 mi) #hmrd #Quake",Not related,2012 Costa Rica earthquake,0,Not informative
246679865405882368,"【#USGS #alert】 M 2.1, Baja California, Mexico: September 14, 2012 18:25:20 GMT http://t.co/uooNWlef #earthquake #tsunami #prayfromjapan",Not related,2012 Costa Rica earthquake,0,Not informative
246691110330720257,"RT @alexz_cr: Los que tanto critican a #CostaRica xq no se jalan y listo.... al final, los q critican NUNCA hacen nada!!!! #QueLindoSerT ...",Not related,2012 Costa Rica earthquake,0,Not informative
246696944632750080,Want Insurance. Look through our Index for the Perfect Fit For Your Problem. #Earthquake Insurance http://t.co/m3xpuiCf #MT,Not related,2012 Costa Rica earthquake,0,Not informative
246699817697427457,Huyyyyy cuento los días. Para q digas eso en #costarica!!! Mañana celebramos la independencia ! @CHAYANNEMUSIC,Not related,2012 Costa Rica earthquake,0,Not informative
246700631409164289,"【#USGS #alert】 M 1.0, Central California: September 14, 2012 19:58:30 GMT http://t.co/Hr2sXFPb #earthquake #tsunami #prayfromjapan",Not related,2012 Costa Rica earthquake,0,Not informative
246712652292837376,#PrivateJet #Charter to #CostaRica this Fall and Winter. SkyParty! from Fort Lauderdale (FXE) to SJO. #RSVP: SkyElf@OFFMarGroup.com #Believe,Not related,2012 Costa Rica earthquake,0,Not informative
246717802872975360,RT @wikisismos: Temblor  Costa Rica http://t.co/tHZbXMLr,Related and informative,2012 Costa Rica earthquake,1,Informative
246720818611113984,COSTA RICA: Banhvi con gerente interino - EntornoInteligente http://t.co/VkysfLiZ #CostaRica,Not related,2012 Costa Rica earthquake,0,Not informative
246735981015875584,"#earthquake M 3.1, north of the Virgin Islands: September 14, 2012 21:28:55 GMT http://t.co/K4oavsDj #alert",Not related,2012 Costa Rica earthquake,0,Not informative
246745627889913856,"#breakingnews M 2.7, Nevada: September 14, 2012 22:38:00 GMT http://t.co/xky8zCKK #Earthquake #fb",Not related,2012 Costa Rica earthquake,0,Not informative
246752070353424384,[震源地] 茨城県北部  [最大震度] 震度1 (2012年9月15日 8時10分頃発生） - goo 天気:  http://t.co/eLBWjq2h #earthquake #地震,Not related,2012 Costa Rica earthquake,0,Not informative
246760106652479488,Lista para el himno nacional #CostaRica #quelindosertico,Not related,2012 Costa Rica earthquake,0,Not informative
246763269140910080,3.3 - Virgin Islands region (North America) - 14/09/12  19:51:32 EDT  Depth: 62 km (38.53 mi) http://t.co/4wYicqZg #hmrd #Quake #Earthquake,Not related,2012 Costa Rica earthquake,0,Not informative
246773595521556482,RT @wikisismos: Temblor  Costa Rica http://t.co/7Rx14JQE,Related and informative,2012 Costa Rica earthquake,1,Informative
246778368647917570,"4.5 - offshore Maule, Chile (Chile) - 14/09/12  20:50:46 EDT  Depth: 20.3 km (12.61 mi) http://t.co/hoQFAJCU #hmrd #Quake #Earthquake",Not related,2012 Costa Rica earthquake,0,Not informative
246782319657115648,"#Earthquake Magnitude  mb 4.7Region  OFFSHORE MAULE, CHILEDate time  2012-09-15   00:40:15.2 UTCLocation  34.65 ... http://t.co/LTd1cuxo",Not related,2012 Costa Rica earthquake,0,Not informative
246803026948530176,【芸予地震】http://t.co/6aaebGSd  #earthquake #地震 #thomas_hiatt,Not applicable,2012 Costa Rica earthquake,0,Not informative
246810656374935553,"RT @ElectroPitufino: La defiendo, la quiero y la adoro... Y por ella mi vida daría! &lt;3 #CostaRica",Not related,2012 Costa Rica earthquake,0,Not informative
246813793726902272,"#Earthquake Magnitude  ML 2.5Region  CANARY ISLANDS, SPAIN REGIONDate time  2012-09-15   01:42:49.2 UTCLocation ... http://t.co/uizPQKO7",Not related,2012 Costa Rica earthquake,0,Not informative
246829379785736193,"#Earthquake Magnitude  ML 2.6Region  CANARY ISLANDS, SPAIN REGIONDate time  2012-09-15   03:50:39.2 UTCLocation ... http://t.co/Yqm6gfeB",Not related,2012 Costa Rica earthquake,0,Not informative
246872237150445568,"#earthquake M 5.1, Samar, Philippines Depth: 23.80 km Sep 15 8:04:01 2012 BST http://t.co/6EYYzSQq",Not related,2012 Costa Rica earthquake,0,Not informative
246931586564628480,"#Earthquake Magnitude  mb 4.6Region  SAN LUIS, ARGENTINADate time  2012-09-15   09:37:18.4 UTCLocation  32.83 S ... http://t.co/JHKEe6Jt",Not related,2012 Costa Rica earthquake,0,Not informative
246961080901959680,RT @LatinoVoices: ¡Feliz día de la independencia! Happy independence day to #CostaRica,Not related,2012 Costa Rica earthquake,0,Not informative
246988033516261377,CENTROAMERICA FELIZ DIA DE INDEPENDENCIA!!!!!  #GUATEMALA #ELSALVADOR #HONDURAS #NICARAGUA Y #COSTARICA,Not related,2012 Costa Rica earthquake,0,Not informative
246989996433756160,#CostaRica celebra 191 a~nos de Vida independiente; Viva Costa Rica! #15setiembre http://t.co/Z4jKyg5r,Not related,2012 Costa Rica earthquake,0,Not informative
247004366123458560,RT @zishin3255: ■■緊急地震速報(第1報)■■ 茨城県沖で地震　最大震度 4(推定) [詳細] 2012/09/16 1:09:40発生　M5.9 深さ10km #earthquake,Not applicable,2012 Costa Rica earthquake,0,Not informative
247004542271623168,"RT @haruka_eew: 【緊急地震速報】 第7報 2012.9.16 1:09:46地震発生 予想最大震度４ 震源: 千葉県東方沖 10km M4.6 震央: 35.8N,140.9E #earthquake #jishin  [震度４] 茨城県 千葉県  ※Th ...",Not applicable,2012 Costa Rica earthquake,0,Not informative
247005028819300352,RT @earthquake_jp: 【気象庁速報】16日　01時09分頃　最大震度3の地震が発生。( http://t.co/a33235xJ ) 震度3：千葉県北東部他 #saigai #jishin #earthquake,Not applicable,2012 Costa Rica earthquake,0,Not informative
247005167252295680,16日1時9分頃 - 最大震度 3 http://t.co/3b4WLpd8 #地震 #earthquake,Not applicable,2012 Costa Rica earthquake,0,Not informative
247005204971675648,RT @zishin3255: ■■緊急地震速報(最終報)■■ 千葉県東方沖で地震　最大震度 4(推定) [詳細] 2012/09/16 1:09:46発生　M4.6 深さ10km #earthquake,Not applicable,2012 Costa Rica earthquake,0,Not informative
247005381153419265,211 millones de usuarios de redes sociales desde el móvil en Europa.¿Cómo serán los datos en #CostaRica?Enteráte en... http://t.co/V4YdzgZw,Not related,2012 Costa Rica earthquake,0,Not informative
247007209878335488,Aplique: Networkers proactivos. http://t.co/CtJWjTPz #costarica,Not related,2012 Costa Rica earthquake,0,Not informative
247022170939740160,Hermosos desfiles para conmemorar el 191 aniversario de nuestra hermosa tierra #CostaRica,Not related,2012 Costa Rica earthquake,0,Not informative
247026621121458177,RT @ELDEBATE: Tornado afecta #Navolato y #CostaRica; 4 lesionados  http://t.co/eIpJKaC5 http://t.co/EMYNPXVc,Not related,2012 Costa Rica earthquake,0,Not informative
247030681203535872,"#Earthquake Magnitude  M  5.1Region  SOUTH OF JAVA, INDONESIADate time  2012-09-15   17:35:41.0 UTCLocation  11.... http://t.co/HcfD7i2Y",Not related,2012 Costa Rica earthquake,0,Not informative
247092035461459968,【 #earthquake PH】 Time: 2012/9/15 21:36 UTC  Region: San NarcisoSan Andres Rd Philippines  M 3.5  Depth: 21km,Not related,2012 Costa Rica earthquake,0,Not informative
247124218364456960,"#earthquake# M 4.3, southern Peru: Saturday, September 15, 2012 23:41:25 UTCSaturday, September 15, 2012 06:41:2... http://t.co/AKN34ZeL",Not related,2012 Costa Rica earthquake,0,Not informative
247132007170199554,We Need Coldplay in LatinAmerica Yes we fucking do!!!! #CostaRica,Not related,2012 Costa Rica earthquake,0,Not informative
247138869085081601,"#Temblor♨ M 4.2, 76km SSE of San Mateo del Mar, Mexico http://t.co/AW5S2t14 #Earthquake #Sismo",Not related,2012 Costa Rica earthquake,0,Not informative
247139967992725505,RT @ASOT600CA: Feliz dia de la independencia a todos #Guatemala #ElSalvador #Honduras #Nicaragua #CostaRica #ASOT600CA,Not related,2012 Costa Rica earthquake,0,Not informative
247141507272949760,"#quake  2012-09-16 00:39:25 (mb 4.2) OFFSHORE OAXACA, MEXICO 15.5 -94.8 (1cbfb) http://t.co/8l2xVuRh",Not related,2012 Costa Rica earthquake,0,Not informative
247147073114349568,"#Earthquake Magnitude  ML 1.9Region  DODECANESE ISLANDS, GREECEDate time  2012-09-16   01:07:40.8 UTCLocation  3... http://t.co/aMrfAeDa",Not related,2012 Costa Rica earthquake,0,Not informative
247189653692764161,"the way to my home town, Desamparados. #thisway #costarica #photography #lynmelodix #hip  @ Parque de la Paz http://t.co/3ojwfjMX",Not related,2012 Costa Rica earthquake,0,Not informative
247196821758296065,"#earthquake M 2.6, Puerto Rico: September 16, 2012 04:12:47 GMT http://t.co/HarZRvrn",Not related,2012 Costa Rica earthquake,0,Not informative
247215201198436352,"RT @NewEarthquake: 5.2 earthquake, 8km W of Nicoya, Costa Rica. Sep 15 23:51 at epicenter (15m ago, depth 24km). http://t.co/6upB8mvs",Related and informative,2012 Costa Rica earthquake,1,Informative
247223182979911681,"【 #earthquake JP】 Time: 2012/9/16 6:16:21 UTC, Region: N.TOHOKU REGION, JAPAN, Mw 2.2, Depth： 29.9km, http://t.co/2m3jGnvp #地震",Not related,2012 Costa Rica earthquake,0,Not informative
247223627584520192,"#USGS M 5.2, 8km W of Nicoya, Costa Rica http://t.co/StHDj3Ll #earthquake",Related and informative,2012 Costa Rica earthquake,1,Informative
247225435321159680,RT @AxelOficial: @MFET_CostaRica: Feliz Día de la Independencia Costa Rica... VIVA SIEMPRE EL TRABAJO Y LA PAZ !!//Felicidades #CostaRica,Not related,2012 Costa Rica earthquake,0,Not informative
247257475592646656,"#Earthquake M 1.9, Central California http://t.co/V75DW5dc",Not related,2012 Costa Rica earthquake,0,Not informative
247293697593597952,"Earthquake - Magnitude 5.1 - COSTA RICA - 2012 September 16, 05:51:09 UTC: http://t.co/RGcBeXKG",Related and informative,2012 Costa Rica earthquake,1,Informative
247306695771033600,【 #earthquake JP】 Time: 2012/9/16 12:02:42 UTC  Region: Japan Chiba Choshi  Mw: 2.8  Depth： 31.7km,Not related,2012 Costa Rica earthquake,0,Not informative
247311405961842688,【非常食・備蓄食品好適品】水をそそげばアッというまに あんこ餅 - 厚生労働省「栄養機能食品」「備蓄食品好適品」、阪神大震災の被災体験から生まれました。 http://t.co/w4C6Zxga #saigai #earthquake #jishin #地震 #災害,Not applicable,2012 Costa Rica earthquake,0,Not informative
247339960770916352,De televisoras en  buen estado comercial... #CostaRica,Not related,2012 Costa Rica earthquake,0,Not informative
247351637742604291,"#Earthquake Magnitude  mb 4.3Region  SOUTH OF JAVA, INDONESIADate time  2012-09-16   13:13:29.8 UTCLocation  10.... http://t.co/BZ3AjUVj",Not related,2012 Costa Rica earthquake,0,Not informative
247366951121346560,"#earthquake# M 3.0, Virgin Islands region: Sunday, September 16, 2012 14:09:48 UTCSunday, September 16, 2012 10:... http://t.co/0R5OzVLT",Not related,2012 Costa Rica earthquake,0,Not informative
247372466635288576,[震源地] 岩手県沖  [最大震度] 震度1 (2012年9月17日 1時12分頃発生） - goo 天気:  http://t.co/AkKdDEeT #earthquake #地震,Not applicable,2012 Costa Rica earthquake,0,Not informative
247384382636187649,Ver a mi primito i q me diga ''no hay nada q temer con una sonrisota maqiavelica es sinónimo de q hay q salir corriendo! #Terremoto,Not related,2012 Costa Rica earthquake,0,Not informative
247386513376165890,"#USGS M 2.9, 35km SSE of Boca de Yuma, Dominican Republic http://t.co/SXSlZubj #earthquake",Not related,2012 Costa Rica earthquake,0,Not informative
247387029250404355,#Earthquake Magnitude  ML 2.6Region  ALBANIADate time  2012-09-16   15:05:59.1 UTCLocation  41.19 N ; 19.99 EDep... http://t.co/koeOqPQi,Not related,2012 Costa Rica earthquake,0,Not informative
247387033461460992,"#Earthquake Magnitude  mb 4.8Region  NIAS REGION, INDONESIADate time  2012-09-16   16:17:23.0 UTCLocation  0.56 ... http://t.co/AOSlUrft",Not related,2012 Costa Rica earthquake,0,Not informative
247416011916185600,"New #Earthquake M 3.2, Northern California: Sunday, September 16, 2012 18:53:02 UTCSunday, September 16, 2012 11... http://t.co/h9qY99UF",Not related,2012 Costa Rica earthquake,0,Not informative
247433099489710080,"DATOS VERIFICADOS: Terremoto de Costa Rica, el cuarto más intenso del Mundo tras alcanzar el grado XII Mercalli ! Y como nos cuida Dios",Related and informative,2012 Costa Rica earthquake,1,Informative
247442628956790784,"#USGS M 4.0, 53km S of Adak, Alaska http://t.co/vcSRNabT #earthquake",Not related,2012 Costa Rica earthquake,0,Not informative
247453739684864002,Best song ever. #earthquake #allstarremix http://t.co/OVttX3Eg,Not related,2012 Costa Rica earthquake,0,Not informative
247473805205843968,#costarica #happiness #happyplanetindex #puravida #happy #paradise  #feliz #vida #life #enjoylife #disfrutel http://t.co/2uWCchVD,Not related,2012 Costa Rica earthquake,0,Not informative
247482005099515904,"2.8 - Colorado (Hill Ranch Rd, Weston, CO 81091, USA) - 16/09/12  19:15:32 EDT  Depth: 5 km (3.11 mi) http://t.co/8n4GFhhD #hmrd #Quake",Not related,2012 Costa Rica earthquake,0,Not informative
247505304428875776,"Me tomaria un #Terremoto, pero mañana en la mañana me arrepentiré !",Not related,2012 Costa Rica earthquake,0,Not informative
247532965876355072,17日11時56分頃 - 最大震度 1 - 震源地 宮崎県南部山沿い http://t.co/yqr4jFsP #地震 #earthquake,Not applicable,2012 Costa Rica earthquake,0,Not informative
247554235179360256,"#earthquake M 2.6, Virgin Islands region: September 16, 2012 10:24:48 GMT http://t.co/7X5hffeE",Not related,2012 Costa Rica earthquake,0,Not informative
247682576679063554,"#earthquake M 3.1, Southern Alaska Depth: 55.10 km Sep 17 13:55:32 2012 BST http://t.co/Oprtl943",Not related,2012 Costa Rica earthquake,0,Not informative
247704898802700290,Check out these #CostaRica videos we sponsored from @projectexplorer! Learn about Costa Rica's wildlife &amp; biodiversity. #student #travel,Not related,2012 Costa Rica earthquake,0,Not informative
247712276549890048,"#earthquake M 2.8, western Montana: September 15, 2012 15:43:05 GMT http://t.co/6eLmqLDv",Not related,2012 Costa Rica earthquake,0,Not informative
247729653568114688,Oferta de #EmpleoCR Ejecutivo de Ventas http://t.co/MyJQX5RT #CostaRica,Not related,2012 Costa Rica earthquake,0,Not informative
247776575242792960,【#地震 #速報】#eqjp 18日4時9分頃 - 最大震度 3: 9月18日4時9分頃、最大震度3の地震が発生しました。 http://t.co/RXOOcMXB #earthquake #jishin #zuto,Not applicable,2012 Costa Rica earthquake,0,Not informative
247776822689943552,RT @earthquake_jp: 【気象庁速報】18日　04時09分頃　最大震度3の地震が発生。( http://t.co/zrkAbF8K ) 震度3：青森県三八上北他 #saigai #jishin #earthquake,Not related,2012 Costa Rica earthquake,0,Not informative
247808355488391168,"RT @quakemonitor: #earthquake M 2.8, Central California Depth: 0.90 km Sep 17 22:12:29 2012 BST http://t.co/7jNxElDg",Not related,2012 Costa Rica earthquake,0,Not informative
247809890582659074,RT @OchsNews: @osaconservation thx for hosting us! We had a wondeful time! #Osa #OsaPeninsula #CostaRica #PenínsulaDeOsa #Puntarenas htt ...,Not related,2012 Costa Rica earthquake,0,Not informative
247836591555502080,"【#USGS #alert】 M 1.8, Island of Hawaii, Hawaii: September 17, 2012 23:09:48 GMT http://t.co/mOjrBlfG #earthquake #tsunami #prayfromjapan",Not related,2012 Costa Rica earthquake,0,Not informative
247867734241726465,"【 #earthquake EU】 Time 2012/9/18 1:08:22 UTC, Region:  CRETE, GREECE, ML 3.6, Depth 5km, http://t.co/nQZpGPlN #地震",Not related,2012 Costa Rica earthquake,0,Not informative
247881759990112256,水不要のシャンプー。水不足で洗えない時に便利。http://t.co/1pbjQc7i #eqjp #quake #saigai #earthquake #jishin #地震 #災害,Not related,2012 Costa Rica earthquake,0,Not informative
247883613876678656,Crece 36% incidencia de dengue en Costa Rica este año - Pueblo en linea http://t.co/uNcvaQ34 #costarica,Not related,2012 Costa Rica earthquake,0,Not informative
247884029112770561,#earthquake: M 5.1 - Indonesian Archipelago Indonesia [North Sulawesi] Bitung: Preliminary Earthquake Report:   ... http://t.co/cxO7gw0B,Not related,2012 Costa Rica earthquake,0,Not informative
247929440842174464,#earthquake: M 4.8 - Pacific Ocean Tonga [Tongatapu] `Ohonua: Preliminary Earthquake Report:   	Date/Time: 18.09... http://t.co/HbRDSr29,Not related,2012 Costa Rica earthquake,0,Not informative
247998311305449472,"#breakingnews M 2.7, Puerto Rico region: September 18, 2012 09:42:20 GMT http://t.co/P5XXD4lV #Earthquake #fb",Not related,2012 Costa Rica earthquake,0,Not informative
248093794648600576,"China reanuda el proceso abierto de Wan Lijun, el exbrazo derecho de Bo Xilai http://t.co/9S7MOI0t  #costarica",Not related,2012 Costa Rica earthquake,0,Not informative
248095728218550272,RT @regionepiemonte: #terremoto Emilia: un aiuto da Mude Piemonte - Modello Unico digitale per l’Edilizia http://t.co/IIjGggVv @RegioneE ...,Not applicable,2012 Costa Rica earthquake,0,Not informative
248109800125247488,Costa Rica Surf Trip http://t.co/C8XrS3JF amazing !!! #surf #costarica #santateresa,Not related,2012 Costa Rica earthquake,0,Not informative
248127164552212481,#earthquake M1.5: Central Alaska http://t.co/BQk0IJhS,Not related,2012 Costa Rica earthquake,0,Not informative
248156667257180160,"RT @NewEarthquake: 4.5 earthquake, 10km SSW of Samara, Costa Rica. Sep 18 13:10 at epicenter (57m ago, depth 44km). http://t.co/AgxrnbHB",Related and informative,2012 Costa Rica earthquake,1,Informative
248163361383120896,"RT @quakemonitor: #earthquake M 4.7, off the west coast of northern Sumatra Depth: 10.40 km Sep 18 16:59:37 2012 BST http://t.co/M3ukqVLA",Not related,2012 Costa Rica earthquake,0,Not informative
248178041455521792,RT @MurrietaPatch: Some #Murrieta residents reported feeling a 3.1 #earthquake that struck in #Idyllwild http://t.co/pORzPa9W,Not related,2012 Costa Rica earthquake,0,Not informative
248231275566096385,#earthquake: M 5.0 - Indonesian Archipelago Indonesia [Maluku Utara] Tobelo: Preliminary Earthquake Report:   D... http://t.co/SZZRUFaT,Not related,2012 Costa Rica earthquake,0,Not informative
248239567679918080,RT @PaholaBarrera: Feliiz viaje! @LilideGalindo @sthreiaGs @CecydeReyna @geyma86  #costarica @OASISIGLESIA  El señor guardará tu salida  ...,Not related,2012 Costa Rica earthquake,0,Not informative
248377103119183872,RT @InsuranceMedia: B.C. residents prepare for “@ShakeOutBC” #earthquake drills: http://t.co/9kOlu2or via @CdnUnderwriter @InsuranceBureau,Not related,2012 Costa Rica earthquake,0,Not informative
248401685918138369,#terremoto Soddisfazione di Errani per lo stanziamento Ue. “Europa riconosce importanza regione e gravità dei danni”  http://t.co/RcR9lS3Q,Not related,2012 Costa Rica earthquake,0,Not informative
248484548575363074,"【 #earthquake JP】 Time: 2012/9/19 17:54:24 UTC, Region: Japan, Kochi , Kami , Mw 2.2, Depth： 34.1km, htt... http://t.co/JCYTf1ax",Not related,2012 Costa Rica earthquake,0,Not informative
248491959923142657,MI PAPI SE IRA A #COSTARICA OTRA VEZ!,Not related,2012 Costa Rica earthquake,0,Not informative
248495940338581504,hoy #terremoto ultimo dia nadieN se enoja jajajaaaa,Not related,2012 Costa Rica earthquake,0,Not informative
248506321228427266,"#deprem M 1.8, Island of Hawaii, Hawaii: September 19, 2012 19:19:59 GMT http://t.co/6dbMnVAo #earthquake",Not related,2012 Costa Rica earthquake,0,Not informative
248515108282724352,"@mpoppel: 7.6-magnitude quake strikes Costa Rica, tsunami warnings issued http://t.co/a4vUXfRb // Mientras tanto...",Related and informative,2012 Costa Rica earthquake,1,Informative
248518958662168576,"#Italia.#Terremoto.#Operaio muore sotto macerie del #sisma. Il padre: “Per #Inail vale 1900 €, ricorso” http://t.co/EAa0DKZq",Not related,2012 Costa Rica earthquake,0,Not informative
248585572602503169,51 km al S de Huasco http://t.co/kOOzRjLs #Terremoto #Temblor  #sismos #chile #sismo,Related - but not informative,2012 Costa Rica earthquake,0,Not informative
248602605671022592,"#Earthquake M 2.5, Southern California http://t.co/d3Cj9GLu",Not related,2012 Costa Rica earthquake,0,Not informative
248638693462659072,Football : FIFA Ranking (CONCACAF) http://t.co/pDltmbYE #fifa #football #concacaf #mexico #usa #panama #jamaica #costarica #elsalvador,Not related,2012 Costa Rica earthquake,0,Not informative
248697979958095872,RT @sismos_dot_cl: 116 km al NO de Quillagua http://t.co/6VjU56IE #Terremoto #Temblor  #sismos #chile #sismo,Not related,2012 Costa Rica earthquake,0,Not informative
248700299416596480,"【#USGS #alert】 M 1.3, Northern California: September 20, 2012 08:14:53 GMT http://t.co/l8RF4PJN #earthquake #tsunami #prayfromjapan",Not related,2012 Costa Rica earthquake,0,Not informative
248715658949451776,FMイヤホンラジオ、三徳ナイフ、ホイッスル、IDケース、LEDライト(日本製LED使用)、サバイバルシート(防寒・保温シート)、カラビナ付ケースのセットです。 http://t.co/tpla3W3o #saigai #earthquake #jishin #地震 #災害,Not applicable,2012 Costa Rica earthquake,0,Not informative
248724638945923072,【紀伊半島南東沖地震】http://t.co/DNOYKCRA　　#earthquake #地震　 #津波 #tsunami,Not related,2012 Costa Rica earthquake,0,Not informative
248737884549562368,"#Earthquake #Sismo M 4.7, 88km WNW of Santa Cruz, Chile http://t.co/ypXrLnpv",Not related,2012 Costa Rica earthquake,0,Not informative
248741240017928192,37 km al O de Pichilemu http://t.co/qaxkbsc4 #Terremoto #Temblor  #sismos #chile #sismo,Not related,2012 Costa Rica earthquake,0,Not informative
248744075367424000,#Clasificados chancadora http://t.co/uIheiUGs #Anuncios #CostaRica,Not related,2012 Costa Rica earthquake,0,Not informative
248844507951550464,RT @dreadconect: Dread Mar I llega a #CostaRica el Lunes 15/10 en Pepper Disco Club @pepperdiscoclub !!!!  INFO &gt; http://t.co/j0nJlUPh,Not related,2012 Costa Rica earthquake,0,Not informative
248856436568907776,21日3時32分頃 - 最大震度 1 - 震源地 三陸沖 http://t.co/8GXQuxJd #地震 #earthquake,Not applicable,2012 Costa Rica earthquake,0,Not informative
248868973343539200,#costaricancofee #incostarica #cafe #costarica #espresso #beststuffonearth #wired  @ Common Cup http://t.co/3yXNZzDR,Not related,2012 Costa Rica earthquake,0,Not informative
248962980253954050,"【 #earthquake AU】 Time: 2012/9/20 20:41:47 UTC, Region: Near Boorowa, NSW., M 1.8, Depth: 0km, http://t.co/z08hU2qS #地震",Not related,2012 Costa Rica earthquake,0,Not informative
249024548450729984,"RT @wikisismos: AHORA - #Sismo de M 4.5, 248km S of Sidorukun, Indonesia http://t.co/hyrV2p2g #jishin #quake",Not related,2012 Costa Rica earthquake,0,Not informative
323808103780990976,RT @VitoCaro7: Good luck to @kyle_piersma today! It seems like just yesterday I beat you in the river bank run #bostonmarathon,Not related,2013 Boston bombings,0,Not informative
323873597825355778,RT @DianneG: wow. RT @AntDeRosa Photo captures Boston Marathon explosion RT @Boston_to_a_T: Explosion at coply http://t.co/hWhSpoyRfB,Related and informative,2013 Boston bombings,1,Informative
323874466063085568,Awful scenes at the #BostonMarathon. The photo doing the rounds is pretty horrid...,Related - but not informative,2013 Boston bombings,0,Not informative
323874558325161984,Holy shit RT @theoriginalwak: What the fuck just happened?  #bostonmarathon http://t.co/dPh7lvZoxl,Related - but not informative,2013 Boston bombings,0,Not informative
323875384603058176,RT @russian_market: BOMB EXPLOSION IN BOSTON (via @samsteinhp @jonward11 @nightshiftpol) http://t.co/MbDcEEQ1a2,Related and informative,2013 Boston bombings,1,Informative
323875502056161281,RT @Lana: oh my god... RT @theoriginalwak: What the fuck just happened?  #bostonmarathon http://t.co/T34ZfIhE4p,Related - but not informative,2013 Boston bombings,0,Not informative
323875539788128256,RT @alertnewengland: Boston Marathon is being shut down. Serious injuries being reported as well as possible fatalities.,Related and informative,2013 Boston bombings,1,Informative
323876328342446083,Explosion at the Boston marathon.,Related - but not informative,2013 Boston bombings,0,Not informative
323876642911031297,#BREAKING @WBZ reporting several people injured after explosion at Boston Marathon finish line. ..   http://t.co/jWqVOcuUzw,Related and informative,2013 Boston bombings,1,Informative
323877448204836864,NOS 21.10 Bij de finish van de marathon van Boston hebben zich twee explosies voorgedaan. De eerste berichten spreken van meerdere gewonden.,Not applicable,2013 Boston bombings,0,Not informative
323877544694784000,O.O Oh no! :( RT @alicegoldfuss: Explosions at the Boston Marathon. Warning: blood. https://t.co/p9Yn9mknIT (via @theoriginalwak),Related and informative,2013 Boston bombings,1,Informative
323877624382373888,RT @RobGronkowski: Wow can't believe what just happened at the Boston Marathon. Praying for everyone down there.,Related - but not informative,2013 Boston bombings,0,Not informative
323877825696366592,RT @BostonDotCom: BREAKING NEWS: Multiple people injured near the Boston Marathon finish line after explosion”,Related and informative,2013 Boston bombings,1,Informative
323877985088331778,RT @lindsaylohan: Sending prayers to everyone who was/is at the #bostonmarathon,Related - but not informative,2013 Boston bombings,0,Not informative
323878136091639809,RT @CMichaelGibson: Pictures of explosion at finish line of Boston Marathon http://t.co/PZ26lCa3J5,Related and informative,2013 Boston bombings,1,Informative
323878727488516096,RT @RunCompetitor: A major explosion went off next to Marathon Sports store on Boylston Street near to the Boston Marathon finish line.  ...,Related and informative,2013 Boston bombings,1,Informative
323878794576412672,Jesus fucking Christ. Those poor people at Boston marathon. I feel sick.,Related - but not informative,2013 Boston bombings,0,Not informative
323878853292457985,Breaking news: Blast rocks Boston Marathon --...,Related and informative,2013 Boston bombings,1,Informative
323879075607363585,Bombing in Boston?😔,Related - but not informative,2013 Boston bombings,0,Not informative
323879083995983872,Hope everyone is ok at the Boston Marathon.,Related - but not informative,2013 Boston bombings,0,Not informative
323879344042815488,Horrible news about Boston Marathon. Live feed on Fox News showed spectators saying they say dead bodies.,Related - but not informative,2013 Boston bombings,0,Not informative
323879495041966080,RT @itvnews: An explosion has been reported near the finish line of the Boston Marathon in the US http://t.co/nmD9ZopaSE,Related and informative,2013 Boston bombings,1,Informative
323879553741234176,People injured in explosions near Boston Marathon finish line: Two explosions at the finish line of the Boston... http://t.co/h3iaFxQv6D,Related and informative,2013 Boston bombings,1,Informative
323879717306507264,RT @michellemalkin: RT @JimArmstrongWBZ Entire Copley square area being evacuated. I'm being moved to Clarendon street. #wbz #bostonmarathon,Related and informative,2013 Boston bombings,1,Informative
323879759278923777,"RT @RichelleCarey: BREAKING “@cnnbrk: Explosion reported near Boston Marathon finish line, CNN affiliate WCVB reports. http://t.co/PUl2j ...",Related and informative,2013 Boston bombings,1,Informative
323879973188419584,RT @mjbrender: All those concerned for loved ones in the #BostonMarathon - you can see where they last checked in here: http://t.co/gQT2 ...,Related and informative,2013 Boston bombings,1,Informative
323880027697582080,Thoughts and prayers to everyone affected by the Boston Marathon explosion today,Related - but not informative,2013 Boston bombings,0,Not informative
323880044462219264,I hope everyone in Boston is ok and I'm gonna pray for all the marathon runners.,Related - but not informative,2013 Boston bombings,0,Not informative
323880602321448961,RT @awmannes: This pic sure doesn't look good - “@thedailybeast: aftermath of the Boston Marathon bombing (via @brm90) http://t.co/jKO2o ...,Related - but not informative,2013 Boston bombings,0,Not informative
323880610726834178,RT @maevejrolf: I hope everyone is okay😔🙏 #PrayForBoston,Related - but not informative,2013 Boston bombings,0,Not informative
323880648479748096,RT @markweaver: Live updates of the Boston Marathon bomb http://t.co/FkNJHdSHZC,Related and informative,2013 Boston bombings,1,Informative
323880942081040384,RT @FamousNobodies: #PrayforBoston  http://t.co/gI43vojykl,Related - but not informative,2013 Boston bombings,0,Not informative
323881336316243968,Live footage Boston marathon explosion http://t.co/CWoxLcc54x,Related and informative,2013 Boston bombings,1,Informative
323881852215631873,"RT @spj_tweets: Social media chaos re: #BostonMarathon. Live video + lots of photos. Exercise ethics, journalists. It looks gruesome.",Related and informative,2013 Boston bombings,1,Informative
323882229707202561,RT @QuotationMarks1: Please take a moment to pray for Boston. 2 bombs exploded near the marathon finish line with multiple causalities.,Related and informative,2013 Boston bombings,1,Informative
323882317791756288,Thoughts &amp; prayers go out the victims of the Boston Marathon Explosion. So sad :( What's wrong with the world?,Related - but not informative,2013 Boston bombings,0,Not informative
323882661720510464,RT @Ken_Rosenthal: Thoughts and prayers for all those affected by the tragedy in Boston…just awful.,Related - but not informative,2013 Boston bombings,0,Not informative
323882925982629888,RT @msnbc: LIVE VIDEO: Explosion at Boston Marathon http://t.co/qTDvK2oRUc,Related and informative,2013 Boston bombings,1,Informative
323882946933178368,Two explosions at Boston marathon finish line - Yahoo! News http://t.co/4Myds117tf via @YahooNews,Related and informative,2013 Boston bombings,1,Informative
323883236331761665,RT @TeamRunner4Life: Thoughts &amp; prayers to everyone that was near the explosion by the Boston Marathon finish line. scary #BostonMar ...,Related - but not informative,2013 Boston bombings,0,Not informative
323883693527674881,RT @AARONS_WORLD: North Korea said they were going to strike the USA today and there goes an explosion at the Boston Marathon... SMH.,Related - but not informative,2013 Boston bombings,0,Not informative
323883827762180097,RT @tim_brannigan: Photo of the bomb actually exploding in the distance at #Boston marathon http://t.co/LA8LhMQVnF,Related and informative,2013 Boston bombings,1,Informative
323884020666626048,RT @i0beyStyles: THERE WAS A FUCKIN EXPLOSION IN BOSTON AND HALF OF U MOTHERFUCKERS ARE DOING 5RTS ARE U FUCKIN KIDDING ME,Related - but not informative,2013 Boston bombings,0,Not informative
323884519788789760,RT @SportsCenter: BREAKING: Authorities are investigating a report of two explosions at the finish line of the Boston Marathon.,Related and informative,2013 Boston bombings,1,Informative
323884582703345665,RT @Pink: Our thoughts and prayers are with everyone affected by the explosions in Boston. 😢,Related - but not informative,2013 Boston bombings,0,Not informative
323884641419415554,"RT @lauren11708: explosion in Boston , whyyy . when is this unnecessary violence ever going to end , on some real shit.. smh",Related - but not informative,2013 Boston bombings,0,Not informative
323884742107873280,RT @WSJ: Follow live coverage of the aftermath of two explosions at the finish line of the Boston Marathon: http://t.co/48ZPPOXJ6I,Related and informative,2013 Boston bombings,1,Informative
323885052498960384,#prayforboston bless their hearts!,Related - but not informative,2013 Boston bombings,0,Not informative
323885169922695168,RT @BBCBreaking: WATCH LIVE: Two explosions near finish line of Boston Marathon leave unknown number of people injured http://t.co/X3ITf ...,Related and informative,2013 Boston bombings,1,Informative
323885429977911296,Please don't let this be terrorists... #BostonMarathon #PrayforBoston,Related - but not informative,2013 Boston bombings,0,Not informative
323885442556637185,RT @rob_bieber: Finish Line Boston Marathon after explosion (second explosion seen in ba...: http://t.co/wCJi6hsjk0 via @youtube,Related and informative,2013 Boston bombings,1,Informative
323885576761794561,Boston you're my home! My thoughts to those involved with this tragedy! I hope everyone is okay!!!,Related - but not informative,2013 Boston bombings,0,Not informative
323885803266797568,RT @BigBootyProbs: #PrayForBoston http://t.co/rVpnX46oSE,Related - but not informative,2013 Boston bombings,0,Not informative
323885849412521985,RT @Hobbknob: Watching the sky news video clip of the bomb going off in Boston. Absolutely mental scenes......,Related - but not informative,2013 Boston bombings,0,Not informative
323885861991243776,Deux explosions lors du marathon de Boston ont blessé de nombreuses personnes. Toutes nos pensées aux victimes. #sadnews,Related - but not informative,2013 Boston bombings,0,Not informative
323886004593385472,Boston hasn't seen a tragedy like this since the Boston Tea Party.,Related - but not informative,2013 Boston bombings,0,Not informative
323886050709737472,#PrayForBoston.. this is so sad.. :( my prayers are with all of them,Related - but not informative,2013 Boston bombings,0,Not informative
323886088483643393,RT @dailydot: 3 reported dead at Boston Marathon: http://t.co/MCbCE8uh9I,Related and informative,2013 Boston bombings,1,Informative
323886226878902272,"RT @cnnbrk: Two blasts at #Boston Marathon have injured at least 6 people,some seriously; situation still developing. http://t.co/rCfe7P4JyR",Related and informative,2013 Boston bombings,1,Informative
323886243681284097,RT @piersmorgan: BREAKING: CNN reports counter-terrorist cops now patrolling major landmarks here in NY after #BostonMarathon explosions.,Related and informative,2013 Boston bombings,1,Informative
323886612754870273,I'm going to be raising money for #BostonMarathon it's not fair what happens to good people,Related - but not informative,2013 Boston bombings,0,Not informative
323886671491915776,RT @LauraLaneNYC: Three friends running in the Boston Marathon today. Thinking of them and their fellow runners and hoping everyone is safe.,Related - but not informative,2013 Boston bombings,0,Not informative
323886994457501696,RT @Podolski10: Praying for everyone at Boston Marathon!! #Bostonmarathon #Pray,Related - but not informative,2013 Boston bombings,0,Not informative
323887120261468160,RT @MarissaNBCLA: #BREAKING #BOSTONMARATHON former LAPD Chief William Bratton live on NBC News right now said one of his sources estimat ...,Related and informative,2013 Boston bombings,1,Informative
323887153811705858,RT @cnnbrk: New York City has tightened security in wake of explosions at #Boston Marathon. We don't know extent of casualties. http://t ...,Related and informative,2013 Boston bombings,1,Informative
323887460008468480,RT @KCRG: ABC News is reporting that air quality experts have been brought into Boston to ensure explosions were not a chemical attack.,Related and informative,2013 Boston bombings,1,Informative
323887648764735489,RT @KaraKrystel: My heart goes out to all that were affected by the explosion in Boston.,Related - but not informative,2013 Boston bombings,0,Not informative
323887661318303744,RT @ItsJennaMarbles: #PrayForBoston http://t.co/JeZrZhsETU,Related - but not informative,2013 Boston bombings,0,Not informative
323887665546149888,#PrayForBoston 🙌🙏🙌🙏🙏,Related - but not informative,2013 Boston bombings,0,Not informative
323887711649923074,RT @WhiteGinga1999: #PrayForBoston Crazy bastards...........,Related - but not informative,2013 Boston bombings,0,Not informative
323888097551077377,New York Post reports 12 runners were killed in Boston marathon bombings.,Related and informative,2013 Boston bombings,1,Informative
323888118535163905,wow. wow. wow. Praying for everyone in Boston. absolutely horrific. Speluation that it was a terrorist =-O,Related - but not informative,2013 Boston bombings,0,Not informative
323888181441351681,RT @BethanSheeran: woah oh my god this is horrible #prayforboston,Related - but not informative,2013 Boston bombings,0,Not informative
323888198226956289,Vice President just described on CNN a bombing not an explosion #Boston,Related and informative,2013 Boston bombings,1,Informative
323888298886041601,"RT @mufc_blog: #prayforboston shocking scenes, tragic for everyone involved :(",Related - but not informative,2013 Boston bombings,0,Not informative
323888353391042561,RT @DapDMoney: Ok so about these explosions in Boston?!,Related - but not informative,2013 Boston bombings,0,Not informative
323888378577817600,RT @TheFireTracker2: Boston authorities asking people to limit cell phone use. Systems overloading #BostonMarathon #boston #UseText,Related and informative,2013 Boston bombings,1,Informative
323888458269614082,RT @BostonGlobe: BREAKING NEWS: Two powerful explosions detonated in quick succession right next to the Boston Marathon finsh line this  ...,Related and informative,2013 Boston bombings,1,Informative
323888496001552384,Wieder sterben unschuldige Menschen und das wahrscheinlich wieder für falsche Ideale. So wie jeden Tag auf dieser Welt. #bostonmarathon,Not applicable,2013 Boston bombings,0,Not informative
323888600846581761,RT @runnersworld: BREAKING: Bombs reported near Boston finish line http://t.co/NVjoKgy9Bz Will add as story develops. #BostonMarathon,Related and informative,2013 Boston bombings,1,Informative
323888730895171584,"RT @AbbyWambach: Just heard about the tragedy at the Boston marathon. Please people, stop this. I beg you. #bostonmarathon",Related - but not informative,2013 Boston bombings,0,Not informative
323888735093657600,@backrubprincess I believe it was a controlled explosion - at least according to the Boston feed I follow. Still super scary!,Related - but not informative,2013 Boston bombings,0,Not informative
323888860910194688,"News reports are at least 3 dead, 30+ injured. #PrayForBoston #BostonMarathon http://t.co/FGrUsunirn",Related and informative,2013 Boston bombings,1,Informative
323889179664732160,My thoughts and prayers go out to everyone injured at the Boston Marathon.  #onelove,Related - but not informative,2013 Boston bombings,0,Not informative
323889984962695169,"There may be another bomb in the JFK library, there are some sick people in this world #prayforboston",Related and informative,2013 Boston bombings,1,Informative
323890173735747584,RT @dee_8689: Pray for all of the victims at the Boston marathon #PrayForBoston,Related - but not informative,2013 Boston bombings,0,Not informative
323890249220648961,RT @AnnieGelnaw: It's so sad that a person could just hurt innocent people #prayforboston,Related - but not informative,2013 Boston bombings,0,Not informative
323890286981967872,"Serious injuries reported, at least 6 hurt: A pair of explosions rocked the finish line at the Boston Marathon... http://t.co/gz5IQvNWi4",Related and informative,2013 Boston bombings,1,Informative
323890337317793793,I just don't understand how these things keep happening. #prayforboston,Related - but not informative,2013 Boston bombings,0,Not informative
323890354074046466,RT @katyyperryyoxo: #prayforboston ♥,Related - but not informative,2013 Boston bombings,0,Not informative
323890618315186177,RT @samclaflin: My thoughts and best wishes to those in Boston right now #BostonMarathon.,Related - but not informative,2013 Boston bombings,0,Not informative
323890790298427392,"RT @KayCNN: Boston PD to CNN:  22 injured, 2 deaths in #Bostonmarathon explosions.",Related and informative,2013 Boston bombings,1,Informative
323890945475104769,There are some really cruel and sick people in this world. I wish they'd all just disappear. This stuff should never happen. #PrayForBoston,Related - but not informative,2013 Boston bombings,0,Not informative
323891075506905090,We live in such a sick world 😔 #PrayForBoston,Related - but not informative,2013 Boston bombings,0,Not informative
323891163566309376,This world really sucks. #PrayForBoston,Related - but not informative,2013 Boston bombings,0,Not informative
323891197137539072,I really don't get why this happened #prayforboston,Related - but not informative,2013 Boston bombings,0,Not informative
323891427815878656,RT @JamesLiamCook: Unconfirmed Vine video of explosion in Boston. http://t.co/ZgGjWXSHDz,Related and informative,2013 Boston bombings,1,Informative
323891750764695552,Nos pensées sont avec ceux présents au #bostonmarathon et leurs familles.,Not applicable,2013 Boston bombings,0,Not informative
323891780162580480,I just seen that explosions went off at the end of the Boston Marathon Wtf has the world come to?  That is just senseless violence,Related and informative,2013 Boston bombings,1,Informative
323891905983303681,fuck the world.. wow ill never fail to be shocked by people #PrayForBoston,Related - but not informative,2013 Boston bombings,0,Not informative
323892056974045184,"Smh, bet the government made that bomb in Boston...",Related - but not informative,2013 Boston bombings,0,Not informative
323892069561167873,What a sickkkkk world we live in #PrayForBoston 🙏,Related - but not informative,2013 Boston bombings,0,Not informative
323892195365113857,Those poor people were raising money for their chosen charities. How could the human race do that to them! #prayforboston,Related - but not informative,2013 Boston bombings,0,Not informative
323892627403571200,Two Explosions Near Finish Line At Boston Marathon:  http://t.co/KyylES9DMY,Related and informative,2013 Boston bombings,1,Informative
323892820320583681,RT @DinoSamona: Crazy what happened during the Boston Marathon. Prayers to all those involved 🙏.,Related - but not informative,2013 Boston bombings,0,Not informative
323892824523276288,RT @OfficialKat: Boston PD is saying to get on social media and tell people to stay away from The Boston marathon area AND the JFK libra ...,Related and informative,2013 Boston bombings,1,Informative
323893009089445888,RT @Lauratobin1: Awful scenes at #bostonmarathon So sad lives have been lost.,Related - but not informative,2013 Boston bombings,0,Not informative
323893046829780992,RT @MalenaHarper: what has this world come to #prayforboston,Related - but not informative,2013 Boston bombings,0,Not informative
323893059387535360,Pray for the victims of the horrible explosions in Boston. God be with you all. #prayforboston,Related - but not informative,2013 Boston bombings,0,Not informative
323893105524879360,RT @aliciakeys: Shaken… My thoughts and prayers are with the city of Boston and those affected by this tragedy.,Related - but not informative,2013 Boston bombings,0,Not informative
323893155860709376,So awful what's happened in Boston. #prayforboston xx,Related - but not informative,2013 Boston bombings,0,Not informative
323893378192384000,Soutiens aux blessés et aux familles #prayforboston,Not applicable,2013 Boston bombings,0,Not informative
323893415903379456,RT @BuzzFeedNews: Red Cross: Where to donate blood following explosion at Boston Marathon http://t.co/OIt1JlJpLb,Related and informative,2013 Boston bombings,1,Informative
323893474623627264,@__chloenicolle two terrorist attacks in Boston when the marathon was taking place two massive explosions 😔 so horrible,Related and informative,2013 Boston bombings,1,Informative
323893516579262464,RT @08_Fitzy: When people said theres been a bomb on boston i thought they ment boston avenue. #WasAboutToGoDownMurdishaw,Related - but not informative,2013 Boston bombings,0,Not informative
323893696921739265,RT @LyricPostings: This makes me physically sick nobody deserves this! #PrayForBoston http://t.co/3w0tZyTy0c,Related - but not informative,2013 Boston bombings,0,Not informative
323893734699839488,My heart goes out to the people in Boston. another senseless tragedy. More dead/critically wounded. .and for what??. Evil begets evil..,Related - but not informative,2013 Boston bombings,0,Not informative
323893747274366976,RT @ashleycolley: The fake Boston Marathon account has been suspended. THANK YOU TWITTER!,Related - but not informative,2013 Boston bombings,0,Not informative
323893843739176961,RT @NBA_Wallpapers_: Thoughts go out to those in Boston. #PrayForBoston http://t.co/YATpJrebJS,Related - but not informative,2013 Boston bombings,0,Not informative
323893915025563648,RT @WeLoveFredo: THIS COULD SAVE LIVES! RT TO SPREAD THE WORD! #prayforboston http://t.co/wzC3tPh3PX,Related - but not informative,2013 Boston bombings,0,Not informative
323894003143700480,“@GigiGraciette #Boston PD asking ALL OFF-DUTY officers to report to work immediately. #BostonMarathon #PrayForBoston”,Related and informative,2013 Boston bombings,1,Informative
323894217023844352,Praying for everyone in #boston #bostonmarathon,Related - but not informative,2013 Boston bombings,0,Not informative
323894531617591296,What the hell?! Bombs at the Boston marathon?! Keeping all the injures and families of the people that died in my thought. #saddness,Related - but not informative,2013 Boston bombings,0,Not informative
323894560960954368,RT @FellowshipLR: Praying God's healing &amp; comfort to all those injured &amp; affected by the incidents at the #BostonMarathon today.,Related - but not informative,2013 Boston bombings,0,Not informative
323894581928288258,"RT @NoRapist: I know this is not rape related, but one of my close friends died in the Boston explosion so if you could please get #Pray ...",Related - but not informative,2013 Boston bombings,0,Not informative
323894607110881280,RT @BDOG247: Hope it's not terrorism #BostonMarathon,Related - but not informative,2013 Boston bombings,0,Not informative
323894695195471873,RT @ShyhiemB: #PrayForBoston RT,Related - but not informative,2013 Boston bombings,0,Not informative
323895118790815744,RT @HugoAmazing: Thoughts and Prayers go out to all affected by the explosion at the Boston Marathon. 🙏 #prayforboston,Related - but not informative,2013 Boston bombings,0,Not informative
323895156543721472,RT @HuntsmanAbby: Heartbreaking to hear Newtown families were in VIP section right by the Boston Marathon explosion.,Related - but not informative,2013 Boston bombings,0,Not informative
323895261422297088,RT @EcheMadubuike: Explosions have been reported at the Boston Marathon finish line. RT to spread the word. #PrayforBoston http://t.co/B ...,Related and informative,2013 Boston bombings,1,Informative
323895492088037376,"I can't deal with the world anymore, people are just so fucked up and sick, I'll be praying for the Boston marathon victims &amp; their families",Related - but not informative,2013 Boston bombings,0,Not informative
323895546634977280,Praying for the families injured in the Boston Marathon bomb blast xx,Related - but not informative,2013 Boston bombings,0,Not informative
323895550829264896,RT @USA_Swimming: Our thoughts are with all of those in Boston right now #BostonMarathon,Related - but not informative,2013 Boston bombings,0,Not informative
323895575974141952,RT @Boy1duh: My prayers go out to everyone a part of the Boston Marathon,Related - but not informative,2013 Boston bombings,0,Not informative
323895634690199553,"RT @CRoeckerath: Zwei weitere Bomben werden zur Stunde entschärft, meldet AP. #Boston #BostonMarathon",Not applicable,2013 Boston bombings,0,Not informative
323895659868585984,"Some people are evil, how could you sleep knowing you ended someone's life?! #prayforboston",Related - but not informative,2013 Boston bombings,0,Not informative
323895710208651264,Just heard the news about the Boston Marathon...  Absolutely heartbreaking...  Praying for everyone involved.,Related - but not informative,2013 Boston bombings,0,Not informative
323895773127393281,RT @AP: MORE: US official: 2 more explosives found at Boston marathon: http://t.co/KBDxuuE4kQ -CC,Related and informative,2013 Boston bombings,1,Informative
323895903129841664,RT @FinnHarries: My thoughts and wishes go out to those effected in the Boston explosions. Such a sad and terrible thing to happen. #pra ...,Related - but not informative,2013 Boston bombings,0,Not informative
323895924113952769,RT @ErikaEnd0: People really suck. #prayforboston,Related - but not informative,2013 Boston bombings,0,Not informative
323895987028504577,RT @WLTX: Boston P.D. asking people on Social Media to tweet get out of the #BostonMarathon area immediately. #News19 http://t.co/vVCbixRSn8,Related and informative,2013 Boston bombings,1,Informative
323896037381111810,RT @nytimes: A map of where the explosions occurred at the Boston Marathon: http://t.co/v0D2yqfcX4,Related and informative,2013 Boston bombings,1,Informative
323896146433015808,"RT @iCatchLovato: IF YOU LIVE IN BOSTON OR NEAR IT, DO NOT USE ANY ELECTRONICS BECAUSE IT COULD TRIGGER ANOTHER BOMB. RT AND SPREAD.",Related and informative,2013 Boston bombings,1,Informative
323896221901139968,"RT @AnonOpsLegion: Blood, glass, debris on sidewalk where one of two Boston Marathon explosions occurred: http://t.co/dZ9zQdLuP3  #Bosto ...",Related and informative,2013 Boston bombings,1,Informative
323896414839111681,RT @BloombergNews: Second Boston Marathon explosion captured on video -- WATCH: http://t.co/US2HKmWwLH (Warning: graphic),Related and informative,2013 Boston bombings,1,Informative
323896721027506176,"Just seen the explosions at #bostonmarathon , this is unreal. My thoughts go out to all over there.",Related - but not informative,2013 Boston bombings,0,Not informative
323896733614628864,RT @SprtsHumor: Crazy news video of that first Boston Marathon explosion. #NotHumor http://t.co/Xm4Q7pWgg8,Related and informative,2013 Boston bombings,1,Informative
323897123701653505,RT @cnnbrk: Officials investigating Boston Marathon explosions report finding what they believe are unexploded devices: http://t.co/rCfe ...,Related and informative,2013 Boston bombings,1,Informative
323897509565038592,"RT @JahRastaMouse: Dem bomb di Boston marathon, watch dem bomb di Boston Tipton hotel wid Esteban an arwin an dem man dey yah",Not applicable,2013 Boston bombings,0,Not informative
323898621063995393,RT @ultramusic: Our thoughts and prayers go out to the victims and families affected by the recent Boston Marathon bombings :(,Related - but not informative,2013 Boston bombings,0,Not informative
323898948228112385,"RT @penialltration: Please rt, I am in Boston right now, I know someone who was injured and my family won't pick up #prayforboston",Related - but not informative,2013 Boston bombings,0,Not informative
323899023700393984,RT @hollywills: #prayforboston thoughts are with you...,Related - but not informative,2013 Boston bombings,0,Not informative
323899120194560000,RT @stephaniesmyth: #BREAKING:  Intelligence officials CONFIRM two more bombs found @BostonMarathon ; being dismantled flight restrictio ...,Related and informative,2013 Boston bombings,1,Informative
323899568947351552,OMG #prayforboston http://t.co/pVn9Akz2AR,Related - but not informative,2013 Boston bombings,0,Not informative
323899568964116481,RT @C_Westling: Boston anses ha en samling av världens bästa sjukhus så de skadade får den bästa tänkbara vården. Alltid nåt. #PrayForBoston,Not applicable,2013 Boston bombings,0,Not informative
323899845783982081,RT @ionamatheson: What is wrong with people in this world! #bostonmarathon #rip,Related - but not informative,2013 Boston bombings,0,Not informative
323900105839214592,What's the matter with people! #prayforboston,Related - but not informative,2013 Boston bombings,0,Not informative
323900252656652288,RT @BostonDotCom: Terrifying video from the Boston Marathon finish line as the explosions went off: http://t.co/T3t20ZwrdY via @stevesilva,Related and informative,2013 Boston bombings,1,Informative
323900495888527363,RT @bkeegan: Here's the Wikipedia article about #BostonMarathon #bombing to track on-going developments: http://t.co/qy6fMv67UK,Related and informative,2013 Boston bombings,1,Informative
323901166985568257,RT @Flotrack: Report: Surveillance photos before the blast show a man placing backpacks at both scenes of the explosions. #PrayForBoston,Related and informative,2013 Boston bombings,1,Informative
323901204759457792,RT @Melmichelle22: Like seriously people are insane. Setting off bombs at an event such as the Boston marathon that critically injures p ...,Related - but not informative,2013 Boston bombings,0,Not informative
323901460603629569,Condolences to the victims of the Boston marathon explosions,Related - but not informative,2013 Boston bombings,0,Not informative
323901888431005696,RT @boystxts: Spread the word! It could save a life #prayforboston http://t.co/RKAsoAFeRE,Related - but not informative,2013 Boston bombings,0,Not informative
323902341420036096,RT @YourAnonNews: The @RedCross has a site up for Runners and Family of #BostonMarathon at http://t.co/218PE7JjsF #YAN,Related and informative,2013 Boston bombings,1,Informative
323902639177883649,#prayforboston c'est inhumain ce qu'il s'est passé. Comment peut-on commettre des actes pareils ?,Not applicable,2013 Boston bombings,0,Not informative
323902752440856576,RT @NDJ_Official: 🙏 #BostonMarathon. Sick world we living in...,Related - but not informative,2013 Boston bombings,0,Not informative
323902802776707073,RT @JeffersonBethke: Tragic. Heartbreaking. #prayforboston!! RT @brm90 Streets after bomb at Boston Marathon. http://t.co/HCltbMa7xM,Related - but not informative,2013 Boston bombings,0,Not informative
323902941205499907,RT @thebiebstagram: i close my eyes and i can see a better day. i close my eyes and pray... #prayforboston,Related - but not informative,2013 Boston bombings,0,Not informative
323903398380445696,RT @BFMTV: VIDÉO - Plusieurs morts et des dizaines de blessés après deux importantes explosions au marathon de Boston http://t.co/dZkfklJjFe,Related and informative,2013 Boston bombings,1,Informative
323903452893818881,#prayforboston my thoughts&amp; prayers go out for those who got hurt in the bombing,Related - but not informative,2013 Boston bombings,0,Not informative
323903540965810177,RT @911BUFF: BOSTON: POLICE AND FBI URGING ANYONE WITH VIDEO OF THE FINISH LINE AT THE TIME OF THE EXPLOSION SHOULD PLEASE COME FORWARD. ...,Related and informative,2013 Boston bombings,1,Informative
323903675175149569,"RT @googlemaps: If you have info about those in the #bostonmarathon or looking for someone,please visit the Person Finder to add data ht ...",Related and informative,2013 Boston bombings,1,Informative
323903763280711683,RT @AP: BREAKING: Boston police commissioner: 3rd explosion at JFK Library,Related and informative,2013 Boston bombings,1,Informative
323903985578831872,RT @NHL: We wish to express our sympathy to all those affected by the tragic events that took place in #Boston this afternoon.,Related - but not informative,2013 Boston bombings,0,Not informative
323904178500038657,RT @mrjakehumphrey: Number of people who ran TOWARDS the blasts in Boston to help the injured is the clearest of signals that terrorists ...,Related and informative,2013 Boston bombings,1,Informative
323904199471538179,"RT @TheSimplyEpic: #PrayForBoston but not only Boston, pray for every country which people are suffering in.",Related - but not informative,2013 Boston bombings,0,Not informative
323904199488327680,@carlymazing: Person Finder: Boston Marathon Explosions: http://t.co/kMN4UjjRiv … RT guys! It can help someone! #prayforboston,Related and informative,2013 Boston bombings,1,Informative
323904325325832192,"RT @RealRomaDowney: “@northlandchurch: Prayers going up for everyone at the Boston Marathon.”Yes God Be with them all,we are praying here",Related - but not informative,2013 Boston bombings,0,Not informative
323904493089595393,This world needs change. Desperately. #prayforboston,Related - but not informative,2013 Boston bombings,0,Not informative
323904618889375745,RT @HoodJesusYo: Ayy fam please pray fo da ppl at da #BostonMarathon. Those affected need yo prayers now and in da weeks to come #PrayFo ...,Related - but not informative,2013 Boston bombings,0,Not informative
323904673423716352,RT @michellemalkin: Beware of ghouls/vultures. MT @TwitchyTeam Fake Twitter accounts soliciting ‘donations’ for #bostonmarathon victims  ...,Related and informative,2013 Boston bombings,1,Informative
323904686035959808,RT @Vuurmeesteres: #prayforboston kifesh deze?? #PrayForGaza die leven elke dag in onzekerheid met overal om zich heen bommen,Not applicable,2013 Boston bombings,0,Not informative
323904698610503681,RT @KimKardashian: My heart is breaking for everyone effected or injured in the explosion at the Boston Marathon. God bless you all! My  ...,Related - but not informative,2013 Boston bombings,0,Not informative
323904740532551680,"RT @ksdknews: Comm: Warning people to be cautious, holding another press conference at 6:00pm Central. #prayforboston",Related and informative,2013 Boston bombings,1,Informative
323905390645489665,Such sad news about what's happening in Boston. Thoughts &amp; prayers out to all those affected by this horrific tragedy.,Related - but not informative,2013 Boston bombings,0,Not informative
323905461957062657,my heart goes out to all the victims &amp; families of this tragic event ❤ #pray #for #boston #thoughts… http://t.co/J1tKh4O6OA,Related - but not informative,2013 Boston bombings,0,Not informative
323905591984672769,RT @DuncanBannatyne: Good people train &amp; run for others &amp; someone does this. WHY #prayforboston.  RT please,Related - but not informative,2013 Boston bombings,0,Not informative
323905612952006656,"RT @CdnPress: 2,032 Canadians were entered in 2013 Boston Marathon: http://t.co/B41yuLAZCF",Related - but not informative,2013 Boston bombings,0,Not informative
323905843655499777,America is being attack again !  #BostonMarathon #bomblast,Related - but not informative,2013 Boston bombings,0,Not informative
323905856234221568,Sick to my stomach. Can't believe this actually happened. #prayforboston,Related - but not informative,2013 Boston bombings,0,Not informative
323905969463635970,#prayforboston? Alguien me puede decir que paso? :s,Not applicable,2013 Boston bombings,0,Not informative
323906074312851456,RT @KingJames: Prayers goes out to those involved/hurt in #BostonMarathon. WTF is wrong with people man. Just sad,Related - but not informative,2013 Boston bombings,0,Not informative
323906137239990272,Oh deary me #BostonMarathon,Related - but not informative,2013 Boston bombings,0,Not informative
323906191753375745,“@SorryNotSoorry: #PrayForBoston. This is so extremely heartbreaking. http://t.co/ss5CQ3buLV” my heart goes out to all the victims,Related - but not informative,2013 Boston bombings,0,Not informative
323906325987868674,RT @OhDearOOMF: Need everyone to RT this. You could save a life. #PrayForBoston #RT http://t.co/P35A2XvGAl,Related - but not informative,2013 Boston bombings,0,Not informative
323906518917451777,Police Tweet Request for Video From Boston Marathon After Blast: The Boston Police Department tweeted a plea f... http://t.co/2FBlJdxum7,Related and informative,2013 Boston bombings,1,Informative
323907198415671296,"they were doing a charity marathon...that's so heartless, they're innocent and they don'y deserve it. #prayforboston",Related - but not informative,2013 Boston bombings,0,Not informative
323907236135063554,"RT @orla_msc: wherever you live, please retweet this #prayforboston http://t.co/9icuRnaXuw",Related - but not informative,2013 Boston bombings,0,Not informative
323907437499396096,RT @TheMindBlowing: Boston Marathon and JFK Library blast victims need your help. #prayforboston and retweet this http://t.co/bJmfnk4DNk,Related - but not informative,2013 Boston bombings,0,Not informative
323907496202862592,#PrayforBoston I can't even believe...,Related - but not informative,2013 Boston bombings,0,Not informative
323907563311751168,RT @BreakingNews: Google rolls out Person Finder for those affected by Boston Marathon explosions http://t.co/S26qrQC5Zm,Related and informative,2013 Boston bombings,1,Informative
323907584295845889,"RT @ialwaysloveJDB: It's disgusting how innocent people are loosing their lives, they didn't even do anything. #prayforboston",Related - but not informative,2013 Boston bombings,0,Not informative
323907823354408960,RT @TanyaBurr: So shocked and saddened by the explosions in Boston...why do people do this? #prayforboston,Related - but not informative,2013 Boston bombings,0,Not informative
323907953361055744,"Pointless and harrowing, there is never a just excuse to hurt people, ever!! #prayforboston",Related - but not informative,2013 Boston bombings,0,Not informative
323908049838415873,"Between Sandy and bombs, it's not a good year for marathoners. After all that training. Real shame. #bostonmarathon",Related - but not informative,2013 Boston bombings,0,Not informative
323908079227916290,RT @PRyan: My thoughts and prayers are with the people in Boston. #PrayforBoston,Related - but not informative,2013 Boston bombings,0,Not informative
323908121133215744,RT @harryfletch_: #prayforboston the worlds gone bloody mad,Related - but not informative,2013 Boston bombings,0,Not informative
323908137939763200,RT @chillposts_: READ AND SPREAD!! #RT  #prayforboston 🙏 http://t.co/8Fpae9UKMi,Related - but not informative,2013 Boston bombings,0,Not informative
323908200833355776,RT @TheMindBlowing: #prayforboston BPD says stay away from Boston Marathon area &amp; JFK library. Together we can spread the word. PLS  ...,Related and informative,2013 Boston bombings,1,Informative
323908293112238081,"Our thoughts and prayers are with all the victims, families and first responders affected by the tragic events in Boston today.",Related - but not informative,2013 Boston bombings,0,Not informative
323908343439691776,RT @nerdist: 2 explosions @ Boston Marathon: http://t.co/mNv38MMGLc Authorities request texting only 2 keep phone lines open. If you pra ...,Related and informative,2013 Boston bombings,1,Informative
323908393779728385,"RT @mozzaharrystick: today is april 15th. the same day which the titanic sank, abraham lincoln was shot, &amp; now the boston marathon  ...",Related and informative,2013 Boston bombings,1,Informative
323908427329986560,Prayers go out to the people and families of the Boston Tragedy #PrayersforBoston,Related - but not informative,2013 Boston bombings,0,Not informative
323908469285588993,"RT @BostonGlobe: MARATHON EXPLOSION: Toll rises to 2 dead, 64 wounded in Boston Marathon explosions.",Related and informative,2013 Boston bombings,1,Informative
323908595114713089,Watching what happened at the Boston Marathon. So sad. #prayforboston,Related - but not informative,2013 Boston bombings,0,Not informative
323908641235279873,RT @MillieSabrina: I really admire @KeatonStromberg for slll taking away from E3's big moment to #PrayforBoston,Related - but not informative,2013 Boston bombings,0,Not informative
323908842566086656,RT @firstduephotos: BOSTON MA: #wbz news is WRONGLY reporting the JFK Library bomb was recent. It was NOT. BFD has been on scene since i ...,Related and informative,2013 Boston bombings,1,Informative
323908850946281473,RT @TheAtlanticWire: Google releases a tool to help loved ones track down #BostonMarathon runners http://t.co/cpM7l1frlo,Related and informative,2013 Boston bombings,1,Informative
323908905484832768,"RT @tracywatkins: Pray for my mom, she's ran the Boston marathon and we can't get ahold of her. #prayforboston",Related - but not informative,2013 Boston bombings,0,Not informative
323909060657295360,RT @jeanboileau: #Google lance un site pour les parents et victimes du #BostonMarathon #personfinder http://t.co/OecD9PZVys rt @stbslam,Not applicable,2013 Boston bombings,0,Not informative
323909085852471296,#prayforboston my heart goes out for those injured in the explosions. #bostonmarathon,Related - but not informative,2013 Boston bombings,0,Not informative
323909119377559552,"RT @MakaylaOwens2: “@ohabioh: this is what's wrong with the world. running for charity, now he has no legs. #prayforboston http://t.co/D ...",Related - but not informative,2013 Boston bombings,0,Not informative
323909136154775552,RT @josephstamper: wow...breaks my heart. #prayforboston,Related - but not informative,2013 Boston bombings,0,Not informative
323909148741890048,"RT @benfergusonshow: New York Post Reporting:12 dead, nearly 50 injured after 2 explosions rock Boston Marathon, suspect identified and  ...",Related and informative,2013 Boston bombings,1,Informative
323909148746059776,"RT @CarsonRapsilver: God is good, even when the world is not. #John16 #PrayForBoston http://t.co/knPQNq7jXQ",Related - but not informative,2013 Boston bombings,0,Not informative
323909203288813568,"RT @Eoghan_Curran: Sadly Boston wasn't the only place to be bombed today, as 31 Iraqis were killed and 200 wounded in explosions this mo ...",Related - but not informative,2013 Boston bombings,0,Not informative
323909295571861504,@Real_Liam_Payne HI LIAM #PRAYFORBOSTON,Related - but not informative,2013 Boston bombings,0,Not informative
323909459145547777,"RT @SportsCenter: BREAKING: Boston PD reports 23 injuries, 2 deaths in marathon explosions. Reports say police are still finding second ...",Related and informative,2013 Boston bombings,1,Informative
323909488480509952,"RT @mishacollins: Sometimes people really suck. Love you, Boston--my hometown. @brm90: Bomb at #Boston #marathon finish. http://t.co/wq ...",Related - but not informative,2013 Boston bombings,0,Not informative
323909568176472064,"RT @FoxNews: BREAKING: Boston Marathon HQ locked down after report of explosion, spokesman says  http://t.co/hDXhR7S2GN  #Bostonmarathon",Related and informative,2013 Boston bombings,1,Informative
323909580784533505,RT @BostonTweet: Google has created a Person Finder for those affected by the #BostonMarathon explosions. http://t.co/2AH3ysDJEh,Related and informative,2013 Boston bombings,1,Informative
323909673029873665,RT @subaru_usa: Our thoughts are with everyone affected by the tragic events unfolding in Boston today.,Related - but not informative,2013 Boston bombings,0,Not informative
323909735965409280,"So in light of new information, this IS an organized terrorist attack. So sad and screwed up. Stay safe and stay strong, Boston residents.",Related - but not informative,2013 Boston bombings,0,Not informative
323910134399115265,@kwild: RT @emamd: Google has a person finder up for the #boston explosions http://t.co/bmUEoILV0F,Related and informative,2013 Boston bombings,1,Informative
323910302188064769,I JUST SAW THIS VIDEO OF BOSTON AND IM LEGTLY CRYING RN #prayforboston https://t.co/mXXSylkBr4,Related - but not informative,2013 Boston bombings,0,Not informative
323910432228253696,RT @google: Let your friends &amp; family know you're OK or locate your loved ones w/ Person Finder for the Boston explosions: http://t. ...,Related and informative,2013 Boston bombings,1,Informative
323911141036290048,@iiTalk_uDont: “@DrayaFace: God bless the victims and families of the #BostonMarathon tragedy.”,Related - but not informative,2013 Boston bombings,0,Not informative
323911216546332673,AP: Mobilfunknetz in Boston abgeschaltet um Fernzündungen zu verhindern http://t.co/NdZj7B3CrQ #Boston #BostonMarathon,Not applicable,2013 Boston bombings,0,Not informative
323911224930750464,#PrayForBoston such a sick world we live in!!,Related - but not informative,2013 Boston bombings,0,Not informative
323911304639295489,RT @BostonGlobe: Google has created a Boston Marathon Explosion person finder http://t.co/SCeMAPAYMx  h/t @cmcloutier,Related and informative,2013 Boston bombings,1,Informative
323911359156871170,@seanwbu: April 15th: Titanic sunk April 15th: Hillsborough Disaster April 15th: Boston Explosion. Holy shit and my mums birthday!!,Related - but not informative,2013 Boston bombings,0,Not informative
323911736656793601,RT @AnnCurry: For families in search of loved ones:  1-617-635-4520 #BostonMarathon,Related and informative,2013 Boston bombings,1,Informative
323911749231312896,RT @Cadizzlemore: My thoughts and prayers go out to those affected by the bombs in Boston... this is all just so horrible. #prayforboston,Related - but not informative,2013 Boston bombings,0,Not informative
323912126710312962,RT @YahooNews: Photos of the aftermath of the Boston Marathon explosions from a witness at the scene: http://t.co/cmdLUBykGo,Related and informative,2013 Boston bombings,1,Informative
323912135103102977,#prayforboston what's going on in this world?!?!,Related - but not informative,2013 Boston bombings,0,Not informative
323912177029378048,RT @MyJustinQuotes: THE MARATHON WAS FOR THE CHILDREN WHO DIED IN NEWTON AND YOU FUCKING BOMB THE MARATHON? OMFG THIS IS TO MUCH.. #pray ...,Related - but not informative,2013 Boston bombings,0,Not informative
323912302883639296,RT @franagudo: #PrayforBoston #PrayforBoston #PrayforBoston #PrayforBoston #PrayforBoston #PrayforBoston #PrayforBoston #PrayforBoston,Related - but not informative,2013 Boston bombings,0,Not informative
323912617443872769,RT @emitoms: There are reports of Boston Marathon runners crossing finish line and continuing to run to the Hospital to give blood to v ...,Related and informative,2013 Boston bombings,1,Informative
323912927822360578,No puedo creer lo que esta pasando!!  #prayforboston,Not applicable,2013 Boston bombings,0,Not informative
323913158492303360,RT @Connor_Eli: Go to a movie? Get shot. Go to school? Get shot. Run a marathon? Get bombed. Such a selfish world this is. #PrayForBoston,Related - but not informative,2013 Boston bombings,0,Not informative
323913187856613377,RT @todayshow: Pres. Obama receives an update from the FBI director on #BostonMarathon blasts. (Credit: Pete Souza / White House) http:/ ...,Related and informative,2013 Boston bombings,1,Informative
323913577922715648,RT @inecascos: que huevos hacer estoy en una maratón #PrayForBoston http://t.co/kbsJTZ1mNw,Related - but not informative,2013 Boston bombings,0,Not informative
323913603109490688,RT @Josh_Vintson: This is terrifying http://t.co/bxU3U3W0TA #PrayForBoston,Related - but not informative,2013 Boston bombings,0,Not informative
323913829601914881,RT @we_believejb: Help this girl find her family. Please RT and spread the word. #prayforboston http://t.co/ljlyC3pkFF,Related - but not informative,2013 Boston bombings,0,Not informative
323913858949472256,"“@GordonEdes: Asked if this was the work of terrorists, Boston police commissioner Ed Davis said you can draw your own conclusions.”",Related and informative,2013 Boston bombings,1,Informative
323914110620274688,RT @TheCoachESPN: If you are trying to find a loved one in boston call 617-635-4500. If you have any info on the explosions call 1800-49 ...,Related and informative,2013 Boston bombings,1,Informative
323914479706464256,RT @glvredcross: American Red Cross Statement on Boston Marathon Explosions  http://t.co/oHSN4hQC5w,Related and informative,2013 Boston bombings,1,Informative
323915029168672768,RT @snugglinghazza: honestly everyone retweet this you could save a life please read #prayforboston http://t.co/hZq8j4S6p0,Related - but not informative,2013 Boston bombings,0,Not informative
323915171770798080,heart wrenching photo RT “@CBSSports: PHOTO: A bystander comforts a victim of today's attack in Boston. http://t.co/PxFr8gC9eE”,Related and informative,2013 Boston bombings,1,Informative
323915247259877377,RT @samantha_june3: 😭🙏RT @Darkskin: IN BOSTON: He ran in dedication of the newtown kids and now he won't ever walk again #prayforboston  ...,Related - but not informative,2013 Boston bombings,0,Not informative
323915398288379905,RT @JMaxey97: What a damn shame #prayforboston,Related - but not informative,2013 Boston bombings,0,Not informative
323915771543683073,RT @hannadianee: Hope everyone's ok #prayforboston,Related - but not informative,2013 Boston bombings,0,Not informative
323915851252248577,Sickened and saddened by the news of events in Boston today. #prayforboston,Related - but not informative,2013 Boston bombings,0,Not informative
323915863851937792,"RT @BiebersRobot: People at the Boston marathon are having a blast WHAT IS WRONG WITH YOU, SICK MINDED PEOPLE. INNOCENT LIVES HAVE BEE ...",Related - but not informative,2013 Boston bombings,0,Not informative
323915943526932482,Google Has Created A Person Finder For The Boston Marathon - digg: Pass it on. http://t.co/EiR1eg0Arw,Related and informative,2013 Boston bombings,1,Informative
323916086116487168,"RT @NBCLA: At 3:10pm PT, Pres. Obama will address the nation about the #BostonMarathon explosions. We'll be livestreaming here: http://t ...",Related and informative,2013 Boston bombings,1,Informative
323916149039452160,"RT @BryanJacoutot: 96 countries were represented at Boston Marathon today. This was an attack on the world. Not just Boston, not just Am ...",Related and informative,2013 Boston bombings,1,Informative
323916216148295683,The boston marathon bombing photos and clips made me sick to my stomach. How could anyone do that to another human being #prayforboston,Related - but not informative,2013 Boston bombings,0,Not informative
323916316836765697,BOSTON: TERRORIST ATTACK! CNN AND CBS ARE OFFICIALLY CALLING THIS A TERRORIST ATTACK! #911BUFF,Related - but not informative,2013 Boston bombings,0,Not informative
323916459417931779,RT @Jades_BowtiesLM: “@definitelylouis: RT THIS GUYS ITS REALLY IMPORTANT #PrayforBoston http://t.co/eO1UNmdg9A”,Related - but not informative,2013 Boston bombings,0,Not informative
323916702704365568,#prayforboston estou chocada não sabia que era tão grave,Not applicable,2013 Boston bombings,0,Not informative
323917138886815744,RT @mylifeasafemale: My hearts go out to all those who are affected by this senseless tragedy 💔 #prayforboston,Related - but not informative,2013 Boston bombings,0,Not informative
323917407322247168,#prayforboston Todo mi apoyo para Boston.,Not applicable,2013 Boston bombings,0,Not informative
323917424112054275,RT @twhiddleston: The Boston Marathon bombing is horrifying and chilling. My thoughts and prayers are with victims and families.,Related - but not informative,2013 Boston bombings,0,Not informative
323917612864114688,RT @HuffingtonPost: How to help victims of the Boston Marathon bombings http://t.co/dUFWFcNH62,Related and informative,2013 Boston bombings,1,Informative
323917763850686464,"RT @KrisSanchez: Video of the explosion at the #BostonMarathon - Seriously, there's way too much violence and hate in our world.  http:/ ...",Related and informative,2013 Boston bombings,1,Informative
323917780619513857,Heart and prayers to folks in Boston. #BostonMarathon,Related - but not informative,2013 Boston bombings,0,Not informative
323917910642946048,RT @Karan1095: Lets #PrayForBoston.   Lets also #PrayForSyria #PrayForIraq #PrayForAfghanistan and all the others.  #RESPECT,Related - but not informative,2013 Boston bombings,0,Not informative
323918019690639360,RT @LovendPeace: #prayforboston 🙏👼,Related - but not informative,2013 Boston bombings,0,Not informative
323918116163813376,"RT @DemetriaSing: #PrayForBoston #PrayForNewYork #PrayForDC Please everyone stay safe, please make it home safely &lt;3",Related - but not informative,2013 Boston bombings,0,Not informative
323918330094317568,RT @BostonGlobe: Globe videos from the #BostonMarathon explosions. http://t.co/UgmAEzzH59,Related and informative,2013 Boston bombings,1,Informative
323918434960293888,@joshhenderson: Just hearing about the explosions in Boston. Prayers going out to the victims and families. So sad..,Related - but not informative,2013 Boston bombings,0,Not informative
323918611121061888,RT @BMW_LifeMorals: Love is real and we have to do everything we can to keep it alive. - Topanga Lawrence #lifemorals #PrayforBoston,Related - but not informative,2013 Boston bombings,0,Not informative
323918749499551745,"Lord, our world really needs your help...😔 #prayforboston",Related - but not informative,2013 Boston bombings,0,Not informative
323918808219799552,"I close my eyes... And I can see a better day.. I close my eyes, and pray. #PrayForBoston.",Related - but not informative,2013 Boston bombings,0,Not informative
323918841799376896,Boston Police Commissioner Ed Davis: There is no suspect in custody. Stay with @CNNLive for continuing coverage #BostonMarathon @CNN,Related and informative,2013 Boston bombings,1,Informative
323918879527161857,RT @goldnKATEbridge: Never wanted my city to be trending for such a bad reason #PrayForBoston,Related - but not informative,2013 Boston bombings,0,Not informative
323918921465999362,RT @abyjavaadmalik: EVERYONE TWETT THIS PICTURE SO EVERYONE CAN SEE IT. #prayforboston #boston #BostonMarathon http://t.co/VVM4wYM6I2,Related - but not informative,2013 Boston bombings,0,Not informative
323919135400665088,My prayers go out to the Boston Marathon victims today. #rip,Related - but not informative,2013 Boston bombings,0,Not informative
323919470944993280,"Perpustakaan JFK, Lokasi Ledakan Ketiga di Boston: Menyusul dua ledakan di dekat garis finish Boston Marathon, dua peledak te...  #TLNews",Not applicable,2013 Boston bombings,0,Not informative
323919605171122177,"RT @aceYthekidd: Us: You hear bout that shit in Boston? Co-Worker: Nah what? Us: Bombs at the marathon, folks dying. Co-Worker: I ...",Related - but not informative,2013 Boston bombings,0,Not informative
323919680672763906,RT @GovBrewer: My prayers and those of #Arizona go out to the victims of today's explosion in #Boston: http://t.co/RhIUvysCPQ,Related - but not informative,2013 Boston bombings,0,Not informative
323919881999380480,#PrayForBoston 😢people are really  screwed up  #PrayForBoston,Related - but not informative,2013 Boston bombings,0,Not informative
323919991013527552,"Boston Marathon Explosion Pictures and Video Released, Gets Live Internet Coverage http://t.co/SbNUzrzQzf #videos #world",Related and informative,2013 Boston bombings,1,Informative
323920167178493953,"RT @Jenna_Marbles: Absolutely shocked and horrified about the Boston Marathon today.  My thoughts and prayers are with my family, friend ...",Related - but not informative,2013 Boston bombings,0,Not informative
323920792150761472,RT @DanielMartinAdv: Most inspiring story from #BostonMarathon: runners who finished the 26.2 miles and then ran over to Mass General Ho ...,Related - but not informative,2013 Boston bombings,0,Not informative
323920980898631680,RT @shagcaster: @_bal_ Yup. But I live in motherfucking Washington state. THOUSANDS OF MILES AWAY. I doubt that'll set a bomb in Boston off.,Related - but not informative,2013 Boston bombings,0,Not informative
323921001861746689,"@gchaverri1 Vale, #prayforboston y, #prayforgaza #prayforbagdad #prayforkabul etc?¿? Ah no, que no importan. Menuda cabeza la mia...",Not applicable,2013 Boston bombings,0,Not informative
323921178026721280,“@corien_xxx: RT @larrys_condom_ The child is so young this is disgraceful #PrayForBoston http://t.co/IccVB5yOHS” :'(,Related - but not informative,2013 Boston bombings,0,Not informative
323922037854855168,"RT @Megan_Miller_23: Please retweet this, no matter who you are. It could save lives. Spread the word. And stay safe! #PrayForBoston htt ...",Related - but not informative,2013 Boston bombings,0,Not informative
323922209817120768,"RT @cnnbrk: Explosion reported near Boston Marathon finish line, CNN affiliate WCVB reports. http://t.co/vvz4S6DdCR",Related and informative,2013 Boston bombings,1,Informative
323922411126939648,RT @eNCAnews: US President Barack Obama: says police and emergency services responded heroically to this tragedy. #BostonMarathon,Related and informative,2013 Boston bombings,1,Informative
323922654413324288,2day was supposed to be an amazing day to celebrate the release of chloe instead we are bringing out the #teaminspire in us #PrayforBoston&lt;3,Related - but not informative,2013 Boston bombings,0,Not informative
323923690419003393,1stly:tragic events at the #bostonmarathon.The inspirational acts shown not only 2 run for charity but 2 keep running 2 give blood #heroic,Related and informative,2013 Boston bombings,1,Informative
323923845591486465,"RT @juankolopez36: Que triste lo de Boston, nose como hay gente que disfruta provocando atentados... #PrayForBoston",Not applicable,2013 Boston bombings,0,Not informative
323924034339348480,#prayforboston This has to be stopped. Sensless violence.,Related - but not informative,2013 Boston bombings,0,Not informative
323924063695290368,there are just no words for the images being leaked out of the victims of the bombings #lifealtering #prayforboston,Related - but not informative,2013 Boston bombings,0,Not informative
323924088852717570,RT @1DUpdatesOnline: #PrayForBoston http://t.co/J5PwZFlwg7,Related - but not informative,2013 Boston bombings,0,Not informative
323924269241356288,This breaks my heart !  #PrayForBoston http://t.co/DLYpypJFoU,Related - but not informative,2013 Boston bombings,0,Not informative
323924449596436483,Just found out about the tragedy in Boston. No words right now. #prayforboston,Related - but not informative,2013 Boston bombings,0,Not informative
323924462141583360,‘Multiple casualties’ after explosions at Boston Marathon finish line -  The blasts occurred a few seconds... http://t.co/NPI7KHrYDy  #Fox,Related and informative,2013 Boston bombings,1,Informative
323925330362507264,RT @Akon: #PrayforBoston http://t.co/uCSg0HQzQN,Related - but not informative,2013 Boston bombings,0,Not informative
323925686895140864,this is why im so scared to do anything ever anymore you just never know #prayforboston,Related - but not informative,2013 Boston bombings,0,Not informative
323926114701565954,RT @betseyross: Obama will address nation re Boston bombing. Rumor is he blames an anti-Islam video &amp; conservatives #tcot #ncpol #lnyhbt,Related and informative,2013 Boston bombings,1,Informative
323926148272779265,RT @_Snape_: The first responders who rushed in to help are truly incredible people. #Heroes #PrayForBoston,Related - but not informative,2013 Boston bombings,0,Not informative
323926752256737280,"RT @RobKardashian: My heart, love, and prayers go out to anyone affected by the sad events in Boston. #PrayForBoston",Related - but not informative,2013 Boston bombings,0,Not informative
323926781600088064,Our hearts go out to all those affected by the #Boston tragedy. @Google &amp; @RedCross tools: http://t.co/wtur54aVT0 http://t.co/TgK0uII55z,Related - but not informative,2013 Boston bombings,0,Not informative
323926823568306176,RT @LifeFacts: You go to watch a movie  You get shot  You run a marathon   You get bombed  I hate this world #prayforboston http://t.co/ ...,Related - but not informative,2013 Boston bombings,0,Not informative
323927138107535360,RT @AnneFoxyCoxy: Its a very sad state of affairs 😔 our thoughts are with you #prayforboston,Related - but not informative,2013 Boston bombings,0,Not informative
323927318483591169,RT @CardinalDolan: Join me in praying for those killed and injured in the Boston Marathon and JFK Library explosions.,Related - but not informative,2013 Boston bombings,0,Not informative
323927544976003072,RT @lala: Praying For Boston. #BostonMarathon My heart goes out to each &amp; every victim. This is senseless..,Related - but not informative,2013 Boston bombings,0,Not informative
323927599493545984,RT @JaiBrooks1: #prayforboston so horrible:(,Related - but not informative,2013 Boston bombings,0,Not informative
323927616295956480,"@Magicllamas_ During a marathon race, somebody put a bomb at,he finish line, killing two people and injuring MANY others.",Related and informative,2013 Boston bombings,1,Informative
323927721149353984,RT @TWDJesus: #PrayForBoston My heart goes out to those involved..,Related - but not informative,2013 Boston bombings,0,Not informative
323927830205444096,"Exterminio a todos esos malditos terroristas,que dejen vivir en paz,libertad y tranquilidad...malditos despojos humanos #prayforboston",Not applicable,2013 Boston bombings,0,Not informative
323928132170166272,"RT @Prayer_Healing: On a day when I am afraid, I will trust you, God -- Psalm 56:3 #PrayForBoston",Related - but not informative,2013 Boston bombings,0,Not informative
323928505450643458,Listening to @justinbieber's song pray help thru the pain of how I feel about the bomb in Boston&lt;3 #PrayForBoston&lt;3,Related - but not informative,2013 Boston bombings,0,Not informative
323928950051045377,"RT @EdSheerrann: I don't care who you are, it only takes 5 seconds to RT and possibly save a life. #prayforboston http://t.co/cN00wibuZQ",Related - but not informative,2013 Boston bombings,0,Not informative
323928992002478080,RT @iamrashidajones: Don't take people for granted. Show love and kindness today. #prayforboston,Related - but not informative,2013 Boston bombings,0,Not informative
323929377870061569,DisHEARtening to HEAR about the senseless bombing in Boston. #PrayforBoston #UnhardentheirHEARts #HEARmyprayer | http://t.co/XnsgqRiDib,Related - but not informative,2013 Boston bombings,0,Not informative
323929931514003456,"To think that just a few months ago, we were all hearing about Newtown.  And now this.  #toomany #prayforboston",Related - but not informative,2013 Boston bombings,0,Not informative
323929935746064384,RT @michaelhayes: Devastating photo of Boston Marathon runners being halted after explosion http://t.co/FgYsL3X10O,Related and informative,2013 Boston bombings,1,Informative
323929973457039360,“@Erinthemustache: #PrayForBoston”  #PrayForBoston  #PrayForBoston #PrayForBoston #PrayForBoston #PrayForBoston  #PrayForBoston,Related - but not informative,2013 Boston bombings,0,Not informative
323930191560839168,"#prayforboston i swear i don't understand how people can be so messed up, to think it's funny and cool to bomb a city as big as boston.",Related - but not informative,2013 Boston bombings,0,Not informative
323930808161280000,"RT @NBCNews: President Obama: 'We will find out who did this, and we will hold them accountable' http://t.co/IJT5hfpfzO #BostonMarathon",Related and informative,2013 Boston bombings,1,Informative
323930908803600384,Its Really sad how sick some people are in this world. #prayforboston,Related - but not informative,2013 Boston bombings,0,Not informative
323931114337079296,"Security beefed up worldwide after multiple Boston blasts: Police in Los Angeles, New York City, London and ot... http://t.co/7rzAa4meIr",Related and informative,2013 Boston bombings,1,Informative
323931319828627457,RT @Pau_DS: I'm so scared I mean I'm not from Boston but I'm scared :C Lets #prayforboston This image broke my heart poor people http:// ...,Related - but not informative,2013 Boston bombings,0,Not informative
323931496001970176,RT @cocktailouis: @NicolaPayne2788 please share this with everyone you don't have to mention me just tweet the picture #prayforboston ht ...,Related - but not informative,2013 Boston bombings,0,Not informative
323932397781528576,My prayers go to the #BostonMarathon victims 💗,Related - but not informative,2013 Boston bombings,0,Not informative
323932498436427776,So many people ecstatic as they finished the Marathon only moments before the horrible tragedy #bsu262 http://t.co/noIQj15ltn,Related - but not informative,2013 Boston bombings,0,Not informative
323932682994192384,RT @TinaBhatnagar: Its days like today that I feel really proud to work @twitter. Truly a lifeline during periods of tragedy. #prayforboston,Related - but not informative,2013 Boston bombings,0,Not informative
323932733321641984,RT @BillSimmons: Best way I can explain it: Marathon Monday is sacred in and around Boston. You spend it with friends and family. It's m ...,Related - but not informative,2013 Boston bombings,0,Not informative
323932745900363776,"110 lesionados y dos muertos?y los que faltan,¿acaso no tienen corazón o sentimientos?yo creo que no.  #PrayForBoston",Related - but not informative,2013 Boston bombings,0,Not informative
323932792062873601,#prayforboston Grosse pensée aux gens blessés,Not applicable,2013 Boston bombings,0,Not informative
323932833989160960,RT @BobbyDeSanzo: Boston marathon jokes really people.. 😐,Related and informative,2013 Boston bombings,1,Informative
323932859142373376,RT @masg66: My friend is in Boston is saying kids from Newton were given seats the last mile of the marathon. There's an 8 yr old boy th ...,Related and informative,2013 Boston bombings,1,Informative
323933043687563264,RT @NaY_BaY: #PrayForBoston 🙏🙏🙏,Related - but not informative,2013 Boston bombings,0,Not informative
323933190492397569,Pray for Boston #bostonmarathon #thoughtsbewiththevictims http://t.co/JFbwLvCYKK,Related - but not informative,2013 Boston bombings,0,Not informative
323933345685835776,RT @1drulesmylife: APRIL 15 WAS THE DAY LINCOLN WAS ASSASSINATED AND THE DAY THE TITANIC SANK AND NOW THIS TRAGEDY IN BOSTON THIS IS JUS ...,Related - but not informative,2013 Boston bombings,0,Not informative
323933584777940992,Just heard from my friend in Boston. She was running &amp; 3 miles from the explosion but ok. I'm shaking from the relief but also the tragedy.,Related - but not informative,2013 Boston bombings,0,Not informative
323933756719255552,Dozens of people seriously injured after two explosions at finish line of Boston Marathon,Related and informative,2013 Boston bombings,1,Informative
323935170229059584,RT @BornToRaceMovie: #prayforboston http://t.co/ARrac8wzgu,Related - but not informative,2013 Boston bombings,0,Not informative
323935199572402176,All I can do is pray. #prayforboston,Related - but not informative,2013 Boston bombings,0,Not informative
323935300235689985,RT @_Snape_: An 8-year-old is among the dead. We must find out who did this. #PrayForBoston,Related and informative,2013 Boston bombings,1,Informative
323935384134361088,RT @SarahJMBP: Prayers to everyone in Boston who were injured at the Boston marathon.☹,Related - but not informative,2013 Boston bombings,0,Not informative
323935539311022080,RT @NFL_Memes: #PrayForBoston http://t.co/rkWzzkg7Td,Related - but not informative,2013 Boston bombings,0,Not informative
323935556075667457,RT @BorisYu: @cnnbrk: WHDH: 8-year-old among the dead in #Boston Marathon terror attack. // so sad that this stuff happens in our world ...,Related and informative,2013 Boston bombings,1,Informative
323935627416588288,RT @paramore: All our prayers and love to everyone affected by the explosions in Boston today. Unbelievable :(,Related - but not informative,2013 Boston bombings,0,Not informative
323935711264907265,"P reliable “@BreakingNews: Update: Hospitals report at least 105 injured, at least 15 critically, in Boston explosions - @AP”",Related and informative,2013 Boston bombings,1,Informative
323935837098221571,RT @TimTebow: Wow... Praying for everyone effected by the explosions in Boston today.,Related - but not informative,2013 Boston bombings,0,Not informative
323935870673625088,RT @KaitlynGomez_: My prayers go out To Those In Boston.❤ 🙏 #PrayForBoston,Related - but not informative,2013 Boston bombings,0,Not informative
323936063599017984,"Ah lads, that footage from Boston bombing is horrifying...things like this help you have perspective on life...Im so sad, #ILoveBoston :(",Related - but not informative,2013 Boston bombings,0,Not informative
323936105537867776,McIntyre tweets he's OK after Boston marathon run http://t.co/VQqyVt6vfg,Related - but not informative,2013 Boston bombings,0,Not informative
323936348832690176,RT @NBCNews: Law enforcement official confirms that one of two people killed in today's explosions was eight years old. #BostonMarathon,Related and informative,2013 Boston bombings,1,Informative
323937313510023170,RT @spurs: Our thoughts go out to everyone affected by the attack in Boston this afternoon.,Related - but not informative,2013 Boston bombings,0,Not informative
323938127209197568,RT @cnnbrk: At least 110 people have been treated at area hospitals after the #Boston Marathon bombings; 2 are dead. http://t.co/gEG7mH3hhr,Related and informative,2013 Boston bombings,1,Informative
323938471150493696,RT @JaiBrooks1: #PrayforBoston http://t.co/mtabcBCPcf,Related - but not informative,2013 Boston bombings,0,Not informative
323938638901673984,RT @real_pasion: Joven consolando y ayudando a su novia. #PrayForBoston http://t.co/qOCocGvhpL,Not applicable,2013 Boston bombings,0,Not informative
323939674882179074,My timeline is full of celebrities around the world praying for Boston. Thank you all &lt;3 #PrayForBoston,Related - but not informative,2013 Boston bombings,0,Not informative
323939796550557696,“@RichMcD1234: My heart and prays go out to those affected by the explosion in Boston! I hope everyone is ok!”,Related - but not informative,2013 Boston bombings,0,Not informative
323939918176985089,"I close my eyes &amp; I can see a better day, I close my eyes &amp; pray❤ #prayforboston I don't want to live here anymore http://t.co/3yYtrUVRkv",Related - but not informative,2013 Boston bombings,0,Not informative
323940018827718657,People are sick 😔 #prayforboston,Related - but not informative,2013 Boston bombings,0,Not informative
323940090130866176,"RT @FillWerrell: He was running to support the kids from Sandy Hook, and now he will never run again. #PrayForBoston http://t.co/xEmpln25kt",Related - but not informative,2013 Boston bombings,0,Not informative
323940761211117568,RT @ChristinaNg27: A mom who was crossing the #BostonMarathon finish line as the first bomb went off told @DianeSawyer the scene was ho ...,Related and informative,2013 Boston bombings,1,Informative
323941419742027777,"RT @USArmy: RT @MattHood21: These two #USArmy soldiers didn't need to be told to help, after running a marathon. #PrayForBoston http://t ...",Related - but not informative,2013 Boston bombings,0,Not informative
323941595894403072,RT @A_Ducktrumpet: My heart and prayers go out to everyone affected by the Boston Marathon explosions 🙏,Related - but not informative,2013 Boston bombings,0,Not informative
323942778692325376,DON'T SCROLL RT!  #prayforboston http://t.co/OGdPDsGn1C,Related - but not informative,2013 Boston bombings,0,Not informative
323942820635373568,"RT @nycjim: This is the most vivid, chaotic and frightening video so far of the Boston explosion, as it happened.  http://t.co/G1TuiIR6te",Related and informative,2013 Boston bombings,1,Informative
323943021961949185,RT @TechCrunch: Boston Marathon Explosion Reportedly Injures Dozens․ Live Updates http://t.co/D0k8Cl9rIg by @ferenstein,Related and informative,2013 Boston bombings,1,Informative
323945005876146176,Don't know anything if you weren't the one planting the bombs my God. #prayforboston,Related - but not informative,2013 Boston bombings,0,Not informative
323945198805733376,RT @ashleytisdale: So terrible &amp; scary to see such violence. Keeping everyone in #Boston in my thoughts today #prayforboston,Related - but not informative,2013 Boston bombings,0,Not informative
323945307861827584,#prayforboston #prayforboston #prayforboston #prayforboston,Related - but not informative,2013 Boston bombings,0,Not informative
323945341391097856,Our thoughts and prayers are with those affected by the explosions at the #bostonmarathon,Related - but not informative,2013 Boston bombings,0,Not informative
323945744061038592,RT @lefty_1998: 2 people plus a 8 year old boy passed away today at the Boston marathon and 132 people injured #PrayForBoston,Related and informative,2013 Boston bombings,1,Informative
323945848901869568,RT @weyhey_ziall: the world we live in disgusts me #prayforboston http://t.co/hJs1TCQxft,Related - but not informative,2013 Boston bombings,0,Not informative
323947480490311680,RT @anniejclark: So unbelievably sad to hear about what happened in Boston. Praying for all those affected by this horrible tragedy. #Pr ...,Related - but not informative,2013 Boston bombings,0,Not informative
323947614699651072,"RT @sarahTW_TM: GUYS STOP SCROLLING DO NOT IGNORE THIS, NEWS CENTRES AND POLICE EVERYWHERE NEED TO SEE THIS!!!!!! #prayforboston http:// ...",Related - but not informative,2013 Boston bombings,0,Not informative
323948159963373568,RT @mealburez: The fact that Muslim was trending right along side Boston Marathon is really sad. #PrayForBoston,Related - but not informative,2013 Boston bombings,0,Not informative
323949581861806081,RT @kylieminogue: Sending love #PrayForBoston,Related - but not informative,2013 Boston bombings,0,Not informative
323950160646373376,RT @prayforbst: endless retweets #PrayForBoston http://t.co/zTLRuoXIKv,Related - but not informative,2013 Boston bombings,0,Not informative
323953537090465794,RT @SofiaDecio: I'm absolutely shocked watching the news about the tragedy in Boston. My heart goes out to victims or this horrid event. ...,Related - but not informative,2013 Boston bombings,0,Not informative
323953608372649984,"RT @RobertoLuongo_1: R.I.P to those who died in Boston! For every RT this gets, we will donate $2 to the city and victims. #prayforboston",Related - but not informative,2013 Boston bombings,0,Not informative
323953646125608960,RT @CoachKWisdom: All prayers go to victims and families of the people affected by the tragedy. #prayforboston,Related - but not informative,2013 Boston bombings,0,Not informative
323956003332816898,RT @JamesWright__: HE WAS WAITING AT THE FINISH LINE TO PROPOSE TO HER I'M CRYING THIS IS SO HEART BREAKING. #PRAYFORBOSTON http://t.co/ ...,Related - but not informative,2013 Boston bombings,0,Not informative
323956951224569856,"RT @HopeForBoston: R.I.P. to the 8 year-old girl who died in Boston's explosions, while running for the Sandy Hook kids. #prayforboston  ...",Related - but not informative,2013 Boston bombings,0,Not informative
323957605548564483,Glad my friends are all safe in that event. #prayforboston,Related - but not informative,2013 Boston bombings,0,Not informative
323959115506388993,RT @scooterbraun: Incredibly saddened by the news in Boston. My prayers go out to all those families suffering in this tragedy.,Related - but not informative,2013 Boston bombings,0,Not informative
323959501373976578,On Day 2 of my UNHappy Feet... :( ...with sympathy for #BostonMarathon tradegy.,Related - but not informative,2013 Boston bombings,0,Not informative
323961120366948356,RT @T_swaggga: In tears .This made me realize that you never know when your life will be taken away .Rest in peace 😔 #prayforboston http ...,Related - but not informative,2013 Boston bombings,0,Not informative
323961636283092995,RT @KoolSloth: R.I.P to this beautiful little girl. You’re with the angels now. #prayforboston http://t.co/IU27D2r2i7,Related - but not informative,2013 Boston bombings,0,Not informative
323961820845060096,RT @nbcnightlynews: Just in: Boston University student among those critically injured in marathon explosion,Related and informative,2013 Boston bombings,1,Informative
323962168963903488,RT @Footballtweets3: I literally would beat the shit out of whoever did the bombings. 😡 #PrayforBoston,Related - but not informative,2013 Boston bombings,0,Not informative
323962265403547648,RT @Kaylaboos13: What happened in Boston is devastating. #PrayForBoston,Related - but not informative,2013 Boston bombings,0,Not informative
323963301430194176,“@miilkkk: show support for everyone affected by the tragic events today in Boston http://t.co/Uh9vhGFYBT” so crazy..,Related and informative,2013 Boston bombings,1,Informative
323964643603275776,"#prayforboston such a sad thing again, one more person dead, why?",Related - but not informative,2013 Boston bombings,0,Not informative
323964727476772864,"3 killed, 40 injured in Boston blasts http://t.co/FzQanaX4b0",Related and informative,2013 Boston bombings,1,Informative
323966140953022464,RT @NFL_Stats: New Update on Boston Marathon Explosion: At Least 3 dead and 130 injured. #prayforboston,Related and informative,2013 Boston bombings,1,Informative
323967638315364352,Lost all faith in humanity...#prayforboston,Related - but not informative,2013 Boston bombings,0,Not informative
323968640783380480,RT @bostonevolution: RT @liamwcvb: Mass General on lockdown. Suspicious device found in parking garage #WCVB #Boston #bostonmarathon #ma ...,Related and informative,2013 Boston bombings,1,Informative
323968963736399872,RT @RedCross: Thanks to generosity of volunteer blood donors there is currently enough blood on the shelves to meet demand. #BostonMarathon,Related - but not informative,2013 Boston bombings,0,Not informative
323969668379463680,"RT @D_hagen: R.I.P. to the 8 year-old girl who died in Boston's explosion, while running for the Sandy Hook kids. #prayforboston http:// ...",Related and informative,2013 Boston bombings,1,Informative
323970259763740672,Heart goes out to the people who were injured and killed during the Boston Marathon &lt;&lt; #unbelievable,Related - but not informative,2013 Boston bombings,0,Not informative
323971094434426880,"Please, please MT  ‏@ginadee1h You may not want to #prayforBoston, but on social media, isn't it a good idea to at least #pause for Boston?",Related - but not informative,2013 Boston bombings,0,Not informative
323971941700616192,"RT @dailybeasttv: 'This is what the Nazis did,' says Bill O'Reilly about #BostonMarathon attack. WATCH: http://t.co/vEQNaBQ2Vm",Related and informative,2013 Boston bombings,1,Informative
323972273042231297,"RT @Moreno: R.I.P. to the 8 year-old girl who died in Boston's explosions, while running for the Sandy Hook kids #PrayForBoston http://t ...",Related - but not informative,2013 Boston bombings,0,Not informative
323973015408885761,People are still inherently good in this world. Don't let the actions of a few taint your view on the world. #prayforboston,Related - but not informative,2013 Boston bombings,0,Not informative
323973124481748994,"@RandyMeierFox9: How do we, as a country, stop the madness that was demonstrated at the Boston Marathon today? I wonder this all the time.",Related - but not informative,2013 Boston bombings,0,Not informative
323973485183516672,If you look@ videos from right after the explosions in Boston today you'll see some of those helpers in action http://t.co/aJPuuSeX9q,Related and informative,2013 Boston bombings,1,Informative
323974798009049088,RT @TraxFMJKT: is sending all the prayers to all the victims of bomb tragedy at Boston Marathon #RIP :(,Related - but not informative,2013 Boston bombings,0,Not informative
323975192273620992,"RT @SchafferBerg: R.I.P. to the 8 year-old girl who died in Boston's explosions, while running for the Sandy Hook kids.#prayforboston ht ...",Related and informative,2013 Boston bombings,1,Informative
323975401997213698,RT @GhettoChiIdren: My TL right now  PrayForBoston 🙏  BostonMarathon 🏃👣👣  Korea 👲💂  And some bitch talking about she lonely,Related - but not informative,2013 Boston bombings,0,Not informative
323977440399613952,“@SpencerKlimek: I really wanna know who is behind this Boston Marathon bombing” who ever it is I hope they rot in 💥🔥🔥👇,Related - but not informative,2013 Boston bombings,0,Not informative
323978186989899777,"RT @JoshScobee10: Terrorists are cowards, plain and simple. Enjoy burning in hell for eternity. So sad. #prayforboston",Related - but not informative,2013 Boston bombings,0,Not informative
323980560957579264,"RT @LoveForBoston: R.I.P. to the 8 year-old girl who died in Boston's explosions, while running for the Sandy Hook kids. #prayforboston  ...",Related - but not informative,2013 Boston bombings,0,Not informative
323980577739001856,RT @thewanted: Our hearts go out to all those who are affected by this senseless tragedy #prayforboston,Related - but not informative,2013 Boston bombings,0,Not informative
323981240443224065,"RT @llama_ajol: #prayforboston stay strong, stay strong.",Related - but not informative,2013 Boston bombings,0,Not informative
323983199199981568,RT @ItsMelanieAmaro: Please everyone #prayforboston my heart goes out to all the injured and to the family and friends of those who pass ...,Related - but not informative,2013 Boston bombings,0,Not informative
323983601836376066,"An end to a very terrible day, could care less about the habs losing tho, my mind is on the poor victims in Boston #PRAYFORBOSTON",Related - but not informative,2013 Boston bombings,0,Not informative
323985145344425985,"Bomb blast in Boston, America. At least 3 dead, 141 injured in twin Boston Marathon blasts. http://t.co/V79al0nosS",Related and informative,2013 Boston bombings,1,Informative
323985149551325184,So many people have had their hearts &amp; bodies broken at this event that should be a celebration of human endurance and will #prayforboston,Related - but not informative,2013 Boston bombings,0,Not informative
323985178886291456,@chrislhayes thanks for asking the most intelligent questions about boston marathon bombings all day #boston #realjournalism #monthrufri,Related - but not informative,2013 Boston bombings,0,Not informative
323985594143367168,RT @celtics: The Celtics honor those affected by the tragic events that took place today in Boston http://t.co/WwdcIa6ivi,Related and informative,2013 Boston bombings,1,Informative
323987531915984897,"RT @joshuagates: An open letter to those responsible for today's bombings at the Boston Marathon: Like everyone else, I feel (cont) http ...",Related - but not informative,2013 Boston bombings,0,Not informative
323988353974411264,RT @iPrayForBoston: Facebook page about the boston explosions before the boston explosions happened #BostonMarathon #PrayForBoston http: ...,Related and informative,2013 Boston bombings,1,Informative
323988769231482881,Thoughts and prayers #BostonMarathon,Related - but not informative,2013 Boston bombings,0,Not informative
323990266585440256,RT @ItsSiRobertson: Today is been a tough day...  Stay tough 'Merica! #PrayForBoston,Related - but not informative,2013 Boston bombings,0,Not informative
323991780745965568,RT @FoxNews: Boston police: At least 3 people killed in Boston Marathon bombing http://t.co/duV2IiwMRz #BostonMarathon,Related and informative,2013 Boston bombings,1,Informative
323992212742496256,"RT @Deadspin: VIDEO: interview with Bill Iffrig, the 78-year-old man in orange knocked down by the blast at the Boston Marathon: http:// ...",Related and informative,2013 Boston bombings,1,Informative
323994670613012480,"RT @RealDopePostss_: The Boston bombing makes me so mad, whoever did it...I hope y'all rot in hell",Related - but not informative,2013 Boston bombings,0,Not informative
323997552099876864,RT @Niallatemytaco: Zayns a terrorist. Zayn bombed Boston. Zayn doesn't care about other people. http://t.co/T1K38gnqGT,Related - but not informative,2013 Boston bombings,0,Not informative
323999200482320384,Video: Detik-detik Ledakan Bom di \'Boston Marathon\' http://t.co/A53LeNTuRy,Not applicable,2013 Boston bombings,0,Not informative
323999783457017856,RT @miilkkk: show support for everyone affected by the tragic events today in Boston http://t.co/nET4rOreJw,Related - but not informative,2013 Boston bombings,0,Not informative
324001134052274176,"#PrayForBoston — Sí, también #PrayForGaza #PrayForAfrica #PrayForSiria #PrayForMexico! Y me quedo corta con la l... http://t.co/KIOwtDmFtF",Not applicable,2013 Boston bombings,0,Not informative
324002354590519296,RT @Sebelius: Plz RT: Call 1-800-985-5990 or text TalkWithUs to 66746 24/7 for immediate crisis counseling during #Boston tragedy. http: ...,Related and informative,2013 Boston bombings,1,Informative
324003025674960898,I am honestly sick who could be so disgusting to do this to someone? We will get answers and find you #prayforboston,Related - but not informative,2013 Boston bombings,0,Not informative
324006263673458688,RT @msnNOW: Patton Oswalt reminds us of humanity's good side after Boston bombing http://t.co/BjtklYDKXT,Related - but not informative,2013 Boston bombings,0,Not informative
324006355956531200,"“@HopeForBoston: R.I.P. to the 8 year-old girl who died in Boston's explosions, while running for the Sandy Hook kids. #prayforboston 😪",Related and informative,2013 Boston bombings,1,Informative
324008067211608064,RT @soutik: #Boston blasts ~ Twitter ravings and conspiracy theories begin http://t.co/KR1qVxQrQv BostonMarathon #terrorism,Related - but not informative,2013 Boston bombings,0,Not informative
324011993096921088,RT @Soy_Brent: #prayforboston http://t.co/GWWUeFi65U,Related - but not informative,2013 Boston bombings,0,Not informative
324012144070914049,#PrayForBoston :( http://t.co/vFHSDCBdpe,Related - but not informative,2013 Boston bombings,0,Not informative
324014492885327873,"@chrismurphys In the chaos if it all, a cop with his weapon drawn advances towards the blast area before turning and running #BostonMarathon",Related and informative,2013 Boston bombings,1,Informative
324015960912719872,“@AngeloGuligado: “@ANCALERTS: Please beware of this fake Boston Marathon tweet 2/2:  http://t.co/H7QKY26pmb”” #bostonmarathon,Not related,2013 Boston bombings,0,Not informative
324016153859088384,RT @EbenOfficial: Continue to keep the people and their families involved in the Boston bombing in your prayers and thoughts #PrayForBoston,Related - but not informative,2013 Boston bombings,0,Not informative
324017340826144769,RT @JackLindstrom94: People can chill about Boston Marathon. More people have got injured from Justin bieber smoking pot so cool that shit.,Related - but not informative,2013 Boston bombings,0,Not informative
324022776639930368,Super tired and going to bed!! Night everyone!! #BostonMarathon #heartbroken #PrayForBoston,Related - but not informative,2013 Boston bombings,0,Not informative
324024886366445568,Photoset: usatodaysports: Examples of overwhelming kindness following the Boston Marathon explosions. http://t.co/a78PlMlDcZ,Related and informative,2013 Boston bombings,1,Informative
324029118419189760,"RT @BobbyLeeGarza1: RIP to the 8 yr. old girl who died in the #BostonMarathon explosions, while running for Sandy Hook. #PrayForBoston h ...",Related and informative,2013 Boston bombings,1,Informative
324030670328451072,@CraigyFerg loving your show for the Boston marathon atrocities. I don't like any other late show. Mostly because you are honest. Awesome,Related - but not informative,2013 Boston bombings,0,Not informative
324032478090244096,"RT @Ch3ls3aT: R.I.P. to the 8 year-old girl who died in Boston's explosions, running for the Sandy Hook kids. http://t.co/k7f41txh30” br ...",Related - but not informative,2013 Boston bombings,0,Not informative
324033220482068480,RT @davie_ferguson: We live in a sick world #prayforboston,Related - but not informative,2013 Boston bombings,0,Not informative
324033522438377472,RT @LiifeSentencess: #prayforboston ! http://t.co/3OWaZ6bohP,Related - but not informative,2013 Boston bombings,0,Not informative
324035342766321664,"3 killed, more than 100 injured in #BostonMarathon blast http://t.co/XkwL2wa8yy via @BostonDotCom",Related and informative,2013 Boston bombings,1,Informative
324035535716880384,Saddened by the bombs that exploded in the crowded streets near the finish line of the Boston Marathon yesterday; Love to all those affected,Related - but not informative,2013 Boston bombings,0,Not informative
324041357402443776,RT @MiszAliyaDattu: Bombing in Iraq &amp; Boston today? What is going on?!,Related - but not informative,2013 Boston bombings,0,Not informative
324050916221259778,RT @NiamsNinja: I'm sorry for him. I feel his hurt. #prayforboston http://t.co/5HmdNpuj4o,Related - but not informative,2013 Boston bombings,0,Not informative
324052174512459776,"RT @xcanadjanboy: #prayforboston un bambino di 8 anni aspettava il padre al traguardo,a braccia aperte. non sa ancora che il padre non t ...",Related and informative,2013 Boston bombings,1,Informative
324052682048421890,"Photo: copsandrobert: weird-happenings: Two days ago, a page was created on Facebook for the Boston Marathon... http://t.co/omuJJ5cTbc",Related - but not informative,2013 Boston bombings,0,Not informative
324054137450926080,RT @prayforbst: They're all happy running for finish line but suddenly someone ruined the marathon. #prayforboston http://t.co/uL2KSS16PV,Related - but not informative,2013 Boston bombings,0,Not informative
324055051825979392,"RT @DailyMailUS: At least 17 injured in Boston bombing are in critical condition, some not expected to survive the night http://t.co/yt9 ...",Related and informative,2013 Boston bombings,1,Informative
324057765511315456,"POLICE NEEDS TO SEE THIS,IM SERIOUS. #prayforboston http://t.co/FwMcDbRcVj",Related - but not informative,2013 Boston bombings,0,Not informative
324058965115822081,Què triste y horrible lo ocurrido en Boston! Estoy con Todos de esos areas. #PrayForBoston,Related - but not informative,2013 Boston bombings,0,Not informative
324061297119465472,RT @BieberGuitar: #PrayForBoston x,Related - but not informative,2013 Boston bombings,0,Not informative
324072244278083585,Explosions at the Boston Marathon: http://t.co/4MGa4xftJD на @YouTube,Related and informative,2013 Boston bombings,1,Informative
324076254032703488,"RT @Keegxn: C'est la fille de 8 ans qu'est morte à Boston ce soir, j'ai pas de mot. #PrayForBoston http://t.co/EuUDv7xjoK",Not applicable,2013 Boston bombings,0,Not informative
324078988702146560,With Big Support from my heart #BostonMarathon !!! Only #Peace,Related - but not informative,2013 Boston bombings,0,Not informative
324079735279869952,"RT @llama_ajol: The world is a dark place, lets be the light #prayforboston",Related - but not informative,2013 Boston bombings,0,Not informative
324088954368446464,RT @blindevei: Forferdelig. #prayforboston http://t.co/PKATwq948Q,Related - but not informative,2013 Boston bombings,0,Not informative
324091047326126080,"RT @HafizSam: Terrorists do bombings, not Muslims. Open your eyes America. Don't be an idiot. Know the facts first. #PrayForBoston. http ...",Related - but not informative,2013 Boston bombings,0,Not informative
324094004323024898,RT @steveaoki: sending love to everyone in boston... this is a horrible tragedy but amazing to hear how many people came out helping eac ...,Related - but not informative,2013 Boston bombings,0,Not informative
324095958864502784,Why are there people on this world who wants to hurt other people? I don't get it why do you want to make people sad and cry? #prayforboston,Related - but not informative,2013 Boston bombings,0,Not informative
324101763772870657,"RT @StrifyLoveless: #prayforboston  боже , каким же чудовищем надо быть чтобы совершить такое  просматриваю фото и у меня просто шок :с",Related - but not informative,2013 Boston bombings,0,Not informative
324105169551912960,RT @magnodetri: Not just boston had bombs today. Iraq did too. #prayforboston #prayforiraq http://t.co/yQdcn6kLuO,Related - but not informative,2013 Boston bombings,0,Not informative
324105719001534465,RT @garrettgee: Creeepy pic from the Boston Marathon. Bomber?? http://t.co/IRfQWGHZ4K,Related - but not informative,2013 Boston bombings,0,Not informative
324107807760723968,RT @luv1Dglee: #prayforboston ボストンの方々にとどきますように。 http://t.co/2s6vr4Gb5K,Not applicable,2013 Boston bombings,0,Not informative
324111284847144960,"RT @afowler06: R.I.P. to the 8 yr old boy who died in Boston's explosions, while running for the Sandy Hook kids. #PrayForBoston http:// ...",Related - but not informative,2013 Boston bombings,0,Not informative
324112132117512192,RT @team_world: #prayforboston non ci sono parole.,Related - but not informative,2013 Boston bombings,0,Not informative
324115873398927362,RT @LeRon__James: @neggerQ: Est-ce Brody ou Abu Nazie qui a frappé ?? Ce monde est fou on se croirait dans un film.. #prayforboston lo ...,Not applicable,2013 Boston bombings,0,Not informative
324115969880510464,"RT @DrHalina: Boston kena bomb, 2 org mati.. macam nak kiamat masuk berita. Iraq kena bomb dah 30 orang mati.. Ada orang peduli? Aper la ...",Not applicable,2013 Boston bombings,0,Not informative
324128770908905473,RT @GabrielMacht: Sending love to the victims and their families/friends that were affected by the explosion at the Boston Marathon. Ble ...,Related - but not informative,2013 Boston bombings,0,Not informative
324134936527380480,Joe Andruzzi helps Boston Marathon bombing victims - NFL News http://t.co/aIzsoxlWAI #sports,Related and informative,2013 Boston bombings,1,Informative
324138099040980992,"RT @YourAnonNews: #BostonMarathon Update: 8 children injured, including a two-year-old boy in ICU with head injuries. 10 people have had ...",Related and informative,2013 Boston bombings,1,Informative
324138187100397568,"RT @TheRock: Strength &amp; prayers to those in Boston impacted by the cowardly attack. People of Boston are proud, tough &amp; resilien ...",Related - but not informative,2013 Boston bombings,0,Not informative
324138401014095872,"An explosion in Boston and Iraq, an earthquake in Iran, the crisis in Syria, the crisis in Palestine.... Wtf is happening to the world?",Related - but not informative,2013 Boston bombings,0,Not informative
324141173444849665,RT @sinchaasunshine: #PrayForBoston http://t.co/TWQLS7K29t,Related - but not informative,2013 Boston bombings,0,Not informative
324141181846028289,RT @nextodrew: è morto un bimbo di 8 anni mentre aspettava di abbracciare suo padre al traguardo. #PrayForBoston,Not applicable,2013 Boston bombings,0,Not informative
324141634818293760,RT @EmmittSmith22: Sending love and prayers to those affected by today's tragedy in Boston...just terrible,Related - but not informative,2013 Boston bombings,0,Not informative
324141878113099776,"#VMGuru:  Sports: LeBron, Kobe, RG3, Mayweather &amp; Many More React To Marathon Tragedy in… http://t.co/o05IP5aES4",Related - but not informative,2013 Boston bombings,0,Not informative
324142373015781377,RT @EsmeraldaKiczek: The Lord is close to the brokenhearted and saves those who are crushed in spirit. ~Psalm 34:18 #PrayforBoston,Related - but not informative,2013 Boston bombings,0,Not informative
324143761342988288,RT @nprnews: Boston Marathon Explosions: Latest Developments http://t.co/J9lEyrIhjX,Related and informative,2013 Boston bombings,1,Informative
324144176570724352,RT @MAlGhosoon: We are as muslims against what happened in Boston  This a photo from our Holy Book #prayforboston #BostonMarathon http:/ ...,Related - but not informative,2013 Boston bombings,0,Not informative
324144453390594049,RT @Jaredthecarrot: She lost her life in the Boston marathon . #rip . #rt . #respect . :') 8 years old girl :') . http://t.co/4v5eiCgrY2,Related - but not informative,2013 Boston bombings,0,Not informative
324144587637678081,From South Africa stay strong Boston Lots of Love and Support #prayforboston #southafrica,Related - but not informative,2013 Boston bombings,0,Not informative
324147586548248577,"RT @3PennyMovies “@HuffPostCanada: 'We hurt together, we help each other together' #BostonMarathon #bostonstrong”",Related - but not informative,2013 Boston bombings,0,Not informative
324148022760071168,#PrayForBoston Я в шоке!,Related - but not informative,2013 Boston bombings,0,Not informative
324149574648344576,RT @HaiMagazine: Fall Out Boy Sumbang Hasil Konser untuk Korban Boston Marathon. Salut! #prayforboston http://t.co/17YLva1gbw,Not applicable,2013 Boston bombings,0,Not informative
324153877991653379,RT @BuzzFeed: Boston Marathon tragedy met with unbelievable acts of kindness http://t.co/TD7ivgKCer http://t.co/eU2uhFtq23,Related and informative,2013 Boston bombings,1,Informative
324155304055037954,RT @centrepointuk: London Marathon runners are urged to cross the line on Sunday with their #handsoverhearts in tribute to the Boston bo ...,Related - but not informative,2013 Boston bombings,0,Not informative
324156826595766272,Menino: Boston will overcome.  #BostonMarathon #bostonstrong,Related - but not informative,2013 Boston bombings,0,Not informative
324157313151819776,"Boston Bomb Update: FBI Special Agent Mission is clear, to bring to justice those responsible for the marathon bombing. No known...",Related and informative,2013 Boston bombings,1,Informative
324166335091318786,Boston marathon: Arsenal v Everton minute's silence http://t.co/1AsBxR9pUy #arsenor #afc #arsenal,Not related,2013 Boston bombings,0,Not informative
324166557368471553,"RT @BostonMarathons: For each RT this gets, $1 will be donated to the victims of the Boston Marathon Explosions. #DonateToBoston",Related and informative,2013 Boston bombings,1,Informative
324167417217564674,RT @RottenAppleTV: *A SENSELESS ACT OF VIOLENCE* THE BOSTON MARATHON EXPLOSION! [RAW VIDEO FOOTAGE OF EXPLOSION]... http://t.co/jsMPQ5SnPa,Related and informative,2013 Boston bombings,1,Informative
324170869150720000,RT @blackpumahat: Most inspiring thing  - News stations reporting racers from #bostonmarathon running from finish line to nearby hospita ...,Related - but not informative,2013 Boston bombings,0,Not informative
324171716383371264,RT @DannyAmendola: I will DONATE $100 for EVERY pass I catch next season to whatever Boston Marathon Relief Fund there is. And $200 fo ...,Related and informative,2013 Boston bombings,1,Informative
324174069371121665,RT @WeAreBruinsFans: Thank you Chicago. One of the most classiest things I've seen in a while.  #PrayForBoston http://t.co/2ZeLK2Sja5,Related - but not informative,2013 Boston bombings,0,Not informative
324175336059314176,RT @dpshow: Dan's Opening Monologue on Boston Tragedy http://t.co/EeaGt06ULa,Related - but not informative,2013 Boston bombings,0,Not informative
324180562166304769,RT @ryanpbroderick: People Are Currently Auctioning Off Their Boston Marathon Finishers Medals On eBay http://t.co/hGSDllrrgE via @buzzf ...,Related - but not informative,2013 Boston bombings,0,Not informative
324182755770523650,RT @kidrauhlavons: ashamed to be part of this world when inhumane things like this happen #PrayForBoston,Related - but not informative,2013 Boston bombings,0,Not informative
324183624008220674,The Boston Bombing Produces Familiar and Revealing Reactions:                       Glenn Gre... http://t.co/9t6AbasJuH,Related - but not informative,2013 Boston bombings,0,Not informative
324183707898478593,"RT @biggangVH1: Everyone pray for people in Boston. This was a tragic event that no one deserves, I'm praying for all of you http://t.co ...",Related - but not informative,2013 Boston bombings,0,Not informative
324188384526471172,RT @rtlinfo: Explosions à Boston: la famille de Bill le marathonien décimée http://t.co/IONYRKVwXo,Not applicable,2013 Boston bombings,0,Not informative
324190376829284352,"We feel sorrow and anger for what happened in Boston, but people killed in dozens in Syria  daily  #bostonmarathon  #Sryia #BostonExplosion",Related - but not informative,2013 Boston bombings,0,Not informative
324193707119222784,"En mi Tweeted Times: Google Person Finder:      Boston Marathon Explosions http://t.co/PNc8Knc31D, see more http://t.co/xpO9o2PrC3",Related - but not informative,2013 Boston bombings,0,Not informative
324194076213788675,Tragedy in #Boston: How to help  #ImpactYourWorld http://t.co/wXi0uRXJuN @CNN #BostonHelp,Related - but not informative,2013 Boston bombings,0,Not informative
324203031040258048,RT @JoshDevineDrums: Just heard the news about Boston :( :(sad sad times #prayforboston,Related - but not informative,2013 Boston bombings,0,Not informative
324203626652389376,RT @JohnBeattieNESN: We will walk to show that we decide when our marathon ends. #BCEagles #Boston http://t.co/jVA0YNg3tH,Not related,2013 Boston bombings,0,Not informative
324204163519086593,These post comparing foreign country's to Boston's bombing,Related - but not informative,2013 Boston bombings,0,Not informative
324206973715349504,"RT @fenvirantiviral: Doctors: bombs contained pellets, shrapnel and nails that hit victims #BostonMarathon @NBC6",Related and informative,2013 Boston bombings,1,Informative
324212908647137280,I asked my dad how hes doing when I woke up this morning and his exact words were physically great but emotionally not good #prayforboston,Related - but not informative,2013 Boston bombings,0,Not informative
324215840461438976,RT @parkrun: parkrun worldwide are saddened by the recent events at the Boston Marathon. Any act of terrorism and the affect... http://t ...,Related - but not informative,2013 Boston bombings,0,Not informative
324216666726744064,RT @DANILOMONTERO_: Marathon Carnage: Explosions in Boston http://t.co/rpHoyaLyzD via @TIME,Related and informative,2013 Boston bombings,1,Informative
324223121777389570,"Huntsville runner: Homeland Security asking Boston Marathon participants for photos, videos: Dink Taylor said ... http://t.co/W6KIsLGchw",Related and informative,2013 Boston bombings,1,Informative
324224287806472192,Lets burn the whole Middle East enough already...wtf happened to peace an love for fcks sack#BostonMarathon,Related - but not informative,2013 Boston bombings,0,Not informative
324226208780918784,#PrayforBoston http://t.co/AhMAyXgf2Q,Related - but not informative,2013 Boston bombings,0,Not informative
324227253158432769,Andy Scott posted a story: Incredible: Joe Andruzzi Displays Heroic Act Of Kindness After Boston Marathon Expl... http://t.co/4HtyDV00Ll,Related and informative,2013 Boston bombings,1,Informative
324227437699403776,RT @Sachez_Le_: Cette petite fille de 8 ans est morte dans les explosions de Boston pendant  qu'elle courait pour la course enfant.. htt ...,Not applicable,2013 Boston bombings,0,Not informative
324232659633065984,RT @Never4getBoston: For every retweet we receive we will donate $1.00 to the #BostonMarathon victims #PrayForBoston,Related - but not informative,2013 Boston bombings,0,Not informative
324235918598877185,"RT @BostonGlobe: Unfortunately, Monday's marathon bombing was hardly the first attack on a sporting event: http://t.co/pb53KoKDd8",Related and informative,2013 Boston bombings,1,Informative
324240846885101568,"RT @1DAussieUpdates: They closed 1DWorld in Boston because of the bomb, for safety reasons via @REPLAYLOUDER",Related and informative,2013 Boston bombings,1,Informative
324248195305717760,"RT @BarbaraNorro: Actions speak louder than words but if you act, act righteous. #prayforboston",Related - but not informative,2013 Boston bombings,0,Not informative
324249482957033472,- #PrayForBoston 😔👼🙏,Related - but not informative,2013 Boston bombings,0,Not informative
324258601403314176,RT @cnnbrk: Injuries in #Boston Marathon terror attack now at 183; 23 critical; at least 9 of the injured are children. http://t.co/9YZV ...,Related and informative,2013 Boston bombings,1,Informative
324264146277396481,"Teridentifikasi, Korban Tewas Kedua di Boston Marathon: Korban tewas kedua, dari tiga korban tewas Boston Mara... http://t.co/HShndHrEWk",Not applicable,2013 Boston bombings,0,Not informative
324269531759513602,RT @LeeEvans_Comedy: For every retweet I will donate £2 to the Boston marathon tragedy! R.I.P!,Related - but not informative,2013 Boston bombings,0,Not informative
324271867965870080,RT @kerryngerety: In just 20 hours BOS tech community has raised over $70K for #BostonMarathon victims. Let's hit $100K! http://t.co/eBW ...,Related and informative,2013 Boston bombings,1,Informative
324273663119605760,RT @Deadspin: Here's a nice thing that one couple did after the marathon bombing: http://t.co/Q9wjfmxRgf,Related and informative,2013 Boston bombings,1,Informative
324275282137718785,"Obama to travel to Boston on Thursday, attend interfaith service for marathon bombing victims http://t.co/UKySmyqp97 via @washingtonpost",Related and informative,2013 Boston bombings,1,Informative
324277928743550977,Boston Marathon bombs: parents of victim Krystle Campbell 'thought she had ... - http://t.co/ubMWYN3aDc http://t.co/zDXCZyJo7O #News,Related and informative,2013 Boston bombings,1,Informative
324286933901668352,RT @billneelyitv: Remember bomb at Atlanta Olympics 1996- home grown terrorists. Be cautious about pinning #Boston explosion on Al Qaeda ...,Related and informative,2013 Boston bombings,1,Informative
324287344960208896,RT @carryonswag: #prayforboston http://t.co/h43pa361QK,Related - but not informative,2013 Boston bombings,0,Not informative
324291132425129984,RT @JoshuaChavers: RT @JoshHarkinson 15 US soldiers did the Boston Marathon wearing 40-pound packs. Then they helped save lives. http:// ...,Related - but not informative,2013 Boston bombings,0,Not informative
324292759798304768,RT @PPAdvocacyMA: You can donate directly to those most affected by Monday's tragedy: http://t.co/UnEPxQcMCP #oneboston #bostonmarathon,Related and informative,2013 Boston bombings,1,Informative
324297931396104192,"I just met someone who's family was in the Boston marathon. Sent chills down my spine. Nobody was hurt, still incredible",Not related,2013 Boston bombings,0,Not informative
324299420336287744,"@brainjunk @Yearofthedragon The Boston bombing delayed things, I don't want it lost in the shuffle. All edited and came across well...",Related - but not informative,2013 Boston bombings,0,Not informative
324323713778585602,RT @AllyBrooke: #prayforboston I am so so sorry for this tragedy.... :(,Related - but not informative,2013 Boston bombings,0,Not informative
324324204503777280,RT @Remroum: Saudi man injured in bombing in Boston. Saudi man called a terrorist suspect. Saudi man found to be a witness. #MediaFail,Related - but not informative,2013 Boston bombings,0,Not informative
324326008054505472,RT @AsdfghjklRey: Boston bombing was illuminati.,Related - but not informative,2013 Boston bombings,0,Not informative
324333457134194688,RT @BotoxAnnRomney: The reign of Queen #AnnRomney of #Botox -Her True Story -HALARIOUS !  #AfricanAmericans #bostonmarathon http://t.co/ ...,Not related,2013 Boston bombings,0,Not informative
324337903079657472,The running community turned out tonight in support of those affected by the tragedy at the Boston Marathon. Proud... http://t.co/yF5cEVzj5E,Related and informative,2013 Boston bombings,1,Informative
324340155429302272,RT @Jon_CKmusic: #prayforboston God we need you right now,Related - but not informative,2013 Boston bombings,0,Not informative
324340772008763394,RT @nbcnightlynews: BREAKING: PHOTOS: FBI releases pictures of torn backpack &amp; mangled pressure cooker used in Boston bomb attack ht ...,Related and informative,2013 Boston bombings,1,Informative
324341447291711488,Family Guy Episode at Center of Boston Marathon Conspiracy Theory Pulled from Web by Fox http://t.co/9OydXhGVkI,Related - but not informative,2013 Boston bombings,0,Not informative
324351358427877376,On the brightside I heard the Boston marathon was a blast.,Related - but not informative,2013 Boston bombings,0,Not informative
324359654752780288,RT @strangeveronica: A little girl lost her leg in Boston #Prayforboston,Related - but not informative,2013 Boston bombings,0,Not informative
324381242831302656,"RT @livinginsg: So now cos of the Boston bombings 'Muslims' is trending?  Wow, fuck stereotypes, not every bombing is done by a Muslim.",Related - but not informative,2013 Boston bombings,0,Not informative
324383054762242049,RT @myfoxmemphis: Mayor Tom Menino: We are Boston. We are one community. We will not let terror win. #oneboston #bostonmarathon  (ah),Related - but not informative,2013 Boston bombings,0,Not informative
324402281485328385,American Muslims revile #BostonMarathon terror attack | American Islamic Forum for Democracy: http://t.co/fmaIQHTuEg,Related and informative,2013 Boston bombings,1,Informative
324403107733839872,TRUTH. Barney Frank On Boston Marathon Bombings: No Tax Cut Would Have Helped Us Deal with This: http://t.co/wgUQ6NehZM @TheFiscalTimes,Related and informative,2013 Boston bombings,1,Informative
324411114656002048,pray for boston  #prayforboston  http://t.co/C0Wsz5DBJH,Related - but not informative,2013 Boston bombings,0,Not informative
324414616925003776,RT @juanmata10: Todo mi apoyo para las víctimas y heridos del atentado de la marathon de #Boston Una noticia terrible.,Related - but not informative,2013 Boston bombings,0,Not informative
324421617222578176,Idiot actor blames Boston attack on 2nd amendment -- http://t.co/Kw2N34IWse,Related - but not informative,2013 Boston bombings,0,Not informative
324428248421380096,#BostonMarathon Amen! http://t.co/B5cW4oGzIa,Related - but not informative,2013 Boston bombings,0,Not informative
324448121004359680,"@merlinconda HOW YOU CAN KNOW IF ZAYN IS THE ONE OF THE TERRORIST WHO BOMBING IN BOSTON!! HM, I GUESS U'RE A TERRORIST!",Related - but not informative,2013 Boston bombings,0,Not informative
324493549519384577,"RT @fenvirantiviral: From Sarasota to Boston, our thoughts go to the victims of the marathon bombings. We're saddened by loss of life an ...",Related - but not informative,2013 Boston bombings,0,Not informative
324500323324530688,"No more stories of Boston for Jwil, too many nightmares #prayforboston",Related - but not informative,2013 Boston bombings,0,Not informative
324512088364044289,Boston Marathon Tragedy Met With Unbelievable Acts Of Kindness http://t.co/qDYTulZVRX via @buzzfeed,Related and informative,2013 Boston bombings,1,Informative
324532879524777984,"This Is Lu Lingzi, The Third Victim In The Boston Marathon Bombings http://t.co/uVjrpmxIox … via @buzzfeednews",Related and informative,2013 Boston bombings,1,Informative
324542828392886272,"No more hurting people--Peace itu kata-kata terakhir Martin Richard, 8 tahun, yg menjadi korban Boston Bombing :( http://t.co/xduNiu3sTq",Not applicable,2013 Boston bombings,0,Not informative
324553469342150656,RT @jilevin Tea Party Congressman Uses Boston Marathon Bombing To Justify Opposing Immigration Reform http://t.co/UROMNldztS,Related - but not informative,2013 Boston bombings,0,Not informative
324562235429122048,Halfwit actor @jaymohr37 blames #Boston attack on gun culture: ’2nd amendment must go’ http://t.co/cm4tlTHKt6,Related - but not informative,2013 Boston bombings,0,Not informative
324565569913368577,RT @LoveForBoston: This is literally the saddest thing I have ever read #prayforboston http://t.co/Q3H4Pd69cM,Related - but not informative,2013 Boston bombings,0,Not informative
324567776138248192,RT @MailOnline: BREAKING NEWS: FBI announce 'substantial progress' in Boston bombing investigation http://t.co/tY5OIMUjcn,Related and informative,2013 Boston bombings,1,Informative
324569550328823808,RT @RAGreeneCNN: BREAKING: Authorities believe they have identified a Boston Marathon bomb suspect - based on 2 video streams - source t ...,Related and informative,2013 Boston bombings,1,Informative
324570397553074178,BREAKING NEWS: Official: Possible Boston Marathon bombing suspect seen in image at second bomb site,Related and informative,2013 Boston bombings,1,Informative
324571295150927873,RT @YourAnonNews: LINK FIXED - Boston Marathon bombing suspect reportedly identified - http://t.co/7TAYlP25yz,Related and informative,2013 Boston bombings,1,Informative
324571303514361857,RT @SkyNewsBreak: U.S. media reports: The FBI will announce they have identified a suspect in the Boston marathon bombings,Related and informative,2013 Boston bombings,1,Informative
324573581038190592,#BreakingNews | Report: 'Substantial Progress' in Marathon Bombing Case | http://t.co/nKSfRu7dfU,Related and informative,2013 Boston bombings,1,Informative
324575523009347584,RT @RT_America: BREAKING: Suspect in Boston bombing described as dark skinned male http://t.co/D140lE4GHY,Related and informative,2013 Boston bombings,1,Informative
324575875305725952,RT @cbsboston: Report: Boston Marathon Bombings Suspect Identified In Surveillance Video - http://t.co/dtyY9ARPwL,Related and informative,2013 Boston bombings,1,Informative
324577708245925888,China Mourns Boston Marathon Victim: Chinese Internet users mourned a Chinese graduate student who fell victim... http://t.co/opxrDr7tIv,Related and informative,2013 Boston bombings,1,Informative
324578446443425794,"RT @WCVB: #BREAKING: According to @WuWCVB, an arrest in #BostonMarathon bombing is imminent or has already taken place.",Related and informative,2013 Boston bombings,1,Informative
324579759227023360,RT @SkyNewsBreak: AP: Law enforcement officials say an arrest is imminent following the Boston marathon bombings,Related and informative,2013 Boston bombings,1,Informative
324579952173404161,RT @Slate: RT @antderosa: John King on CNN - An arrest has been made in the investigation of Boston Marathon bombings,Related and informative,2013 Boston bombings,1,Informative
324580778442891264,Tick-tock-tick-tock. Waiting for 'no terrorist can be #ROP follower' cry to reach its crescendo. ID'd #boston,Related - but not informative,2013 Boston bombings,0,Not informative
324582653305180161,"SportsCenter - Police have arrested suspect in connection with Monday's Boston Marathon bombings, CNN reports according to sources",Related and informative,2013 Boston bombings,1,Informative
324586365276794880,Some days I hate social media! Everyone in a rush to be first to break news. What happened to journalistic integrity? #BostonMarathon #fb,Related - but not informative,2013 Boston bombings,0,Not informative
324587036373831680,Great news!  Official: Boston Marathon bomb suspect in custody (from @AP) http://t.co/t7ANhJg3FB,Related and informative,2013 Boston bombings,1,Informative
324592539296481282,RT @Boston_Police: Despite reports to the contrary there has not been an arrest in the Marathon attack.,Related and informative,2013 Boston bombings,1,Informative
324592707043463168,"RT @BreakingNews: Boston police: Despite reports to the contrary, there has not been an arrest in the marathon attack - @Boston_Police",Related and informative,2013 Boston bombings,1,Informative
324595852771479552,"Devaul: In Boston Marathon bombings, 'Father, forgive them': When they came to the place that is called The S... http://t.co/B1lDJAia0n",Related - but not informative,2013 Boston bombings,0,Not informative
324596582588755968,RT @FOXSoccer: RT @MCFC #mcfc laid a wreath tonight for the victims &amp; all those affected by the Boston Marathon bombings #together h ...,Related - but not informative,2013 Boston bombings,0,Not informative
324597236895977474,"RT @YourAnonNews: While CNN is trying confuse &amp; distract the American public with Boston Marathon suspects, #CISPA just passed the H ...",Related - but not informative,2013 Boston bombings,0,Not informative
324602131669741569,Excellent article by @ggreenwald on the #BostonMarathon bomb blasts and the subsequent frenzy to blame Muslims...   http://t.co/qus99OyBoZ,Related and informative,2013 Boston bombings,1,Informative
324604300099715072,New post: Family Guy Episode Pulled After Edited Online Clip Makes Light Of Boston Marathon Bombing! http://t.co/sysqpoFoiz,Related - but not informative,2013 Boston bombings,0,Not informative
324604413366910976,International Herald Tribune: video points to suspect in Marathon bombing #tomorrowspaperstoday http://t.co/OIsXxhYr07,Related and informative,2013 Boston bombings,1,Informative
324605721977176068,"RT @6abc: RT @ABC: U.S. Marshals: Bomb threat made against the federal courthouse in Boston. At this time, no device found .http://t.co/ ...",Not related,2013 Boston bombings,0,Not informative
324605747155570688,"RT @StephenWalt: Why do media report any scrap of rumor or innuendo re Boston bombing suspect?  B/C as FOX proves every day, no penalty  ...",Related - but not informative,2013 Boston bombings,0,Not informative
324623270961876992,Still obsessed with the Boston bombing reports oops,Related - but not informative,2013 Boston bombings,0,Not informative
324625422652428289,"A prayer 4 those still mourning a terrible, unnecessary loss. http://t.co/P31H3WjB42 Still hurting #Newtown #BostonMarathon",Related - but not informative,2013 Boston bombings,0,Not informative
324626727051616256,"RT @GlobeDavidD: Boston College students postpone their walk to mark the Marathon bombings, after thousands indicate they'd come. http:/ ...",Related and informative,2013 Boston bombings,1,Informative
324638508876705794,Boston Bombings Used as Malware Scam Bait: Malicious spam emails use keywords related to attack. http://t.co/jyhPWcNdjn,Related - but not informative,2013 Boston bombings,0,Not informative
324652916310953984,RT @TheOnion: Internet Comes Up With 8.5 Million Leads On Potential Boston Bombing Suspect http://t.co/sTL2rXUKRG,Related and informative,2013 Boston bombings,1,Informative
324670255555280896,My profile picture is now Martin Richard who was killed in the Boston bombing. Such a young boy with such a big heart. Inspired by @DaneCook,Related and informative,2013 Boston bombings,1,Informative
324700425179762688,RT @SportsCenter: MUST WATCH: Bruins fans sing emotional National Anthem in first home game since Boston Marathon bombings » http://t.co ...,Related - but not informative,2013 Boston bombings,0,Not informative
324701771538776064,#Helltotheyeah #coverup RT @Boazziz: The Saudi that was detained Re #BostonMarathon &amp; released (cont) http://t.co/PnoAheaZ6s,Related and informative,2013 Boston bombings,1,Informative
324705621905649664,My #selfie #swaggypeacehope #justordinarygurl #prayforboston pray#selca I need more followers! #Pluuuuhease http://t.co/3bF25vbGnM,Related - but not informative,2013 Boston bombings,0,Not informative
324707006034370560,AM: Adversaries -- Even Cuba -- Set Beefs Aside to Mourn Boston Marathon: Adversaries -- Even Cuba -- Set Beefs... http://t.co/RQhYlbVRbN,Related and informative,2013 Boston bombings,1,Informative
324735330156699648,Boston. Bangalore. Now Texas Factory Explosion. #enoughfornow Where's the world heading?,Related - but not informative,2013 Boston bombings,0,Not informative
324736416485629952,Emerson College community shows unity after seven students injured in Marathon blast http://t.co/S4bazZW7p2 via @BostonDotCom,Related and informative,2013 Boston bombings,1,Informative
324741541929316355,Isaiah 40:31 right about now #prayforwest #bostonstrong #prayforboston,Related - but not informative,2013 Boston bombings,0,Not informative
324742150115962882,PH Consulate General in New York says definitely no Filipinos among casualties in Boston Marathon terror attack.,Related and informative,2013 Boston bombings,1,Informative
324750853309345792,so many horrible things happening. Just hope peace comes soon. Cause this is getting scary. #PrayforTexas #PrayforBoston.,Related - but not informative,2013 Boston bombings,0,Not informative
324757547405950978,"Waco (20yrs AND today), okc bombing, columbine, VTech shooting, Boston bombing ALL happened in the same week in April? Wtf...",Related - but not informative,2013 Boston bombings,0,Not informative
324773355716767744,RT @thatssoRaeLynn_: An explosion in texas bombs in boston when is this going to stop america is falling to peices. #prayforBostonandTexas,Related - but not informative,2013 Boston bombings,0,Not informative
324794964787740672,#prayfortexas #PrayforBoston life is to short to dwell on little stuff,Related - but not informative,2013 Boston bombings,0,Not informative
324847058026643456,We now have the Boston bombing &amp; the explosion in Texas added alongside Virginia Tech for this week of mourning in April. #PrayForUsAll,Related - but not informative,2013 Boston bombings,0,Not informative
324856960795176960,@ESPN_Greeny heard the audio from Boston on my way to work this am &amp; saw flags waving. Teary-eyed by the end! #prayforboston #mike&amp;mike,Related - but not informative,2013 Boston bombings,0,Not informative
324868922937577473,RT @carlycarioli: RT @HuffingtonPost: 2 men propose after Boston Marathon attacks http://t.co/UdyrbbZpzi,Related and informative,2013 Boston bombings,1,Informative
324880935449395200,#bostonstrong #prayforboston #bostonmarathon #proud http://t.co/HVVl298Ja2,Related - but not informative,2013 Boston bombings,0,Not informative
324881220632727554,RT @Yamiche: Spent the day at hospitals where Boston bombing victims were treated. Hoping those in Texas can persevere as well. http://t ...,Related - but not informative,2013 Boston bombings,0,Not informative
324892490744332288,"RT @JerkPru: Wow. This week marks the anniversaries for Columbine, Oklahoma City Bombing, VT, and now two more tragedies in Boston and W ...",Related and informative,2013 Boston bombings,1,Informative
324898127876349954,RT @WHLive: Happening at 11ET: President Obama speaks at an interfaith service dedicated to victims of the bombing in Boston. http://t.c ...,Related and informative,2013 Boston bombings,1,Informative
324902297018720257,RT @RodneySuccess: So far this week  - prayfortexas   - prayforboston   - two 14 year olds killed a homeless man as a dare  - bomb threa ...,Related and informative,2013 Boston bombings,1,Informative
324921586635378688,Obama attends Boston bomb service: President Obama attends a service in Boston for victims of Monday's maratho... http://t.co/iwDzIZWDfr,Related and informative,2013 Boston bombings,1,Informative
324939534049607681,RT @YourAnonNews: Question to #FBI. What are private military forces doing at #Boston marathon?! http://t.co/hT87yO6xWr via @57UN,Related and informative,2013 Boston bombings,1,Informative
324955623395586048,Krachtige Reddit community op Boston: Will Reddit Help Solve Boston Bombing or Merely Accuse Innocent People?: http://t.co/4hChcXcbP1,Related and informative,2013 Boston bombings,1,Informative
324973415654105088,RT @sternshow: H100 News: High Pitch obsesses on the tragedy in Boston. Is JD still upset with Jason? And the Rob Zombie opera songs htt ...,Related - but not informative,2013 Boston bombings,0,Not informative
324977828074500097,"RT @ArmyGuyGeorgia: Photos: Private military operatives hired to 'work' the Boston marathon with black backpacks, radiation detector...  ...",Related and informative,2013 Boston bombings,1,Informative
324978482364944385,In these words there is all the power of a united Nation #Obama http://t.co/T3UEv4O95L via @whitehouse #BostonMarathon,Related and informative,2013 Boston bombings,1,Informative
324996958278270976,"RT @fox25news: ONLY ON FOX 25: Photo of possible second Boston Marathon bomber, possible bomb before explosion #fox25 #fbi http://t.co/j2FB…",Related and informative,2013 Boston bombings,1,Informative
324997302207016960,RT @chiquibabyLA: FBI FOTOS de los sospechosos #bostonmarathon bombings checalas y hazle share:  http://t.co/LYU5WY75Md,Related and informative,2013 Boston bombings,1,Informative
324998724059291648,RT @BuzzFeed: Just released by the FBI: Suspect 1 and Suspect 2 in the Boston Marathon bombing  http://t.co/C9UAfcmGRy,Related and informative,2013 Boston bombings,1,Informative
324999512588435456,RT @nytimes: Surveillance video shows two possible suspects in Boston Marathon bombing http://t.co/HYZhX9uVYP,Related and informative,2013 Boston bombings,1,Informative
325001152582270977,Photo of Suspects 1 and 2 in the Boston Marathon Bombings. #boston #FBI #help http://t.co/REVNKpyQVY,Related and informative,2013 Boston bombings,1,Informative
325014511457280001,RT @cnnbrk: FBI release this photo of 2 #Boston bombing suspects. http://t.co/pcuskSgjaF http://t.co/cU9uBnYsv5,Related and informative,2013 Boston bombings,1,Informative
325031917793734656,RT @Kenny_Mayne: “@nytimes: Photos: The two men wanted for questioning in the Boston Marathon bombing http://t.co/UEtgf5armf”  Let's try ...,Related and informative,2013 Boston bombings,1,Informative
325035642339852289,RT @BestEarthPix: PICTURES OF THE BOSTON MARATHON BOMBING SUSPECTS! RT TO HELP FIND THEM &gt;&gt;&gt; http://t.co/BgM5wkM10u,Related and informative,2013 Boston bombings,1,Informative
325040650326257665,"RT @MassStatePolice: BOSTON MARATHON BOMBING SUSPECTS. IF YOU RECOGNIZE EITHER OF THEM, CALL 1-800-CALL-FBI IMMEDIATELY. http://t.co/NEh ...",Related and informative,2013 Boston bombings,1,Informative
325060732653821952,"RT @MassStatePolice: Those of you retweeting and sharing Marathon bomb suspect photos, you will help bring them to justice, and bring ju ...",Related - but not informative,2013 Boston bombings,0,Not informative
325070396363767811,RT @BuzzFeed: RT @jaredbkeller: EXCLUSIVE: Boston bombing victim in iconic photo helped FBI identify attackers | http://t.co/07O3JKrg34,Related and informative,2013 Boston bombings,1,Informative
325087622361923584,"Bombing in Boston, Waco explosion and now a shooting at MIT. What is going on in this nation..",Related - but not informative,2013 Boston bombings,0,Not informative
325091690815844352,RT @southerrnnbelle: It breaks my heart for all the people in Boston #prayforboston,Related - but not informative,2013 Boston bombings,0,Not informative
325095222432378881,Going to be VERY emotional tmrw at Fenway for first #RedSox game since marathon tragedy. #BostonStrong,Related - but not informative,2013 Boston bombings,0,Not informative
325103644594827265,"Boston Marathon, Texas, MIT... At this point we need to stop praying for specific locations and instead #prayfortheworld",Related - but not informative,2013 Boston bombings,0,Not informative
325113287299698689,"RT @ElaineLiner: If these bomb-throwing carjackers in Boston turn out to be the FBI suspects, ABC, CBS, NBC, Fox, CNN et al look like id ...",Related - but not informative,2013 Boston bombings,0,Not informative
325114088394997760,#prayforboston #prayforbaghdad #prayforafghanistan #prayforsiriya #prayforpalestine #prayforsomalia… http://t.co/1tBDbgQdTO,Related - but not informative,2013 Boston bombings,0,Not informative
325122166620295168,Just found out there was a shooting at MIT. Does anyone know if this is related to the Boston bombing in any way?,Related - but not informative,2013 Boston bombings,0,Not informative
325122858684674049,"What a week!  Marathon bombing, MIT shooting, police chase to Watertown, and fertilizer plant, which was an accident.  What next?",Related and informative,2013 Boston bombings,1,Informative
325122925810290689,RT @AKitz: Backpacks left on laurel st. Bomb squad is out #mit #mitshooting #boston http://t.co/0A3Mjmshkz,Related and informative,2013 Boston bombings,1,Informative
325125102645673984,RT @morandiniblog: EN DIRECT - Tirs et explosions à l'Université de Boston: Au moins un policier tué #boston http://t.co/fc2gfgEmSS,Related - but not informative,2013 Boston bombings,0,Not informative
325133277369364483,"RT @BuzzFeedNews: BREAKING: One Marathon bombing suspect has been caught, and another is on the loose in Watertown. (@BostonGlobe)",Related and informative,2013 Boston bombings,1,Informative
325140617392959488,RT @AustinVesely: This is the first time the police have confirmed on the scanner that these are the Marathon bombing suspects. #Boston #Wa…,Related and informative,2013 Boston bombings,1,Informative
325142311874990080,"http://t.co/qHNkh3GXfL - Chaotic scene in Boston area after explosions, gunfire, fatal shooting of MIT campus officer",Related and informative,2013 Boston bombings,1,Informative
325143326909136896,RT @SeanKellyTV: State Police officially say possible link to marathon bombing and likely link to murder of MIT officer.,Related and informative,2013 Boston bombings,1,Informative
325144132223897600,RT @Daily_Star: VIDEO UPDATE: Footage of gunfire and explosions in #Boston as cops search for killer: http://t.co/bicl5nVn30,Related and informative,2013 Boston bombings,1,Informative
325146330034999298,People in Boston needs Prayers yet again tonight ! ... #Marathon #Boston,Related - but not informative,2013 Boston bombings,0,Not informative
325158602560118784,RT @stforeigndesk: Captured #BostonMarathon bomb suspect is dead: US media #breaking,Related and informative,2013 Boston bombings,1,Informative
325173970485784578,One Boston bombing suspect is presumed dead; the other still at large....catch the bitch,Related and informative,2013 Boston bombings,1,Informative
325174322824101889,RT @jaredbkeller: EXCLUSIVE: Boston bombing victim in iconic photo helped FBI identify attackers | http://t.co/if5zTWTsB7,Related and informative,2013 Boston bombings,1,Informative
325176155701407744,RT @BBCNewsUS: #Watertown: Police search for white-capped #Boston Marathon bomb suspect on the loose after shooting and carjacking htt ...,Related and informative,2013 Boston bombings,1,Informative
325179741835497473,they'll find the second #BostonMarathon bombing suspect dead somewhere or he won't be taken alive...,Related - but not informative,2013 Boston bombings,0,Not informative
325180589118484480,"RT @SavannahGuthrie: Live coverage on NBC now of major developments in #Bostonmarathon attack; 1 suspect dead, 1 at large.",Related and informative,2013 Boston bombings,1,Informative
325187727790321664,"RT @BreakingNews: Residents west of Boston told to 'stay home' amid search for bomb suspect, transit shut down - @AP; more:  http://t.co/9p…",Related and informative,2013 Boston bombings,1,Informative
325197450203783168,"RT @BuzzFeedAndrew: RT @AP: BREAKING: AP sources: Boston bomb suspects from Russia region near Chechnya, lived in US at least 1 year.",Related and informative,2013 Boston bombings,1,Informative
325198607819091968,"RT @MichaelSkolnik: BREAKING: AP: Surviving Boston bomb suspect identified as Dzhokhar A. Tsarnaev, 19, of Cambridge, Mass.",Related and informative,2013 Boston bombings,1,Informative
325201992643395584,RT @RT_com: BREAKING: PHOTO of surviving Boston bomber Dzhokhar Tsarnaev from his social network account http://t.co/ADWuRPRvvR http://t.co…,Related and informative,2013 Boston bombings,1,Informative
325202500149968896,"RT @YahooNews: BREAKING: Surviving Boston bombing suspect IDd as Dzokhar A. Tsarnaev, 19, living in Cambridge, Mass., one year @AP",Related and informative,2013 Boston bombings,1,Informative
325204542763442176,RT @RT_com: MORE: FBI PHOTO of Boston bombing suspect &amp; photo of Dzhokhar Tsarnaev from his VKontakte page http://t.co/ADWuRPRvvR ht ...,Related and informative,2013 Boston bombings,1,Informative
325207508127977473,"RT @nprnews: NPR's Dina Temple-Raston says 19-year-old suspect Dzhokar Tsarnaev is alive. His 20-year-old brother, known as suspect #1,  ...",Related and informative,2013 Boston bombings,1,Informative
325210305724563456,"Boston marathon bombing suspect killed, another at large after explosions and gun fighting- @ky_enquirer",Related and informative,2013 Boston bombings,1,Informative
325210821661687809,RT @xzy_: RT @russian_market: Djohar Tsarnaev writes in his social network: Personal priority: Career and Money. #Boston http://t.co/Gho7…,Related and informative,2013 Boston bombings,1,Informative
325213891854483456,#Watertown: Djohar Tsarnaev's profile. Last seen: yesterday at 8:04 pm http://t.co/YJ9BgVIWUr,Related and informative,2013 Boston bombings,1,Informative
325214567175176192,"RT @CNBC: BREAKING: 1 suspect in Boston marathon bombings is dead and one remains at large and is considered armed and dangerous, officials…",Related and informative,2013 Boston bombings,1,Informative
325221353546477568,RT @BuzzFeedBen: Tamerlan Tsarnaev's YouTube Page Focused On Islam http://t.co/yCgK51DWx6 … via @buzzfeed,Related and informative,2013 Boston bombings,1,Informative
325227305276416001,"Somewhere right now, a film producer is having the screenplay written for the Boston bombing. Only in America.",Related - but not informative,2013 Boston bombings,0,Not informative
325227854717665280,Tersangka Bom Boston yang Tewas Bernama Tamerlan Tsarnaev: Identitas tersangka bom panci Boston mulai terungka... http://t.co/2sNyhbSZfo,Not applicable,2013 Boston bombings,0,Not informative
325231038169247747,Boston Marathon Bombing Suspect Killed; Another At Large http://t.co/heOVgrwbjf,Related and informative,2013 Boston bombings,1,Informative
325231935750283266,"#Marathon Bombing suspect number 1 trained at Allston #MMA gym Wai Kru. Used to train there, unreal....",Related and informative,2013 Boston bombings,1,Informative
325233483473620992,#boston #explosion wäre in Deutschland auch ein Polizeieinsatz live im TV? ?? Mir fällt Gladbeck ein!!!!!,Not applicable,2013 Boston bombings,0,Not informative
325235274454007808,"RT @YesYoureRacist: ATTENTION, RACISTS: The Boston bombing suspects are from the actual Caucasus region, meaning they *literally could n ...",Related - but not informative,2013 Boston bombings,0,Not informative
325236075549323264,The only thing lamer than making a fake twitter account for the Boston terrorists is actually following them. #LAMELAMELAME!,Related - but not informative,2013 Boston bombings,0,Not informative
325236864086859777,RT @MaxTollensJr: The Boston terror attacks illustrates two points: don't move so fast on immigration reform and don't give up 2nd amend ...,Related - but not informative,2013 Boston bombings,0,Not informative
325237988156121089,RT @CBSNews: UPDATE: The FBI has released a new photo of the second Boston Marathon suspect being actively pursued. PHOTO: http://t.co/p ...,Related and informative,2013 Boston bombings,1,Informative
325238281749012481,RT @Boston_Police: #WANTED: Suspect identified as 19 year-old Dzhokhar Tsarnaev of Cambridge. Suspect considered armed &amp; dangerous. htt…,Related and informative,2013 Boston bombings,1,Informative
325243306512625664,RT @HuffPostPol: RT @HuffingtonPost: The FBI has released a new photo of suspect Dzhokhar Tsarnaev http://t.co/tFQXn9rm1z,Related and informative,2013 Boston bombings,1,Informative
325244455777103872,RT @CarlosSaavedra2: Are we going to blame the world/immigrants/outsiders or actually fight against war and violence? #BostonMarathon,Related - but not informative,2013 Boston bombings,0,Not informative
325245726655385600,If only I could be in #PalmSprings this weekend for @DianaNyad #24hr #HurricaneSandy &amp; #BostonMarathon nonstop swim. I would dive in w/ you!,Not related,2013 Boston bombings,0,Not informative
325247211418034176,"RT @SportsCenter: BREAKING: Suspect #1 in Boston Marathon bombing shot and killed by police. Suspect #2 on the run, massive manhunt unde ...",Related and informative,2013 Boston bombings,1,Informative
325247878324969473,RT @EhabZ: Boston suspect's twitter @Dzhokhar_ ... He doesn't seem like a terrorist.,Related - but not informative,2013 Boston bombings,0,Not informative
325253402210738176,RT @GlobalRevLive: Bangladeshi Beaten In Bronx For Being An ‘Arab’ After Boston Bomb http://t.co/KzVp69lKvP,Related and informative,2013 Boston bombings,1,Informative
325257638461988864,"Boston Marathon Bombing Media Errors Pile Up, as Does the Outrage http://t.co/5jL1SwP5MU via @thedailybeast",Related and informative,2013 Boston bombings,1,Informative
325266526183759873,"RT @kennygw: The Redditor pulls out a crumpled note and looks into his webcam. “Dzhokhar likes ranch dressing, Miss Lippy’s car—is green.”",Related - but not informative,2013 Boston bombings,0,Not informative
325268443005870080,Dzhokhar Tsarnaev has Cold Blooded on,Related - but not informative,2013 Boston bombings,0,Not informative
325270665957634049,"RT @Reagan_Girl: A TERRORISTIC THREAT? Boston Bomb Suspect Dad Tells Son to Surrender, Says 'All Hell Will Break Loose' if Son Dies http ...",Related and informative,2013 Boston bombings,1,Informative
325272721183350784,RT @MegatronCBI: In Grand Theft Auto Dzhokhar A. Tsarnaev would have 6 stars,Related - but not informative,2013 Boston bombings,0,Not informative
325273044140580865,"RT @iTweetFacts: Bombing suspect Dzhokhar Tsarnaev received US citizenship on Sept 11, 2012 -- 11 yrs to the day after 9/11 attacks. #ma ...",Related and informative,2013 Boston bombings,1,Informative
325273136411054080,RT @ChirpHard: any one else want to get in line for the gauntlet and let Dzhokhar Tsarnaev skate through? #BostonStrong,Related - but not informative,2013 Boston bombings,0,Not informative
325273794937765888,"[CNBC] Manhunt Hits Travel, Logan Flights Running: Amid the bombing manhunt, Boston train and bus services wer... http://t.co/7IrOxEWN1E",Related and informative,2013 Boston bombings,1,Informative
325273853641240577,The Uncle of Boston Bombing suspect now is speaking live @CNN,Related and informative,2013 Boston bombings,1,Informative
325276630253711360,"RT @Milenio: FOTO: Los hermanos rusos Dzhokhar y Tamerlan #Tsarnaev de 19 y 26 años, los sospechosos del atentado en #Boston  http://t.c ...",Related and informative,2013 Boston bombings,1,Informative
325279012639342593,"@YourAnonNews lot of people N of boston (malden,medford, everett, stoneham) losing power/reports of attack on grid in niagara? confirmation?",Not related,2013 Boston bombings,0,Not informative
325279402705440769,"So,I'm keeping up with the bombers from the boston marathon bombing...the F.B.I is really great,I must say..",Related - but not informative,2013 Boston bombings,0,Not informative
325280220594712578,RT @AdrienneBatra: .@TheTorontoSun Aunt of Boston marathon bombing suspects lives in #Toronto. @sunreporteryuen exclusive interview http ...,Related and informative,2013 Boston bombings,1,Informative
325280363217838080,My heart hurts for #boston but then the coffee shop bombing in Iraq that killed 27 makes my brain hurt too. C'mon humans. We must get better,Related - but not informative,2013 Boston bombings,0,Not informative
325289477432016898,THIS IS DZHOKHAR'S ACTUAL TWITTER WTF https://t.co/KnQO5STGlF,Related and informative,2013 Boston bombings,1,Informative
325290492441018369,Uncle Of Marathon Bombing Suspects Speaks: http://t.co/ZkvjLQJE8y #Boston,Related and informative,2013 Boston bombings,1,Informative
325290995782651905,Re: Boston Marathon bombing suspects.  http://t.co/Dflh0NhTAD …. Please read this....and please RT,Related and informative,2013 Boston bombings,1,Informative
325294896485371904,Pro-Moscow Chechen leader blames US for Boston bombing | http://t.co/BmYpxKgVSv... http://t.co/irbFPN0355,Related and informative,2013 Boston bombings,1,Informative
325299489223086083,"RT @RuxandraGuidi: Was afraid of this: #Immigration reform being tied to #BostonMarathon attacks, since suspects were immigrants. http://t.…",Related - but not informative,2013 Boston bombings,0,Not informative
325304530763935744,Suspect's father thinks they were set up.  Suspect's uncle says they did this because they're losers. #bostonbombing #bostonmarathon,Related and informative,2013 Boston bombings,1,Informative
325307651351252994,RT @BuzzFeedNews: This photo of the Boston bombing suspect and 8-year-old Martin Richard is heartbreaking http://t.co/EomijeEB6X,Related and informative,2013 Boston bombings,1,Informative
325309320663281665,RT @CP24: Toronto woman identifying herself as aunt of Boston bombing suspects demands to see more evidence from FBI  http://t.co/yAph9bfkpb,Related and informative,2013 Boston bombings,1,Informative
325312843887026176,RT @140elect: Dzhokhar Tsarnaev's uncle Ruslan Tsarni is a true American. Watch his interview. Truly powerful: http://t.co/LEgEpfv0CG #W ...,Related and informative,2013 Boston bombings,1,Informative
325323874898161664,Rush Limbaugh on how Obama pal Bill Ayres got his start with Boston Bombing-type acts... http://t.co/vkkAO2uV1H,Related - but not informative,2013 Boston bombings,0,Not informative
325325695226101760,RT @Boston_Police: #WANTED: Search for 19 yr-old Dzhokhar Tsarnaev continues. Suspect armed &amp; dangerous. Call 1(800) CALL-FBI. http://t…,Related and informative,2013 Boston bombings,1,Informative
325329721774723072,When they catch the Boston terrorist they should make him sit in the Boston Bruins bench during a game. No one would bomb America ever again,Related - but not informative,2013 Boston bombings,0,Not informative
325330736779497472,"Marathon bomb suspect eludes police, hunt shuts Boston down: WATERTOWN, Massachusetts (Reuters) - Black Hawk helicopters and heavily ...",Related and informative,2013 Boston bombings,1,Informative
325332943016968193,"RT @RT_com: URGENT: This is a set up, my son would never ever carry out such terror attack - Tsarnaev brothers' mother Zubeidat Tsarnaeva…",Related - but not informative,2013 Boston bombings,0,Not informative
325333064614039554,"URGENT: This is a set up, my son would never ever carry out such terror attack - Tsarnaev brothers' mother Zubeidat Tsarnaeva",Related and informative,2013 Boston bombings,1,Informative
325335799333785602,"Possible twitter account of #BostonMarathon terrorist Dzhokhar Tsarnaev, from Chechya . http://t.co/73TvJkshsI #BostonBombing #Manhunt",Related and informative,2013 Boston bombings,1,Informative
325338026492444672,"Hey Reddit, Enough Boston Bombing Vigilantism (Alexis Madrigal) http://t.co/Ww7K5kEtUA http://t.co/LKgB47mSVD",Related and informative,2013 Boston bombings,1,Informative
325343927861387264,The song #Pray by Justin Bieber goes out to all the people that has lost someone in the bombing in #Boston! I pray for u! #PrayForBoston,Related - but not informative,2013 Boston bombings,0,Not informative
325350965937074177,Apparently the bombing in Boston was by Chechen people (some sort of Russian) so glad my peeps escaped that one haha,Related - but not informative,2013 Boston bombings,0,Not informative
325353604150079488,RT @the_ironsheik: If the Dzhokhar Tsarnaev in front of me now I run over his mother than put the dumb bitch in camel clutch while Nikolai …,Related - but not informative,2013 Boston bombings,0,Not informative
325355021795463169,RT @NBCNews: #BostonMarathon suspect on Twitter after Boston bombing: 'Stay safe' http://t.co/f6Fx26t36y,Related and informative,2013 Boston bombings,1,Informative
325356330418315265,I rly hope they find Dzhokhar Tsarnaev ALIVE so they can blow his ass up with his own pressure cooker bomb. #MSNBC #THIRTYSIXHOURSSTRAIGHT,Related - but not informative,2013 Boston bombings,0,Not informative
325360726082461697,RT @domf_says: someone called the police to my house because they thought I was the Boston marathon bomber.....I just was interrogated. #ho…,Related and informative,2013 Boston bombings,1,Informative
325368292598489090,"RT @OurGreatAmerica: Dzhokhar Tsarnaev,   I have bad news for you. We never lose at Hide and Seek, just ask Bin Laden and Saddam. Good Luck…",Related - but not informative,2013 Boston bombings,0,Not informative
325371509625454592,RT @Deadspin: VIDEO: CNN on an empty Boston: It's as though a bomb had dropped. Oh? http://t.co/NqkoDGYd2s,Related - but not informative,2013 Boston bombings,0,Not informative
325379675943747585,"RT @Yousefzadeh: If the stay indoors order can be lifted even though Dzhokhar Tsarnaev hasn't been captured, what was the point of instit…",Related - but not informative,2013 Boston bombings,0,Not informative
325388756582543360,I will be so disappointed if Tsarnaev is killed.,Related - but not informative,2013 Boston bombings,0,Not informative
325392887980363776,RT @mclarkhamilton BOMB SQUAD has arrived on scene of SWAT and POLICE engagement with suspect 2 #Watertown #Boston,Related and informative,2013 Boston bombings,1,Informative
325393236111794177,"RT @ACSpollen: Tamerian Tsarnaev questioned in 2011 by the FBI and released? Well done FBI, well done. #BestOfTheBestOfTheBest",Related and informative,2013 Boston bombings,1,Informative
325393642950893569,RT @BuzzFeedNews: Chilling photo of Boston bombing suspects at the marathon (h/t @justinjm1) http://t.co/ews5O45fsg http://t.co/WKYmybuJuz,Related and informative,2013 Boston bombings,1,Informative
325396675428495361,"#MITshooting #BostonMarathon Chopper says flash bang are by the bow, suspect in stern, a good distance from the grenade",Related and informative,2013 Boston bombings,1,Informative
325397329756700674,El tío del sospechoso Dzhokhar: 'Entrégate y pide perdón' http://t.co/EiZdkzUTh6 vía @diarioas,Not applicable,2013 Boston bombings,0,Not informative
325399141679243264,RT @watertowntab: RT @PetesWire BREAKING: Better shot of boat where suspected #bostonmarathon bomber was hiding out. #wbz http://t.co/oBW3r…,Related and informative,2013 Boston bombings,1,Informative
325402018980188161,"If this were Grand Theft Auto, Dzhokhar Tsarnaev would definitely have 6 stars right now.",Related - but not informative,2013 Boston bombings,0,Not informative
325402681684398080,"RT @RT_America: CISPA: Worse Than Patriot Act, Texas Blast Safety, Boston Bombing &amp; Overlooked Tragedies [VIDEO] http://t.co/CSGUlwvbBH…",Related - but not informative,2013 Boston bombings,0,Not informative
325405613511286785,RT @BuzzFeedAndrew: RT @CBSNews: FBI now acknowledges they interviewed Tsarnaev 2 years ago at the request of a foreign country about possi…,Related and informative,2013 Boston bombings,1,Informative
325406083256573954,"the suspect is normal kid, he used to hang out and smoke pot fox news guy just said about dzhokhar",Related and informative,2013 Boston bombings,1,Informative
325407320605609984,"@DaynaOG yeah, Westboro Baptists bomb the Boston Marathon, WTC, and Pentagon, killing 1000s of Americans ... NEVER.",Related - but not informative,2013 Boston bombings,0,Not informative
325408398520750080,RT @BostonGlobe: BREAKING NEWS: Three people taken into custody in New Bedford as part of Boston Marathon terror bombing investigation.,Related and informative,2013 Boston bombings,1,Informative
325409480672149505,RT @BIGGALLAGHER: They should put catch the terrorist mode in the next call of duty #boston,Related - but not informative,2013 Boston bombings,0,Not informative
325409740693831681,RT @SoVeryAwkward: That awkward moment when Dzhokhar Tsarnaev doesn't realize that boats only work on water. #manhunt #BostonManhunt,Related - but not informative,2013 Boston bombings,0,Not informative
325410294367133697,RT @BostonGlobe: BREAKING NEWS: Boston Marathon terror bombing suspect has been arrested.,Related and informative,2013 Boston bombings,1,Informative
325410327917371392,RT @taosecurity: “@BostonGlobe: Dzhokhar Tsarnaev IN CUSTODY!” Good work LE!!,Related and informative,2013 Boston bombings,1,Informative
325410667643416576,RT @BostonDotCom: BREAKING NEWS: Boston Marathon terror bombing suspect has been arrested.,Related and informative,2013 Boston bombings,1,Informative
325410688610742273,"RT @UberFacts: Boston bomber, Dzhokhar Tsarnaev has finally been arrested and is in custody.",Related and informative,2013 Boston bombings,1,Informative
325410873147535360,Why Would his Name Ever Be Dzhokhar Tsarnaev. Tf,Related - but not informative,2013 Boston bombings,0,Not informative
325411024142467073,RT @ABallPlayerLife: Boston Bombing suspect #2 #GotHeeeem,Related and informative,2013 Boston bombings,1,Informative
325411137388675075,All of the officers involved in taking Tsarnaev into custody will never have to buy their own drinks again.,Related - but not informative,2013 Boston bombings,0,Not informative
325411166778171392,RT @PBandJenelley_1: GOT HIM!!!!!! #PrayForBoston,Related - but not informative,2013 Boston bombings,0,Not informative
325411292586319872,RT @_Snape_: Dzhokhar Tsarnaev is in custody. Bring him to Azkaban! #BostonManhunt #Manhunt,Related and informative,2013 Boston bombings,1,Informative
325412848673112064,"RT @BostonDotCom: State official: Tsarnaev is Alive, conscious, captured.''",Related and informative,2013 Boston bombings,1,Informative
325413066806263809,"RT @ABC: #Breaking: Boston Bomb Suspect Taken into Custody, Police Say http://t.co/qMngWbjfBl http://t.co/vc3hnqmG1q",Related and informative,2013 Boston bombings,1,Informative
325415650463989762,Boston police: The second suspect in this week's Boston Marathon bombings is in custody after an extensive manhunt -- CNN,Related and informative,2013 Boston bombings,1,Informative
325416636158971904,"RT @_Snape_: Dzhokhar Tsarnaev's name rearranged is Hazard Over, Thanks. You know who else had a rearranged name? Lord Voldemort. #Boston…",Related - but not informative,2013 Boston bombings,0,Not informative
325417898606731264,RT @DvllGxd: Sir are you Terroist? DZHOKHAR replies BITCH I MIGHT BE,Related and informative,2013 Boston bombings,1,Informative
325419341480878081,"As punishment for the suspect in the Boston bombings,they should shove a bomb up his ass",Related - but not informative,2013 Boston bombings,0,Not informative
325420784287891457,"RT @Honest_Southern: Hey Dzhokhar Tsarnaev, I have one word for you: America 🇺🇸",Related - but not informative,2013 Boston bombings,0,Not informative
325420805288755201,"RT @TheFPShow: We can rest easy now, it appears that Spiderman himself has joined the search for the Boston Marathon bomber! http://t.co/MB…",Related - but not informative,2013 Boston bombings,0,Not informative
325421740601774080,Shots fired three doors down from my house on Franklin. Tsarnaev captured. Surreal! @cnnbrk  http://t.co/yFIgB2Czcn,Related and informative,2013 Boston bombings,1,Informative
325424999567605760,"RT @AfricanDad: So @CNN and @FoxNews can pronounce Dzhokar Tsarnaev correctly, but can't pronounce Emeka Okafor right? See America",Related - but not informative,2013 Boston bombings,0,Not informative
325427449066319872,So glad the standoff in #watertown is over. Kudos to all of the law enforcement officers involved. #ripseancollier #PrayForBoston,Related - but not informative,2013 Boston bombings,0,Not informative
325431240696152064,RT @PetesWire: BREAKING: Better shot of boat where suspected #bostonmarathon bomber was hiding out. #wbz http://t.co/HsVqIDbMMd,Related and informative,2013 Boston bombings,1,Informative
325436525510815745,Tonight's tweeting of capture of #Boston bombing suspect showed how twitter,Related and informative,2013 Boston bombings,1,Informative
325438631068184576,RT @kevinbinversie: Who said smoking doesn't save lives? Boat owner found Tsarnaev while stepping outside to have a cigarette. http://t.co/…,Related and informative,2013 Boston bombings,1,Informative
325441269289590785,RT @JohnFugelsang: Reminder - 45 Senators just voted to let Dzhokhar Tsarnaev buy weapons at gun shows w/no inconvenient background checks.,Related - but not informative,2013 Boston bombings,0,Not informative
325449443971325952,Boston Marathon Bombing — COPS KILL SUSPECT #1 … Hunting for Suspect #2 http://t.co/5x8877OEI2,Related and informative,2013 Boston bombings,1,Informative
325450542883151874,RT @Baseball_Jesus_: Dzhokhar Tsarnaev should have to take multiple Aroldis Chapman fastballs to the nuts as punishment. #Merica,Related - but not informative,2013 Boston bombings,0,Not informative
325453105611284480,"RT @cnnbrk: Boston Marathon suspect in custody, Boston police say. http://t.co/qFpywu2cIG",Related and informative,2013 Boston bombings,1,Informative
325458499486244865,"Irmãos Tsarnaev: os suspeitos de um atentado cercado de dúvidas: Boston (EUA), 19 abr (EFE).- Os irmãos Tamerl... http://t.co/MylYIsO3v2",Not applicable,2013 Boston bombings,0,Not informative
325480821580505089,FBI released photos of Boston marathon bomber suspects. #manhunt http://t.co/6cY7R7rwWb,Related and informative,2013 Boston bombings,1,Informative
325541332808515585,RT @rolandparis: How crowd-sourcing went wrong. In Boston: http://t.co/adho71ff3x (via @davelee). And after Norway attack: http://t.co/4Ikp…,Related and informative,2013 Boston bombings,1,Informative
325551894049210368,#Sketch @JessieExclusive: @CNN Predicted Dzhokhar Tsarnaev would be found Friday?  #Conspiracy #BostonBombing #  http://t.co/qzmZBCf0AF,Related - but not informative,2013 Boston bombings,0,Not informative
325554364481675264,"RT @AJELive: Kremlin says #Russia, #US agreed to step up counter-terrorism co-operation following #BostonMarathon bombings | http://t.co/3q…",Related - but not informative,2013 Boston bombings,0,Not informative
325574845289074689,Drake Relays Ban Bags in wake of Boston Marathon Attack - KCRG http://t.co/rDqHfvFl79,Related and informative,2013 Boston bombings,1,Informative
325601063862403073,JUST IN: Boston bombing latest: Father or Tamerlan and Dzhokhar Tsarnaev denies 'angelic sons' actions http://t.co/ct8ZJ2vmd4,Related and informative,2013 Boston bombings,1,Informative
325601298768621569,"@BRSurabaya broh,ada menit diam u/ (alm) anne williams dan korban boston marathon?",Related - but not informative,2013 Boston bombings,0,Not informative
325614393377304577,RT @OfficialLFC_ID: Tribut bagi Anne Williams &amp; korban Marathon Boston akan dilakukan dgn tepuk tangan satu menit sebelum laga v Chelse…,Not applicable,2013 Boston bombings,0,Not informative
325622115082584064,RT @arthur_read8: Dzhokhar Tsarnaev has been captured! Now the FBI can focus on finding DW's snowball.,Related and informative,2013 Boston bombings,1,Informative
325636841292316672,RT @marcomartucci77: I can definitely see the whole Boston marathon story turned into a movie,Related - but not informative,2013 Boston bombings,0,Not informative
325642830754217985,2nd suspect found! #BostonStrong #PrayForBoston,Related and informative,2013 Boston bombings,1,Informative
325643074015490048,David Remnick: The Brothers Tsarnaev http://t.co/ndUcBd0SEY via @NewYorker,Related - but not informative,2013 Boston bombings,0,Not informative
325662749508116480,"RT @MEAN_MARINE: Time to Stone liberal media for accusing Christians, Tea Party, White Guys of  Boston Bombing with the millstone of Muslim…",Related - but not informative,2013 Boston bombings,0,Not informative
325670009844146176,RT @LemieuxLGM: Why Tsarnaev Should Be Read His Miranda Rights http://t.co/5VqnvSDjMs,Related - but not informative,2013 Boston bombings,0,Not informative
325688510906519552,UMass players’ jerseys during Saturday’s spring game will bear the name of those killed in Boston attacks -- http://t.co/Ao37xrGOJk,Related and informative,2013 Boston bombings,1,Informative
325696555598356480,RT @FoxNews: Watch: Fenway faithful sing 'National Anthem' day after Boston Bomb suspect's arrest http://t.co/qRiJa1QQCV,Related and informative,2013 Boston bombings,1,Informative
325703019033403393,RT @ErnestFarrow: Report: Saudi National DHS File Says Individual is “Linked to the Boston Bombing”  http://t.co/MOAWMM778T via @wordpressd…,Related and informative,2013 Boston bombings,1,Informative
325708958155284480,Photos: Boston ‘bomber’ captured ALIVE: The Massachusetts college student wanted in the Boston Marathon bombin... http://t.co/Xlx6aV5ZOe,Related and informative,2013 Boston bombings,1,Informative
325726779765567488,"RT @MarathonKoach: As 1 among 1st stopped at #BostonMarathon at 25.7, Troubles me seeing '13 medals on eBay up to $1100.  Am I wrong? #fb",Not related,2013 Boston bombings,0,Not informative
325730000991035394,RT @21Februari2013: #14Mei1997 Tersangka Bom Boston Tamerlan Tsarnaev Pernah Menetap 6 Bulan di Rusia  #14Mei1997,Not applicable,2013 Boston bombings,0,Not informative
325742063779987456,RT @Salon: Czech diplomat on the Boston Marathon bombing media frenzy: Please stop confusing Chechnya with the Czech Republic http://t.co/b…,Related and informative,2013 Boston bombings,1,Informative
325751324828381185,"Zooey Deschanel Was A Boston Bombing Suspect, According To Fox News (PHOTO) http://t.co/ewVy0gseNt",Related and informative,2013 Boston bombings,1,Informative
325751748461461504,Add Boston Marathon Bombing to pile of Failed Eliminationist Narratives http://t.co/DjIyNMK7sA via @sharethis,Related - but not informative,2013 Boston bombings,0,Not informative
325756605461311488,RT @BBachsBeat: The U.S. govt. shouldn't seek the death penalty for Tsarnaev. Life imprisonment without parole &amp; daily hard labor is a …,Related and informative,2013 Boston bombings,1,Informative
325765040189886465,Plz flw @PatriotRadioNet: One Suspect in Boston Bombing Is Dead -   http://t.co/2TqbkSHRd0,Related and informative,2013 Boston bombings,1,Informative
325780093572104192,RT @TwitchyTeam: 'Barack you my dawg': Election tweets and retweets from Boston bombing suspect's reported account http://t.co/Rd2n6H9IAm,Related and informative,2013 Boston bombings,1,Informative
325791070065664001,Who are these people dressed alike at the Boston Marathon Bombing? http://t.co/5AGrjQqrkq,Related and informative,2013 Boston bombings,1,Informative
325791460110778370,New fund created to support victims of Boston Marathon explosions http://t.co/3RNAiNHHHj,Related and informative,2013 Boston bombings,1,Informative
325798070354841601,RT @FOXSPORTSAZ: Keith Yandle honored 8 yr. old Boston bombing victim Martin Richard during pre game warmups in Chicago tonight. http://t.c…,Related and informative,2013 Boston bombings,1,Informative
325802067513987074,"Menyusul Peristiwa Bom Boston, Pengamanan di London Marathon Ditingkatkan: Lebih dari 35 ribu pelari akan ikut... http://t.co/2vrnVh29n4",Not applicable,2013 Boston bombings,0,Not informative
325878609350893568,RT @maleamcguinness: My thoughts and prayers with everyone at the #Boston Marathon...it is so disheartening what humans do to one another,Related - but not informative,2013 Boston bombings,0,Not informative
325903427043467264,Tamerlan Tsarnaev's hateful rage behind American dream - http://t.co/kqejtfRzje: Telegraph.co.ukTamerlan Tsarna... http://t.co/lQKbbuXshs,Related and informative,2013 Boston bombings,1,Informative
325911933121339392,"Practically having an asthma attack just watching London Marathon coverage, but excited for everyone running. Good Luck (you mentalists)!",Not related,2013 Boston bombings,0,Not informative
325926818693648384,RT @Damienfaitlcon: Les anti-mariage gay devraient manifester sous la forme d'un marathon. #Boston #Manifpourtous,Not applicable,2013 Boston bombings,0,Not informative
325980832936366081,I Had A Dream I Was Hanging With That Dude That Made That Bomb In Boston -_-,Related - but not informative,2013 Boston bombings,0,Not informative
325982175113658369,David Remnick: The Brothers Tsarnaev http://t.co/DLIrJF4VFc via @NewYorker,Related - but not informative,2013 Boston bombings,0,Not informative
325983613780885505,#BostonMarathon suspect still in serious condition according to FBI. Being treated at Beth Israel Deaconess Hospital.,Related and informative,2013 Boston bombings,1,Informative
325986956607631362,Boston Bombing Suspect Probed for Link with Extremist Group – TV http://t.co/DkAXPi4kvQ via @ria_novosti,Related and informative,2013 Boston bombings,1,Informative
326017763783094272,RT @TheDailyShow: CNN's exclusive report on the Boston Marathon bombing was exclusive because it was completely f**king wrong. http://t.co/…,Related - but not informative,2013 Boston bombings,0,Not informative
326019848360579073,"8 Campaigns Helping Boston Victims and Their Families: After a tragic week in Boston, here's some good news: O... http://t.co/9bka4i4r0C",Related and informative,2013 Boston bombings,1,Informative
326040492741627904,Glenn Beck Threatens to Expose U.S. Government Cover-Up of Boston Bombing (Video) http://t.co/5R09Ov4Q6x,Related - but not informative,2013 Boston bombings,0,Not informative
326109602276048896,The World in Focus: The Best Pictures of the Week: From the Boston marathon bombing and Margaret Thatcher's fu... http://t.co/HzsC4z7FgB,Related and informative,2013 Boston bombings,1,Informative
326129474867433473,Peserta London Marathon Pakai Kaos Bertulis 'I Run for Boston': Lebih dari 35 ribu pelari ikut serta dalam per... http://t.co/ttWyyv3AzW,Not applicable,2013 Boston bombings,0,Not informative
326143286718894080,RT @Reuters: Boston Marathon case prosecutor known for aggressive record http://t.co/UWgutLsjox,Related - but not informative,2013 Boston bombings,0,Not informative
326161762644803585,RT @joeshowradio: @joerogan The Bill of Rights was written for Dzhokar Tsarnaev: http://t.co/bmZUZRg4U4,Related and informative,2013 Boston bombings,1,Informative
326170826539954177,"@Swamy39. Boston bombing culprits would have escaped in India,  they are teenagers.our juveniles laws would have set them free by now.",Related - but not informative,2013 Boston bombings,0,Not informative
326183245861511169,Key Congressmen Request Classified Briefing on Saudi ‘Person of Interest’ in Boston Bombing http://t.co/dTw9djCiqE,Related and informative,2013 Boston bombings,1,Informative
326253248803655681,"@UriKatsav Se dice Tamerlan Tsarnaev, era ciudadano Ruso y en Rusia no hay ABC, NBC,FBI,CNN,etc. Querrá Putin investigar y decir la verdad?",Not applicable,2013 Boston bombings,0,Not informative
326254918111477760,http://t.co/yKCbRJ3BbE  Boston bomb suspect killed after shootout: police,Related and informative,2013 Boston bombings,1,Informative
326289663721611264,RT @kavkazcenter: AFP: ''North Caucasus rebels deny link to Boston attack: website'': A website used by Russia's North Caucasus... http://…,Related and informative,2013 Boston bombings,1,Informative
326293665108598786,Did brother lead suspect to murder?: Those who knew the Tsarnaev brothers remember a big friendly giant and ... http://t.co/XpOv8YXcb8,Related and informative,2013 Boston bombings,1,Informative
326314212991320064,Attentat de Boston: Djokhar Tsarnaev communique avec les enquêteurs: Une semaine après la double explosion du... http://t.co/pjfcSuaJBL,Not applicable,2013 Boston bombings,0,Not informative
326327395713953792,RT @KiritRadia_ABC: Mom to ABC on how #Boston suspect influenced his brother: What Tamerlan said was law for Dzhokhar. That’s how I raised…,Related - but not informative,2013 Boston bombings,0,Not informative
326344525222141953,Boston marks week from Marathon bombs with silence (from @AP) http://t.co/P5puJdNrLe,Related - but not informative,2013 Boston bombings,0,Not informative
326349612938047488,#brokawlive Tom Brokaw and Melissa Harris-Perry on Boston Terrorist Attack: “There’s a lot we still need to kn... http://t.co/IhD6ieqbxK,Related and informative,2013 Boston bombings,1,Informative
326372455121833985,Thugs. MT @SDLaborCouncil: 200 Teamsters Lcl 25 members shield Boston bombing victim funeral from Westboro protesters http://t.co/WoARyZz2oY,Related and informative,2013 Boston bombings,1,Informative
326374925550100480,Doctors: All Boston bomb patients likely to live: BOSTON     (AP) -- In a rebuttal to the terrorists and a tri... http://t.co/FekctmNbqp,Related and informative,2013 Boston bombings,1,Informative
326376376791875584,RT @ThorntonFDN: Watch as the #NHLBruins honor first responders of the events surrounding the #BostonMarathon tragedy http://t.co/NfOoGOqOY5,Related and informative,2013 Boston bombings,1,Informative
326377047880511489,"RT @DonGeronimoShow: If RAD are so into free speech and fun times in tragedy why don;t they go to Boston, wear theit t shirts and tell …",Related - but not informative,2013 Boston bombings,0,Not informative
326383158985621504,RT @th3j35t3r: #Boston Bombing: A hunch - http://t.co/vDZPz4MkC2,Related and informative,2013 Boston bombings,1,Informative
326383695843958784,Dead suspect's wife 'very distraught': The wife of deceased Boston Marathon bombing suspect Tamerlan Tsarnaev ... http://t.co/cTGRnDa1bm,Related and informative,2013 Boston bombings,1,Informative
326386048852701186,Did the bombing suspects in Boston plan more attacks? http://t.co/uIJQ55Pf3G,Related - but not informative,2013 Boston bombings,0,Not informative
326398409462398976,"RT @Reuters: Boston bombing suspect not treated as “enemy combatant, will be prosecuted via criminal justice system: White House #breaking",Related and informative,2013 Boston bombings,1,Informative
326399864885899264,Presentan cargos contra Tsarnaev. Será acusado como terrorista y podría enfrentar pena de muerte || http://t.co/QMBTml4w7y,Not applicable,2013 Boston bombings,0,Not informative
326405464260763651,Boston Bomber Dzhokhar Tsarnaev -- CHARGED in Marathon Terror Bombing: Dzhokhar Tsarnaev has just been hit wit... http://t.co/qlsYPARQlV,Related and informative,2013 Boston bombings,1,Informative
326411810272059393,Dzohkhar Tsarnaev CHARGED In Boston Bombings While He Lay In His Hospital Bed http://t.co/cpcRAzvr46 via @HuffPostCrime,Related and informative,2013 Boston bombings,1,Informative
326433872281747456,"RT @tintin1957: #BostonMarathon: 1 day, 2 bombs, 3 dead (1 child) +100 injured. #Syria: 800 days, 1000's of bombs, +90K dead (6000 children…",Related and informative,2013 Boston bombings,1,Informative
326455099671068672,"Boston falls silent to remember marathon bomb victims: Boston has observed a moment of silence, to mark one we... http://t.co/VhkuGGToMd",Related - but not informative,2013 Boston bombings,0,Not informative
326457876287729664,@ABC: Law enforcement sources say Boston bombing suspect learned how to make bombs via instructions found on the Internet no surprise,Related and informative,2013 Boston bombings,1,Informative
326461911241719808,Via WSJ: Highlights From Complaint Against Boston Bombing Suspect - Wall Street Journal: ABC NewsHighlights Fr... http://t.co/1u0EBt6kJV,Related and informative,2013 Boston bombings,1,Informative
326503892030455808,"RT @irritatedwoman: Beck’s Bombshell: Obama Is Hiding Third Boston Marathon Terrorist, Plans To Sneak Him Out Of Country « Pat Dollard http…",Related - but not informative,2013 Boston bombings,0,Not informative
326509269094629376,RT @mbtaGM: The @MBTATransitPD Honor Guard stands for a Moment of Silence remembering the victims of the Marathon Attack http://t.co/ScIwzE…,Related - but not informative,2013 Boston bombings,0,Not informative
326510258958770176,RT @jaketapper: Boston bombing suspect tells officials older brother was driving force behind attack &gt; http://t.co/TAZi7I7t2w,Related and informative,2013 Boston bombings,1,Informative
326657479024992256,Boston bombing suspect Dzhokhar Tsarnaev reportedly told officials that he and h... http://t.co/nGGUXAgDe6,Related and informative,2013 Boston bombings,1,Informative
326703641534820352,Kerry in Turkey Compares Boston Bombing Victims to Terrorists on Flotilla Killed by Israel http://t.co/zk3vun72nW #opisrael,Related and informative,2013 Boston bombings,1,Informative
326715192660594688,RT @OliversMomma: @3pageprophecy_ I still listen to Give Thanks especially on days like today. #prayforboston,Related - but not informative,2013 Boston bombings,0,Not informative
326723006636371968,"RT @rickardo74: Luis saurez when he had a nibble of ivanovic is bigger news than maggie thatcher death and Boston bomb, #sky sports cum on …",Not related,2013 Boston bombings,0,Not informative
326729990181888000,Only caught up with the goings on at the Boston Marathon this morning. Took about 30 mins and I feel I know all I'd ever want to.,Not related,2013 Boston bombings,0,Not informative
326776827945304064,RT @RealAlexJones: New Pictures Purport To Show Tsarnaev Brothers Engaged In Firefight With Police - http://t.co/7ciFptUzTj,Related and informative,2013 Boston bombings,1,Informative
326779742999175168,Boston Bombing: Incredible Pictures Emerge Of Suspects’ Street Gun Battle With Police: Boston Bo... http://t.co/ryS6mItZop via (@iDoPub),Related and informative,2013 Boston bombings,1,Informative
326779826893635584,"RT @BostonGlobe: BREAKING | Source: Marathon bombing suspect admitted that he and brother detonated bombs, killed police officer",Related and informative,2013 Boston bombings,1,Informative
326790664979365889,Sibel Edmonds on the Boston Bombing: The US roots of Chechen terrorism: http://t.co/7IwxGx6LhR via @youtube,Related and informative,2013 Boston bombings,1,Informative
326801129763639297,RT @johnpaulpagano: An essential part of Tamerlan Tsarnaev's radicalization was his indoctrination in conspiracy theories: http://t.co/59Ao…,Related and informative,2013 Boston bombings,1,Informative
326834088587706369,RT @petesouza: Photo of Pres Obama observing a moment of silence at 2:50pm today in honor of Boston Marathon victims http://t.co/3BCXLS6HoZ,Related and informative,2013 Boston bombings,1,Informative
326848399540379648,Check it out! I donated to One Man Marathon for One Fund Boston   http://t.co/6gVuRl99Fi,Related - but not informative,2013 Boston bombings,0,Not informative
326850333122895872,"RT @YossiGestetner: Tamerlan Tsarnaev also possessed a copy of “The Protocols of the Learned Elders of Zion,” http://t.co/YaGpZydDvA",Related and informative,2013 Boston bombings,1,Informative
326892959834456064,RT @aguywithnolife: The pressure cookers used in the Boston Bombing were bought at Macy's. Taylor Swift is a spokeswoman for Macy's. They s…,Related and informative,2013 Boston bombings,1,Informative
326972194427129856,Uncle: Suspect's friend 'brainwashed him completely': The uncle of the men accused of the Boston Marathon bomb... http://t.co/XisPJLQpeH,Related and informative,2013 Boston bombings,1,Informative
327039806628577281,"RT @CitizenRadio: #Steubenville coach gets contract extension, Boston bombing suspect cites US wars as motivation http://t.co/534Kq0WJ3E #C…",Related and informative,2013 Boston bombings,1,Informative
327072748679602177,''BOOM BOOM pon a gosar tu cuerpo con el BOOM'' Dzhokhar Tsarnaev minutos antes de detonar el explosivo en la maratón de Boston,Not applicable,2013 Boston bombings,0,Not informative
327221671637422081,New Images: Boston Bombing Suspects Battle Police http://t.co/cQZpfaHly6,Related and informative,2013 Boston bombings,1,Informative
327239468081897472,McCain Falsely Claims Authorities Can No Longer Question Boston Bombing Suspect http://t.co/0LRyo4FrCf When has GOP ever been right? NEVER!,Related and informative,2013 Boston bombings,1,Informative
327242408288997378,"When the Boston Marathon was bombed it really got me thinking, I wondered why? Dear Lord why weren't any of my #exgf's in that race!?",Related - but not informative,2013 Boston bombings,0,Not informative
327265535685431298,London Marathon honors Boston victims http://t.co/27UEusfwST  via @kr3at,Related and informative,2013 Boston bombings,1,Informative
327295344599764992,"Boston Bombing Stirs Echoes of Unrest in Caucasus: KIZILYURT, Russia — With an automatic weapon at his side an... http://t.co/JAoAubOoEE",Related - but not informative,2013 Boston bombings,0,Not informative
327328336982454273,RT @SoundCloud: Support SoundClouder @stephenrandall's tribute song for victims of the Boston Marathon bombing #bostonstrong http://t.co/eu…,Related - but not informative,2013 Boston bombings,0,Not informative
327343600042131457,RT @cnnbrk: The father of the Boston bombing suspects is expected to travel to the U.S. to talk with investigators. http://t.co/Fp7YG3O2Ij,Related and informative,2013 Boston bombings,1,Informative
327424952766701570,"RT @Chibambo: &lt;3 @jianghomeshi's reminder that while Boston is on our minds, we = no less connected to other tragedies around the world.…",Related - but not informative,2013 Boston bombings,0,Not informative
327435014935564288,Sad on many levels @NBCNews: CONFIRMED: Brown University student falsely identified as Boston bombing suspect found dead in Providence River,Related - but not informative,2013 Boston bombings,0,Not informative
327457634808647681,Boston Marathon Bombing Investigators Using Crowdsourced Photographs http://t.co/NIE05JwOBZ #photography,Related and informative,2013 Boston bombings,1,Informative
327506532004659201,Dzhokhar Tsarnaev dijo a investigadores que él y su hermano discutieron de manera espontánea ir a Nueva York para detonar otros explosivos.,Not applicable,2013 Boston bombings,0,Not informative
327508226507681792,Bombers' Times Square Plan: Boston Bombing Suspect Dzhokhar Tsarnaev Reveals New York Terror Plan (VIDEO). http://t.co/Scm2zcJO1f,Related and informative,2013 Boston bombings,1,Informative
327526924719104003,@slaylly Cabbie believes he had close encounter with Marathon bomb suspects; picked up unusually heavy backpack: A local ta...  @tobikinz,Related and informative,2013 Boston bombings,1,Informative
327537364308201474,Boston bombing suspect told his right 2 remain silent controversy. Judge Made Miranda-Rights Call in Boston Case http://t.co/iRHSrA3t9u @WSJ,Related and informative,2013 Boston bombings,1,Informative
327540967223738369,@slaylly Middlesex County prosecutors building murder case against Dzhokhar Tsarnaev in officer’s slaying: Middlesex County...  @tobikinz,Related and informative,2013 Boston bombings,1,Informative
327551398449381377,RT @Lawsonbulk: FBI warns people to be wary of marathon bombing related online fraud  http://t.co/rqnHD5JzOV,Related and informative,2013 Boston bombings,1,Informative
327609061761769472,"Tsarnaev Bersaudara Rencanakan Serangan Bom di Times Square New York: Selain bom Boston, terungkap rencana ser... http://t.co/5zZImuFPjX",Related and informative,2013 Boston bombings,1,Informative
327637251691511810,RT @richarddeitsch: Sending out @GlobeMoskowitz piece again on the man carjacked by the Boston Marathon bombers. It's that remarkable: http…,Related and informative,2013 Boston bombings,1,Informative
327688145363693569,"FUTURE RT: @IMDbTV Mad Momma Tsarnaev eliminated from Celebrity Apprentice, alleges show is rigged",Not related,2013 Boston bombings,0,Not informative
327714703675641856,Latest developments in the Boston bombing investigation: Here are some of the latest developments in the Bosto... http://t.co/lx42bgoxbA,Related and informative,2013 Boston bombings,1,Informative
327895134270263296,The Lede: The Tale of the Tsarnaev Brothers’ Carjacking Victim: The Boston Globe published a riveting story ab... http://t.co/70vjZxkMCe,Related - but not informative,2013 Boston bombings,0,Not informative
327913819873607681,RT @irritatedwoman: Rep. King: NYC Should Have Been Warned Sooner of Tsarnaev Threat to City http://t.co/q2XQGsRQVH,Related and informative,2013 Boston bombings,1,Informative
327919620625428480,Boston suspect is moved; FBI searches landfill: BOSTON (AP) — Boston Marathon bombing suspect Dzhohkar Tsarnaev was mov...  @tobeymonster,Related and informative,2013 Boston bombings,1,Informative
327979527856865280,Attentat de Boston: Djokhar Tsarnaev transféré dans une prison ... - Le Nouvel Observateur http://t.co/NHEe4d4EfA,Not applicable,2013 Boston bombings,0,Not informative
327980115055230976,RT @LaurieSegallCNN: Reconstructing the trail of Dzhokhar Tsarnaev's deleted Instagram account http://t.co/hrCq0TmLsV my latest with @erica…,Related and informative,2013 Boston bombings,1,Informative
328172629397737474,RT @jricole: Pot and Partying:  Top Ten Signs the Tsarnaev Brothers Weren’t Pious Muslims http://t.co/8ccN3Jb7VX,Related and informative,2013 Boston bombings,1,Informative
328258189021810688,A letter of hope on the marathon bombing - http://t.co/ARuYRfUAk6,Related - but not informative,2013 Boston bombings,0,Not informative
328271191343255552,@AyoubChoudhury Soon Dzhokhar will say he is innocent or guilty BEFORE the trial and we go from there. All Im saying.,Related - but not informative,2013 Boston bombings,0,Not informative
328304607367405569,"Wow, not even running is safe these days. My thoughts and prayers are with those hurt from the tragedy at the Boston marathon.",Related - but not informative,2013 Boston bombings,0,Not informative
328350748922494976,Jihad Discussions Led to Warning on Tamerlan Tsarnaev: Russian authorities never explai... http://t.co/RmjfKc2cUd http://t.co/ChzmegIHcO,Related and informative,2013 Boston bombings,1,Informative
328577585258823681,Russia Recorded Boston Bombing Suspect Discussing Jihad With his Mother Over the Phone. http://t.co/SXlGtC6qvd via @slate,Related and informative,2013 Boston bombings,1,Informative
328589782307438592,Boston bombing suspects' father postpones trip to US citing poor health: The father of the two Boston bombing ... http://t.co/etXORyJayi,Related and informative,2013 Boston bombings,1,Informative
328837149791223809,RT @MisterBanatero: Wag na wag moko i-JANINE TUGONON kung ayaw mo ma BOSTON MARATHON dyan sa bahay niyo!,Not applicable,2013 Boston bombings,0,Not informative
328926119359299584,"RT @let_him_go: If you want to send  Jahar a letter, send it to:   DZHOKHAR TSARNAEV FMC DEVENS FEDERAL MEDICAL CENTER P.O. BOX 879 AYER, M…",Related and informative,2013 Boston bombings,1,Informative
328993299522256896,@tobeymonster Prominent death penalty lawyer Judy Clarke joining marathon bombing suspect's defense team: BOSTON (AP)...  @SancheezyRican,Related and informative,2013 Boston bombings,1,Informative
329065672229404672,RT @runnersworld: Race director Dave McGillivray completed his #bostonmarathon today http://t.co/fnHGmqXK9k,Related - but not informative,2013 Boston bombings,0,Not informative
329190494724816896,RT @MissDiagnosis: My latest:  #Jihad and the #BostonMarathon #Bombers Forget about ‘motive’ - via @nypostopinion  http://t.co/G0roAq3miN,Related - but not informative,2013 Boston bombings,0,Not informative
329258475999866880,HOLY CRAP HOW STUPID - Dem Congresswoman:Background Checks Would Have Stopped Tsarnaev Shootout http://t.co/7AeIhxjfep #dnc #nra #gop #ows,Related and informative,2013 Boston bombings,1,Informative
329294354059493377,RT @cnnbrk: Sources: Feds eye taking death penalty off table for Boston bomb suspect in exchange for attack details. http://t.co/QHnKInRQxT,Related and informative,2013 Boston bombings,1,Informative
329319729623859200,Boston bombing suspect’s family reportedly received $100G from taxpayers: Good grief…&amp; the thanks we got? http://t.co/5IvlVWoEzx,Related and informative,2013 Boston bombings,1,Informative
329354693325225984,"RT @UP2DATEMMA: White visited Boston, wrote checks for bombing victims - Mixed Martial Arts News http://t.co/pY8JQ3j7hJ",Related and informative,2013 Boston bombings,1,Informative
329397970170691585,Source: Dzhokhar Tsarnaev arrived at hospital 'covered in blood': Alleged Boston bomber Dzhokhar Tsarnaev was ... http://t.co/LGHWe2SF0O,Related and informative,2013 Boston bombings,1,Informative
329505289810362369,"RT @sextinghoran: BOSTON MARATHON TRAGEDY, a day to remember! http://t.co/UAMN44PdsX",Related - but not informative,2013 Boston bombings,0,Not informative
329530338189647872,Uncle: Family to claim Boston bomb suspect's body http://t.co/bmTSgGUi6O via @USATODAY,Related and informative,2013 Boston bombings,1,Informative
329614840832327682,RT @Boston_Police: Three additional suspects taken into custody in Marathon bombing case. Details to follow.,Related and informative,2013 Boston bombings,1,Informative
329623376266149888,Reports: Suspects In Custody Allegedly Helped Dzhokhar Tsarnaev After Bombing http://t.co/rXYwoDQAPC via @davidtaint,Related and informative,2013 Boston bombings,1,Informative
329625188188692480,"UPDATE: The three people arrested are roommates of Tsarnaev at UMass-Dartmouth, says @NBCNews",Related and informative,2013 Boston bombings,1,Informative
329640887460167680,"RT @WWLTV: Heavy rains expected this afternoon, and the latest update on three arrests in the Boston Bombing in a few minutes on the Eyewit…",Related and informative,2013 Boston bombings,1,Informative
329644817531420672,"RT @mitchellreports: .@PeteWilliamsNBC says 3 are accused of taking some items that belonged to #Dzhokhar, throwing them away, and denying…",Related and informative,2013 Boston bombings,1,Informative
329659724100419586,did anyone see that old man falling on the ground like a sack of shit at the #bostonmarathon ? what a #noob,Related - but not informative,2013 Boston bombings,0,Not informative
329675268182663169,Three More Arrests Made In Boston Marathon Bombing (PHOTOS) http://t.co/RmP96DTvZB,Related and informative,2013 Boston bombings,1,Informative
329687486194401281,Three In Custody In Boston Marathon Bombing Investigation http://t.co/udPKBVQp9W,Related and informative,2013 Boston bombings,1,Informative
329970912067723264,FBI - Updates on Investigation Into Multiple Explosions in Boston http://t.co/zn9YEx8lnC,Related and informative,2013 Boston bombings,1,Informative
330109428969897985,"RT @cnnbrk: Source: Suspected #Boston bombers initially planned to carry out attack on July 4, but bombs were ready early. http://t.co/Bu67…",Related and informative,2013 Boston bombings,1,Informative
330110590800523264,"Akhirnya, Jasad Bomber Boston Tamerlan Tsarnaev Diambil: 03/05/2013 06:31 Penyebab pasti kematian Tamerlan tak... http://t.co/qVugBpnIka",Not applicable,2013 Boston bombings,0,Not informative
330414270976229376,"@GrantWahl Well, maybe they just wanted a game in the Boston area after the Marathon bombings?",Related - but not informative,2013 Boston bombings,0,Not informative
330551500210331648,BostonMarathon Bomber: Tamerlan Tsarnaev Death Photo I wonder what kinda gun did that? glad they blasted him tho http://t.co/PjyW2uXALx,Related and informative,2013 Boston bombings,1,Informative
330562824835330049,"#BRTT➠ AFTER Boston Bombing, US Customs Decides to Verify All International Student Visas:  http://t.co/aSdAeA35J1 #TGDN #TCOT #CCOT",Related and informative,2013 Boston bombings,1,Informative
330702608421494785,RT @iamYayaGabbana: a lot niggaz ain't gonna make it to the end of summer #PrayForBoston,Related - but not informative,2013 Boston bombings,0,Not informative
331021937579008000,RT @kylegotjokes: I knew this Boston shit was so much deeper than the news said #WakeUp #PrayForBoston #FreeBands http://t.co/Rt7Mc6ETmX,Related - but not informative,2013 Boston bombings,0,Not informative
331401605956108288,"High security, bomb dogs and a moment of silence at O.C. Marathon http://t.co/LClqOalWmc",Not related,2013 Boston bombings,0,Not informative
331857161913253889,Boston Marathon bombing survivor tells One Fund Boston administrator he is traumatized from blast http://t.co/GWOs5shoQv,Related and informative,2013 Boston bombings,1,Informative
332561800795144193,“@nytimes: Boston Police Weren’t Told F.B.I. Got Warning on Tsarnaev http://t.co/blL52i27xy”,Related and informative,2013 Boston bombings,1,Informative
332965968097734656,"Tamerlan Tsarnaev fue enterrado en un cementerio musulmán de Virginia: Los restos de Tamerlan Tsarnaev, presun... http://t.co/iXIjooNR7s",Not applicable,2013 Boston bombings,0,Not informative
333035488694906882,RT @TheSpoonyOne: One would think people would be bidding huge money to have Tsarnaev buried on their property. Sell tickets to wizz on the…,Related - but not informative,2013 Boston bombings,0,Not informative
333120377226158081,"To locals' surprise, Tamerlan Tsarnaev buried in Virginia cemetery http://t.co/ztnWUduY82",Related and informative,2013 Boston bombings,1,Informative
333279915938021376,has anyone noticed how after the boston bombings the govt is now uncovering mad bomb plots around the country?,Related - but not informative,2013 Boston bombings,0,Not informative
333433171611893762,RT @TwitWingsAr: هناك أكثر من 3798 صورة تم تداولها من ضمن 21653 تغريدة في هاشتاق #PrayForBoston ! http://t.co/Mnbr2vWytP,Not applicable,2013 Boston bombings,0,Not informative
333433893027971073,RT @TwitWingsAr: هناك أكثر من 2334 صورة تم تداولها من ضمن 21462 تغريدة في هاشتاق #BostonMarathon ! http://t.co/VT0sPdVqDs,Related - but not informative,2013 Boston bombings,0,Not informative
333627296600686594,"RT @Ohpubertalks: R.I.P. to the 8 year-old girl who died in Boston's explosions, while running for the Sandy Hook kids. #prayforboston http…",Related and informative,2013 Boston bombings,1,Informative
333948244725989379,"RT @Doc_0: If only this Administration kept tabs on the Tsarnaev welfare-terrorist clan, the way they go after innocent political dissident…",Related - but not informative,2013 Boston bombings,0,Not informative
333963193238032385,@ArmchairArab @LibyanBentBladi I am sorry I am just comparing to what happened after Boston explosions.,Related - but not informative,2013 Boston bombings,0,Not informative
333981371368353794,The BOSTON MARATHON ZUP is emerging on #Tweetzup http://t.co/9OeAzRhNHt,Related - but not informative,2013 Boston bombings,0,Not informative
334472155234463744,Ni saben pronunciar el nombre de Dzhokhar Tsarnaev pero ahí andan de lamebotas porque está guapo.,Related - but not informative,2013 Boston bombings,0,Not informative
334949521555603456,RT @CIApressoffice: 'Wigged CIA spy' Ryan C. Fogle was reportedly seeking information on Boston Bombing: http://t.co/p9e8f8IHMc,Related and informative,2013 Boston bombings,1,Informative
335100856246624256,Lmaoo Tsarnaev allegedly wrote a note on the boat he was hiding in.,Related - but not informative,2013 Boston bombings,0,Not informative
335734858879995904,Unburied: Tamerlan Tsarnaev and the Lessons of Greek Tragedy http://t.co/Cja3BkPdnp via @NewYorker,Related - but not informative,2013 Boston bombings,0,Not informative
336045166039281664,#BostonBomber #6Stars in Grand Theft Auto early.. Dzhorkar Tsarnaev #MaimingMilers #music #Roadkill #DeadManDown http://t.co/z8lemHNEnm,Related - but not informative,2013 Boston bombings,0,Not informative
336356106601394176,How to Fake Death at the Boston Marathon - What They Don't Want You to Know  http://t.co/kk84QyChrp interesting is it TRUE? Points R valid!,Not related,2013 Boston bombings,0,Not informative
336926632583512065,RT @BretLockett26: My heart and prayers go out to everyone that has been affected by this tragedy in Boston.,Related - but not informative,2013 Boston bombings,0,Not informative
337175551951400960,"Orlando man killed by FBI had ties to Boston Marathon bombing suspect, NBC News confirms http://t.co/DiVcqBiK4l",Related and informative,2013 Boston bombings,1,Informative
337225145414479873,FBI kills man linked to Boston bombing suspect http://t.co/5fCOKZOv19,Related and informative,2013 Boston bombings,1,Informative
337359539294842880,Friend of Boston Bombing Suspect Shot and Killed by FBI Agent. @PierreTABC reports. http://t.co/OgEOFJia78,Related and informative,2013 Boston bombings,1,Informative
337542079603437569,"What's worse- security service saying they knew about terrorists and investigated them, or that they'd never heard of them? #london #boston",Related - but not informative,2013 Boston bombings,0,Not informative
337602527912660992,2 FBI Agents Involved in Dzhokhar Tsarnaev’s Arrest “FALL” Out of Helicopter and Die http://t.co/PLVP7olqwT via @sharethis,Related and informative,2013 Boston bombings,1,Informative
337825887162617856,Steve Sailer: Tsarnaev-Todashev story has immigration fraud written all over it http://t.co/q4QAvN1KNU,Related and informative,2013 Boston bombings,1,Informative
337833407570640897,@Vencace IHT Rendezvous: Questions in London Killing Echo Boston Bombing: After the brutal daylight murder of an off-duty soldier in ...,Related - but not informative,2013 Boston bombings,0,Not informative
337937153688473600,RT @RedSox: #RedSox fans: Help @davidortiz raise money for Boston Marathon victims by purchasing a custom bat from http://t.co/tJijN3QLGD #…,Related and informative,2013 Boston bombings,1,Informative
338321003807649794,RT @mattpep15: Thousands got to finish the #BostonMarathon today. Here's a photo at the finish. http://t.co/MqRjKZfGkk,Not related,2013 Boston bombings,0,Not informative
338695282491527170,"Boston Marathon winner Lelisa Desisa honors city, victims http://t.co/bCq1Yk1uxD",Related and informative,2013 Boston bombings,1,Informative
338979664712327168,FBI killing of man with ties to Tsarnaev: Self-defense or excessive force? http://t.co/pBSY4ecdQ7,Related - but not informative,2013 Boston bombings,0,Not informative
339257361170591744,@elenaaaaaa6 candy crush is a game &amp;&amp; #PrayForBoston isn't telling people to DM them how they feel😳,Related - but not informative,2013 Boston bombings,0,Not informative
340244410954547200,RT @1510wlac: Boston Strong concert to benefit marathon victims takes place tonight! http://t.co/XM6y9qjSgN,Related and informative,2013 Boston bombings,1,Informative
340341051917209601,Boston bombing suspect 'walking',Related - but not informative,2013 Boston bombings,0,Not informative
340690781352378370,"RT @KLSouth: The FBI agents, who eliminated Boston terrorist Tamerlan Tsarnaev, died as they fell out of a helicopter, the FBI said.  Oh re…",Related and informative,2013 Boston bombings,1,Informative
343337278111875072,"RT @dens: Btw, special thanks to @DICKS for helping me &amp; @chelsa complete our fundraising goals for Boston Marathon (hence those #RunFor tw…",Not related,2013 Boston bombings,0,Not informative
344322373329235969,RT @fancyfenty: he wouldn touch ur lebanese ass with a stick RT @reIaxbro what name would you rather yell in bed dzhokhar or jahar,Related - but not informative,2013 Boston bombings,0,Not informative
347686624563429378,"RT @CBCAlerts: Canmore, Alta. declares state of emergency due to flooding  - with some residents being moved to community centre #Alberta",Related and informative,2013 Alberta floods,1,Informative
347766337344503808,"RT @GlobalCalgary: If you are in #Canmore and need help, an emergency line has been set up. Pls call 403-678-1551. #abstorm #abflood",Related and informative,2013 Alberta floods,1,Informative
347779159327637504,RT @metrocalgary: UPDATE: Latest from the @cityofcalgary and surrounding area on #abflood: http://t.co/lkA9L9zSvT #yyc,Related and informative,2013 Alberta floods,1,Informative
347783236191129600,"RT @GlobalCalgary: GALLERY: Incredible photos of flooding around southern Alberta, inc. Canmore, Bragg Creek, Chain Lakes: http://t.co/E79r…",Related and informative,2013 Alberta floods,1,Informative
347793432514801665,RT @nenshi: Major risk of flooding in Calgary. Follow directions here: http://t.co/7dLx8aZptf and stay tuned. Please RT widely. #YYC,Related and informative,2013 Alberta floods,1,Informative
347793818403344384,RT @weathernetwork: RT: Residents of #HighRiver AB asked to evacuate immediately. Severe and rapid flooding occurring. #abstorm #abflood,Related and informative,2013 Alberta floods,1,Informative
347802211222433792,RT @BrockWHarrison: . @ElectDanielle and other volunteers now stranded inside High River General Hospital until water recedes. #abflood #ab…,Related and informative,2013 Alberta floods,1,Informative
347804916514951168,Lots of #abflood updates on our liveblog http://t.co/tJK7Cx7yiR,Related and informative,2013 Alberta floods,1,Informative
347808955663257600,RT @aldjohnmar: Our first Emergency Shelter will be the Southland Leisure Centre. #yyc #yyccc #yycflood,Related and informative,2013 Alberta floods,1,Informative
347812738900320256,'Move to high ground:' Rapid flooding forces evacuation of High River http://t.co/XFwGrt6lXm #yyc #Calgary #yycre #reincal,Related and informative,2013 Alberta floods,1,Informative
347815712670236672,RT @News1130radio: Due to widespread flooding parts of Calgary are being evacuated.  Ppl are asked to find shelter and to be prepared for t…,Related and informative,2013 Alberta floods,1,Informative
347819248455913473,"RT @TarzanDan: If you are in #Canmore &amp; need help, an emergency line has been set up. Please call 403-678-1551 #abstorm #abflood",Related and informative,2013 Alberta floods,1,Informative
347828509512724480,Calgary is now in a local state of emergency. Lots of evacuations and road closures. Stay safe!!  #yycflood #yyc,Related and informative,2013 Alberta floods,1,Informative
347830497596030976,RT @SunNewsNetwork: UPDATED: Parts of Calgary evacuated after heavy rains flood southern Alberta http://t.co/2isLI0fVwR,Related and informative,2013 Alberta floods,1,Informative
347831286116794368,RT @brennancreative: This sign in Okotoks reminds of Walking Dead/zombie apocalypse stuff. #abflood http://t.co/3QmOIb18Oz,Related and informative,2013 Alberta floods,1,Informative
347831613293473793,“@Van_city_Nucks: All people evacuating the flooding in Alberta can just use Taylor Halls forehead as a life raft and get to safety”@RimSan_,Related and informative,2013 Alberta floods,1,Informative
347834360541614080,RT @GlobalCalgary: The town of #Sundre has declared a state of local emergency due to flooding along the Red Deer River. #abflood,Related and informative,2013 Alberta floods,1,Informative
347834796774400000,RT @mikesbloggity: Water now flowing over the pathway to Prince's Island Park. #abflood http://t.co/7hT6o9QDyO,Related and informative,2013 Alberta floods,1,Informative
347835581105057792,RT @cityofcalgary: Due to flooding a closure of the two eastbound lanes on Memorial Dr between 5A St and Centre St NW is planned. #yycflood,Related and informative,2013 Alberta floods,1,Informative
347839322420019200,RT @ChrisScottWx: RT @echo_bryanpass Motorists contend with cascading water over Highway 3 by Crowsnest Lake #abflood http://t.co/4oOJkshOC4,Related and informative,2013 Alberta floods,1,Informative
347851469103431680,Evac order only for affected areas or entire neighborhood (eg mission at 19 ave)?  @calgarypolice #yycflood map http://t.co/n6WhiwPzXD,Related and informative,2013 Alberta floods,1,Informative
347852572230553601,Rainfall warning ended for Calgary but flooding potential still exists: http://t.co/4KwPzRMZHP #yyc @ctvnews,Related and informative,2013 Alberta floods,1,Informative
347855868936732672,RT @Edmontonsun: #StateofEmergency in southern Alberta. Hwy's closed evecuations ongoing Rain continues #Flood  http://t.co/Y0n6Qnp3LG http…,Related and informative,2013 Alberta floods,1,Informative
347860566561390593,"RT @CgyCA: UPDATE: Erlton, Victoria Park, Cliff Bungalow and Inglewood added to #yyc evacuation order because of flooding. #abflood",Related and informative,2013 Alberta floods,1,Informative
347866593793024000,"RT @CBCCalgary: City of Calgary expecting 75,000 to 100,000 people in #yyc will be forced from their homes because of flooding. #abflood",Related and informative,2013 Alberta floods,1,Informative
347868816765763584,"At risk of drowning today, heavy rain all night. Thank goodness I live high up on a hill. Be safe yall. #abflood #yyc #yycflood",Related - but not informative,2013 Alberta floods,0,Not informative
347872579039662080,RT @yuppielove: emergency alert just came on the radio &amp; tv. Bowness &amp; Sunnyside on are on overland flooding alert. #yycflood #yyc,Related and informative,2013 Alberta floods,1,Informative
347873627632439296,RT @weathernetwork: Insane photo of flooded parkade in Discovery Ridge via @GlobalCalgary: http://t.co/xAjppUJU6Y. #yyc #abflood,Related and informative,2013 Alberta floods,1,Informative
347878031651635201,Bridge at Edworthy park #yycflood @ Edworthy Park http://t.co/wkkQLhftRj,Related and informative,2013 Alberta floods,1,Informative
347878786630574081,"Wow, I've never seen the river this high before.  #abflooding #yycflood",Related - but not informative,2013 Alberta floods,0,Not informative
347880648901537792,Shakespeare in the park. #abflood http://t.co/XW4Fn27tVy,Related - but not informative,2013 Alberta floods,0,Not informative
347881596789067778,RT @bpincott: @cityofcalgary: Maps of the Sunnyside and Bowness evacuations can be found here: http://t.co/qbFPVnl9vr #yycflood #yyccc,Related and informative,2013 Alberta floods,1,Informative
347884541186297856,The pictures of the flood in Calgary and Southern Alberta is just so heartbreaking! #abflood #heartbreaking #staysafe,Related - but not informative,2013 Alberta floods,0,Not informative
347887263289597953,RT @consumersos: Praying for the people in my hometown #Calgary tonight as waters rise. My high school St.Mary's in flood Zone too....,Related - but not informative,2013 Alberta floods,0,Not informative
347887946986295296,RT @cityofcalgary: Due to rising water levels the lower deck of Centre Street bridge has been closed. Be careful #yycflood,Related and informative,2013 Alberta floods,1,Informative
347901205177044992,RT @Crackmacs: Bowness Park. Not much left #yyc #yycflood #abflood http://t.co/aVvCmLIXh7,Related and informative,2013 Alberta floods,1,Informative
347901683310944256,RT @CBCMeg: Our @CBCCalgary building is in evacuation zone. Staff leaving now. We still have reporters &amp; shooters across SAb &amp; #yyc #abflood,Related and informative,2013 Alberta floods,1,Informative
347903776277008384,RT @katiessummers: @CalgaryPolice please keep us updated on when/if volunteers will be needed - I'd love to help in any way I can #abflood …,Related and informative,2013 Alberta floods,1,Informative
347904308957814784,RT @tvchick13: City 8pm Update:  Roads in downtown core being closed.  Memorial Drive closed. #YYC #ABflood #flood,Related and informative,2013 Alberta floods,1,Informative
347904782914174977,RT @weathernetwork: AHS has released a Boil Water Advisory for the Calgary Zone. http://t.co/r4cc0t8eMP  #yyc #yycflood #abstorm #abflood (…,Related and informative,2013 Alberta floods,1,Informative
347905873420619776,RT @SAITPolytechnic: We've opened residences to those evacuated due to #yycflood. If you need lodging visit an #ABemerg Response centre fir…,Related and informative,2013 Alberta floods,1,Informative
347907664409395200,RT @sassystuff: RT @AHS_media: City of Calgary NOT under boil water order. #yyc #abflood,Related and informative,2013 Alberta floods,1,Informative
347911137267953664,Tornado warning in #edmonton then flood in #calgary? #thethingsidealwith #staysafe,Related - but not informative,2013 Alberta floods,0,Not informative
347912009691578368,RT @ShaneKeller: #HighRiver Man swims after his cat Momo.. #abflood #yycflood #incredible http://t.co/5SRjMiEjVP,Related - but not informative,2013 Alberta floods,0,Not informative
347912521400860672,Hard to believe 2 weeks ago I was in Calgary and it was beautiful.  I hope evryone keeps safe. #abflood,Related - but not informative,2013 Alberta floods,0,Not informative
347914475933941760,RT @nenshi: The City of Calgary newsroom is also a good source for the latest releases about #yycflood http://t.co/wA29b1US4g,Related and informative,2013 Alberta floods,1,Informative
347914811511808001,"RT @CalgaryPolice: Many communities having power and gas cut-off. You may not see #yycflood, but you’ll have no utilities either. Please ev…",Related and informative,2013 Alberta floods,1,Informative
347915021206036481,This guy is telling it how it is! Hilarious. Be careful Calgary! Severe Thunderstorm Watch! http://t.co/BlAMOEdYrU via @youtube #flood #rain,Related - but not informative,2013 Alberta floods,0,Not informative
347916199809658882,Now there's bad flooding in #Alberta? Oh no... Thinking of my Western neighbours tonight! #floods,Related and informative,2013 Alberta floods,1,Informative
347916212405145600,RT @CalgaryPolice: Check here to see what areas of Montgomery must be evacuated: http://t.co/0p1PSfn001 #yycflood,Related and informative,2013 Alberta floods,1,Informative
347916707328831488,#Abflood #cochrane #hwy22 wow! #yyc #flood #ab https://t.co/kvpJ9sg5lJ,Related - but not informative,2013 Alberta floods,0,Not informative
347917680411553794,"To everyone in southern #Alberta, stay safe and dry during this insane #flooding! For anyone in the affected areas, http://t.co/Z6Q5U9kKxI",Related and informative,2013 Alberta floods,1,Informative
347918284366168065,"Mandatory evacuations ordered in Calgary from flooding; 100,000 people may be affected http://t.co/MSnhzhpXdk",Related and informative,2013 Alberta floods,1,Informative
347918506660073472,RT @PaulaTrotter: I just can't believe it. Stay safe everyone. #yycflood #downtownyyc #abflood http://t.co/SbtZ0VuZ9N,Related - but not informative,2013 Alberta floods,0,Not informative
347918808662556673,RT @CIAwesome: LIVE FEED: Bow River at the 10th Street bridge by Kensington http://t.co/LzQcBp31eD #yycflood #abflood via @GlobalCalgary,Related and informative,2013 Alberta floods,1,Informative
347919739785449472,&lt;3 goes out to the folks in #Calgary. #abflood looks to be a bad one this time around. Hope the evacuees get out safe. #Canadianlove,Related and informative,2013 Alberta floods,1,Informative
347920062780407811,RT @weathernetwork: RT @margovisser BOW CRESCENT FLOODING!! View from Silver Springs hill. #yycflood #bowness #calgary http://t.co/cJiCjvkO…,Related and informative,2013 Alberta floods,1,Informative
347920293429395456,RT @LX787SToms: There is a lower bridge deck on this bridge #abflood #yycflood http://t.co/8RITo19sHz,Related - but not informative,2013 Alberta floods,0,Not informative
347921119724060672,RT @smbyyc: PLEASE NOTE - #SMBYYC #41 has been CANCELLED!  Up to 100K ppl affected by #yycflood - we need ppl to stay safe! PLEASE RT,Related and informative,2013 Alberta floods,1,Informative
347921186816147459,RT @TELUS: RT @CalgaryPolice: Please evacuate the following areas of #yyc: http://t.co/v8cVAGCLxb #yycflood Please RT,Related and informative,2013 Alberta floods,1,Informative
347921258152865793,RT @GlobalCalgary: MAPS: Evacuated areas in the city of Calgary: http://t.co/4thr9fCXmc #YYC #yycfloods,Related and informative,2013 Alberta floods,1,Informative
347922013106606081,RT @donnamct: RT @smbyyc: PLEASE NOTE - #SMBYYC #41 has been CANCELLED!  Up to 100K ppl affected by #yycflood - we need ppl to stay safe! P…,Related and informative,2013 Alberta floods,1,Informative
347922340274905089,RT @cityofcalgary: City of Calgary NOT under boil water order. @AHS_media #yyc  http://t.co/6IYE7cHc16 #yycflood,Related and informative,2013 Alberta floods,1,Informative
347922856157523970,"RT @JeffALewis: Peace bridge again, looking southwest #yycflood http://t.co/QKcjwURw3h",Related - but not informative,2013 Alberta floods,0,Not informative
347925557314453505,RT @calgaryjournal: City of Red Deer declares state of emergency: http://t.co/XCBYOvSNeA #abflood #abstorm #yqf,Related and informative,2013 Alberta floods,1,Informative
347926857552887808,"Now I will devoted my effort to keeping people up-to-date on the flooding in Alberta. Very sad, and I hope everyone is safe.",Related and informative,2013 Alberta floods,1,Informative
347927046279794688,RT @MichelleRempel: Pictures are not worth the risk to your person or to our emergency responders. Avoid the river. #yycflood,Related and informative,2013 Alberta floods,1,Informative
347928271024951298,RT @CBCMeg: Follow him: “@CstShaw: Taking over tweeting for @CalgaryPolice during #yycflood since we've reached twitter limit on our main a…,Related and informative,2013 Alberta floods,1,Informative
347928778544128003,“@GlobalEdmonton: Watch: Live stream of the Bow River: http://t.co/B3lLPh1ZbE #abflood”,Related and informative,2013 Alberta floods,1,Informative
347928887579254787,RT @CstShaw: Taking over the tweeting for @CalgaryPolice during #yycflood since we have reached the twitter limit on our main account. #yyc,Related and informative,2013 Alberta floods,1,Informative
347930896634089474,RT @NHLFlames: .@CalgaryPolice have exceeded their tweet limit - follow @CstShaw for #yycflood updates.,Related and informative,2013 Alberta floods,1,Informative
347931089580470272,"RT @NavyBoy88: according to officials, Flooding in #yyc expected to reach 6 Ave, those not familiar with Calgary, that's roughly 1 km inlan…",Related and informative,2013 Alberta floods,1,Informative
347932373029105664,RT @TELUS: Big thanks to our team in #YYC who worked to fortify our network for #abflood - loads of sandbags! We will be monitoring it.,Related - but not informative,2013 Alberta floods,0,Not informative
347932465312174080,RT @GlobalCalgary: UPDATE: The Calgary Drop-In Centre has been evacuated due to flooding concerns. #YYC #yycflood #abflood,Related and informative,2013 Alberta floods,1,Informative
347932788290379776,"Stay safe, Alberta. #ABflood",Related - but not informative,2013 Alberta floods,0,Not informative
347933274821242881,RT @cityofcalgary: Please avoid downtown if you can tomorrow. There will be a number of road closures. #yycflood #yyc,Related and informative,2013 Alberta floods,1,Informative
347934264676978688,RT @nenshi: Please stay clear of downtown tomorrow (if you can). There will be a number of road closures. #yycflood #yyc,Related and informative,2013 Alberta floods,1,Informative
347934268875481088,RT @CstShaw: Thanks to @EdmontonPolice for sending your troops to help us with #yycflood #yyc,Related - but not informative,2013 Alberta floods,0,Not informative
347934679892099073,"RT @nicolerrabbit: @sandraklis: The river now! Getting dark and headin for higher ground now, everyone stay safe! #yyc #yycflood http://t.…",Related and informative,2013 Alberta floods,1,Informative
347935749439619072,RT @Daorcey: .@calgarytransit expecting service disruptions tomorrow http://t.co/NmNBVkT0MZ #yycflood,Related and informative,2013 Alberta floods,1,Informative
347938937114869760,"RT @theturner: Among other odd details of the #abflood, let’s remember it was the night @CalgaryPolice went to Twitter jail.",Related - but not informative,2013 Alberta floods,0,Not informative
347941944426639360,"RT @isosanity: Langevin Bridge, 10:30 PM #abflood #yycflood #yyc http://t.co/10qh8ZbdZr",Related and informative,2013 Alberta floods,1,Informative
347942602932371456,RT @JoseCanseco: heart goes out to the flood victims in Alberta.  Praying for the rain to stop,Related - but not informative,2013 Alberta floods,0,Not informative
347942921728835585,"RT @EpochTimes: Canmore Flood Could Force 100,000 From Homes in Canada http://t.co/x3ULopkuoz | Epoch Times",Related and informative,2013 Alberta floods,1,Informative
347942951063789568,RT @CalgaryPolice: And also evacuate this area of Bowness. #yycflood 2/2 http://t.co/hGZVoJaLJD,Related and informative,2013 Alberta floods,1,Informative
347943311786536960,yep this is all i could think of haha stay safe errbody #yycfloods #yyc #abstorm #abfloods http://t.co/Aee01GPgkR,Related - but not informative,2013 Alberta floods,0,Not informative
347943362118168576,RT @acoyne: Two by two? @TonyHerald: Calgary Zoo is actually moving animals to higher ground now #yyc #abflood,Related and informative,2013 Alberta floods,1,Informative
347944733642981377,RT @downtowncalgary: Please be safe tonight and please work from home on Friday due to road closures w#yycflood http://t.co/G2eLGaAOgQ,Related and informative,2013 Alberta floods,1,Informative
347945157301256194,"Good news from Okotoks, where the Sheep River appears to have peaked, waters receding: http://t.co/E79r5ZW110 #abflood",Related and informative,2013 Alberta floods,1,Informative
347945933209731074,@cityofcalgary @CalgaryPolice @CalgaryFire #yycflood Hope yyc Fire Department and EMS requested larger twitter traffic limit 4 future emrgnc,Related - but not informative,2013 Alberta floods,0,Not informative
347946893722152960,Lol Alberta flood 2013,Related - but not informative,2013 Alberta floods,0,Not informative
347948810540036096,@Premier_Redford expected to be touring High River and area tomorrow. #ABflood,Related and informative,2013 Alberta floods,1,Informative
347949078967091201,“@_Tosin: If any Hot Chicks in #Calgary Need lodging from #Flooding you can have my Bed I'll sleep on the Floor Tonight” #classy #pricesless,Related - but not informative,2013 Alberta floods,0,Not informative
347950987362836480,RT @Daybreak_Dude: #dbn former host Russel Bowers joins the show to give us eyewitness account of #calgary flooding. #cbc,Related and informative,2013 Alberta floods,1,Informative
347952103056093184,RT @nenshi: Heads up! “@CstShaw: Taking over the tweeting for @CalgaryPolice during #yycflood - we reached the twitter limit on our main ac…,Related and informative,2013 Alberta floods,1,Informative
347953784955215873,RT @cityofcalgary: Reminder: ALL CBE and Catholic School Board schools closed.Please RT and let the children know. #yyc #yycflood,Related and informative,2013 Alberta floods,1,Informative
347958637769146368,RT @harpoooon: I feel like nobody realized it was the first day of summer in Calgary #yycflood #notsummer,Related - but not informative,2013 Alberta floods,0,Not informative
347958855889715200,RT @CIAwesome: ROAD CLOSURE: Many parts of Elbow Drive are under flood watch and are closed off. Stay away! Use alternate routes #abflood #…,Related and informative,2013 Alberta floods,1,Informative
347958868460044288,"RT @amandatem_: Today's most tweeted topics on my twitter: Calgary's flood, Instagram's Video and North West.",Related - but not informative,2013 Alberta floods,0,Not informative
347961057878351873,"Thanks for making fun of us, Google. #jerks #yycflood http://t.co/aldZtV0KJA",Related - but not informative,2013 Alberta floods,0,Not informative
347961531843084288,Pray for Alberta. #flood,Related - but not informative,2013 Alberta floods,0,Not informative
347962056114315264,Front page of http://t.co/IY2oAYnMRh lead story. Yikes. #yyc #yycflood,Related and informative,2013 Alberta floods,1,Informative
347964602077810688,RT @UnikornGirl: Shouldice Bridge is closed &amp; between 48 AV NW and Bearspaw Dam RD NW is closed #yycflood,Related and informative,2013 Alberta floods,1,Informative
347964765672456192,"RT @Metro_Nolais: Flyover into downtown off Memorial closed, downtown could be hit bad #yycflood",Related and informative,2013 Alberta floods,1,Informative
347965080232669184,"RT @cnnbrk: Mandatory evacuations in 20 communities in Alberta because of flooding; 100,000 could evacuate in Calgary. http://t.co/rcrPB3MC…",Related and informative,2013 Alberta floods,1,Informative
347965428364099585,"RT @popingay: Feels strange being evacuated from the 33rd floor. Trust me, if the water gets there we're all screwed. #yyc #yycflood #abflo…",Related - but not informative,2013 Alberta floods,0,Not informative
347966007148683265,RT @codyincalgary: Avoid everything that is non-essential tomorrow and don't go anywhere if you don't have to. #yycflood,Related and informative,2013 Alberta floods,1,Informative
347966581772529664,@CstShaw What is happening to the animals at the zoo? #yycflood,Related - but not informative,2013 Alberta floods,0,Not informative
347967127061426177,A tribute to #Calgary #yyc #flooding #Okotoks  http://t.co/ifY49PPq2f,Related - but not informative,2013 Alberta floods,0,Not informative
347968645370101760,“@4theluvoffooty: YYC you're in good hands. One of the best mayors out there #abflood” @nenshi,Related - but not informative,2013 Alberta floods,0,Not informative
347974030852255744,Flood in Alberta and the miami heat wins the nba finals...and also a baby named north west #whatajoke #yycflood #NBA,Not related,2013 Alberta floods,0,Not informative
347974060233334784,"RT @calgarysun: Please stay safe, everyone! Calgary Sun reporter will be staffing City flood briefings this morning &amp; tweeting from there. …",Related - but not informative,2013 Alberta floods,0,Not informative
347979277955895299,RT @ReidFiest: Driving in Kensington. All the power is off. Weird scene. No flooding yet. #yycflood http://t.co/RFIzqMcEVX,Related and informative,2013 Alberta floods,1,Informative
347980737582075906,RT @CalgaryPolice: Thank you #yyc for the kind compliments this evening. They will help us go through the night. #yycflood,Related - but not informative,2013 Alberta floods,0,Not informative
347990522855583744,ALBERTA FLOODING - Canmore Bragg Creek High River Floods Calgary 2013 Fl...: http://t.co/jh0ud0Gtos via @youtube  النهر انجن,Related and informative,2013 Alberta floods,1,Informative
347994360647917568,Haven't heard much about the homeless during #yycflood. Glad @calgarydropin is looking out for them tonight.,Related and informative,2013 Alberta floods,1,Informative
347994553594298369,RT @Nishnabi: Alberta gas leak continues as extreme flooding prevents shutdown http://t.co/ehfwzQGLLW,Related and informative,2013 Alberta floods,1,Informative
347994557809586176,This is gonna be a boring weekend if I can't go downtown to drink #yycflood #firstworldproblems,Related - but not informative,2013 Alberta floods,0,Not informative
348005286805655552,"As many as 100,000 people could be forced from their homes by heavy flooding in western Canada. Water levels peak today at noon.",Related and informative,2013 Alberta floods,1,Informative
348007975392251904,RT @TheHarperGov: My PMO working furiously tonight  to reveal the truth of Justin Trudeau's connection to southern Alberta flooding.,Related - but not informative,2013 Alberta floods,0,Not informative
348015923589963776,"Flooding may force 100,000 from west Canada homes - http://t.co/rlkLKZH9pn",Related and informative,2013 Alberta floods,1,Informative
348018956071747585,"#news Canada floods 'could force 100,000 from homes': As many as 100,000 people could be forced to fle... http://t.co/RAk5IenM37 #follow",Related and informative,2013 Alberta floods,1,Informative
348029991264600064,"RT @GlobalParker: An up close look at the centre street bridge, flowing through lower deck. Courtesy: Alex Halat #yycflood http://t.co/a9H8…",Related and informative,2013 Alberta floods,1,Informative
348038375669915648,The city's @stsomers says a number of bridges (especially around the core) are closed. Bridges along Deerfoot being assessed. #yycflood,Related and informative,2013 Alberta floods,1,Informative
348045887668371456,RT @CalgaryPolice: Clarifying a rumour for #yyc. There are NO zoo animals being sheltered at the Courts. #yycflood,Related and informative,2013 Alberta floods,1,Informative
348048823693750272,"OODA Loop: West Canada flooding forces 100,000 to flee homes | http://t.co/4p8cFYDNkK",Related and informative,2013 Alberta floods,1,Informative
348049947792384001,Alberta awakes to more rain as flood crests near http://t.co/EjLryIJBEF #yeg,Related and informative,2013 Alberta floods,1,Informative
348051789083447297,"Straight from @nenshi , to ALL Calgarians: Avoid ALL Travel that is not absolutely necessary #Calgary #abflood",Related and informative,2013 Alberta floods,1,Informative
348055513621221376,"West Canada flooding forces 100,000 to flee homes http://t.co/u4ouLBYohe (via @news360)",Related and informative,2013 Alberta floods,1,Informative
348056482518024192,"RT @FineDinerYYC: Apologies friends but, we will be closed today. Inglewood is shut down. #yycflood",Related and informative,2013 Alberta floods,1,Informative
348057631732146178,"RT @Greenpeace: Heavy flooding in Canada may force 100,000 people to leave their homes: http://t.co/Xl2LaXTC5W #ClimateChange",Related and informative,2013 Alberta floods,1,Informative
348059787625394176,Unreal situation with all the flooding in Calgary. Grateful that my home is safe.,Related - but not informative,2013 Alberta floods,0,Not informative
348060488044802049,RT @RosaHwangCTV: Stunning images from the #YYCFlood zone: http://t.co/uKYdGgHLt2 #Calgary,Related and informative,2013 Alberta floods,1,Informative
348061796696993794,RT @cityofcalgary: For mandatory evacuation information including locations and maps check here regularly: http://t.co/aDxK0wsErR #yycflood,Related and informative,2013 Alberta floods,1,Informative
348062132207747072,"RT @TPM: PHOTO: Extreme flooding in Canada may force 100,000 from homes today. This man swims after his cat: http://t.co/0smvIEahzN",Related and informative,2013 Alberta floods,1,Informative
348066834060283905,RT @buzzbishop: This Is NOT how you win friends. #wtf #yycflood MT @CalgaryParking: regular parking rates are in effect today.,Related and informative,2013 Alberta floods,1,Informative
348067303813951488,"RT @canadogreg: Must see flooding pic from High River, AB RT @NatashaChiam: RT @tracyohn: High River #abstorm #abflood http://t.co/x80e0Uv8…",Related and informative,2013 Alberta floods,1,Informative
348068046209970177,WATCH: House floats down river during Alberta flood http://t.co/0Z6r47EKDy,Related and informative,2013 Alberta floods,1,Informative
348068713095897088,RT @jengerson: 2nd Ave. #yycflood http://t.co/3c4CelUTTH,Related and informative,2013 Alberta floods,1,Informative
348071133205118976,RT @yuppielove: OMG! “@aimeedodge: @EmilyMcTeer “@KB_Dutch: #yyccc #yycflood corner of 17 and Macleod  @ 6:30 am June 21.http://t.co/lo8cLX…,Related and informative,2013 Alberta floods,1,Informative
348072429249236992,"RT @calgaryherald: Stay away from downtown, says #yyc mayor. Latest news here: http://t.co/ktTk48cQKo #yycflood Stay informed for free.",Related and informative,2013 Alberta floods,1,Informative
348072861245767680,RT @weathernetwork: RT @fionnscalgary looking at bowness park flooding http://t.co/0uyYizd6po #yycflood,Related and informative,2013 Alberta floods,1,Informative
348074333463252992,RT @YahooNews: WATCH: House washed away by flooding river in southern Canada crashes into bridge http://t.co/AxCm5S8N7o,Related and informative,2013 Alberta floods,1,Informative
348075054866763776,Praying for Alberta. #flooding,Related - but not informative,2013 Alberta floods,0,Not informative
348075121992400896,To all my friends in Calgary &amp; Alberta. Stay dry! City remains on flood alert from rising rivers  http://t.co/poirfkcrLN via @CTVCalgary,Related and informative,2013 Alberta floods,1,Informative
348075403019157507,Has there been any reported deaths as a result of the floods? #abflood #yyc,Related - but not informative,2013 Alberta floods,0,Not informative
348076019577675776,Alberta floods: How did it happen?  ...   http://t.co/7SnQIHQ4UN via @weathernetwork,Related and informative,2013 Alberta floods,1,Informative
348076518678855681,RT @MariekeWalsh: Wow! RT @cmaconthehill: RT “@660News: Stunning! RT @TriVestWealth What was once Memorial Drive. #yycflood http://t.co/eht…,Related and informative,2013 Alberta floods,1,Informative
348077579858755586,RT @weathernetwork: RT @pahnita: Panorama of the city from Scotsman's hill. #yycflood http://t.co/kFOn4BRChW,Related - but not informative,2013 Alberta floods,0,Not informative
348077827318509568,Somewhat positive note: I now have a badass story to tell my grand kids while I'm hanging in the old folks home. #AbFlood,Related - but not informative,2013 Alberta floods,0,Not informative
348078208974987264,Flooding from extreme rainfall is a hazard for ON too. Emergency in #Alberta should be a call to get a 72 hour kit. Better to be prepared.,Related and informative,2013 Alberta floods,1,Informative
348078351589707777,RT @sbaranski: .@Premier_Redford &amp; @pmharper pledge coordinated response to flooding  http://t.co/2MnrmtfWyk #ableg #ABflood #cdnpoli,Related and informative,2013 Alberta floods,1,Informative
348078628443156480,@cityofcalgary my Discovery Ridge home is dry :D my waterfront condo isn't ;( #yycflood,Related - but not informative,2013 Alberta floods,0,Not informative
348080608121073664,UPDATE: #YYC flood evacuation areas #abflood http://t.co/C2MZMWkVo9,Related and informative,2013 Alberta floods,1,Informative
348080826245857280,The Bow from our deck! She's not happy! #yycflooding http://t.co/nEkqkigkH9,Related and informative,2013 Alberta floods,1,Informative
348081438601646080,Widespred flooding in alberta. No school,Related and informative,2013 Alberta floods,1,Informative
348081795121680384,RT @FarahDhalla: #calgarians say this is #INSANE. Taking pics of the river waters down #Macleod TR. @weathernetwork #abflood http://t.co/yE…,Related - but not informative,2013 Alberta floods,0,Not informative
348082575249666048,#yycflood #DeerRun http://t.co/T1ijLaIqLB,Related and informative,2013 Alberta floods,1,Informative
348083074371821570,RT @PaulaTrotter: Oh my gosh! My sister just sent me this pic of MacLeod at 9th Ave SE. Insane. #yycflood #downtownyyc #abflood http://t.co…,Related and informative,2013 Alberta floods,1,Informative
348083380577001473,"#yycflood reporters: when you come to the next pressr, cd ya bring some ibuprofen? Cluster of your competitors will pay all our dollars",Related - but not informative,2013 Alberta floods,0,Not informative
348085293175427072,loverpie's photo #yyc #calgary #flood http://t.co/TOKd4uPfAZ,Related - but not informative,2013 Alberta floods,0,Not informative
348085418987765762,"RT @littlemissmocha: RT @seamusoregan: BREAKING: 1,200 troops being deployed to help with flooding in Alberta. @CTVNews",Related and informative,2013 Alberta floods,1,Informative
348085708403130369,RT @kendraoh: Never seen the city this bad! ... Macleod on 17th. Stay safe everyone.     #yycflood http://t.co/DXAypBfPF9,Related and informative,2013 Alberta floods,1,Informative
348085729362067457,RT @calgarysun: You may want to AVOID Deerfoot Tr. The Calf Robe Bridge is closed #yyc #abflood,Related and informative,2013 Alberta floods,1,Informative
348086199140880385,Oh my! So close to me! “@ShaneKeller: Humpty's on McLeod Trail underwater #yycflood #yyc #photo http://t.co/odOUNE46LK”,Related - but not informative,2013 Alberta floods,0,Not informative
348086928966553602,RT @calgaryherald: ALERT via @cityofcalgary: Calf Robe Bridge CLOSED. Be careful and drive safely. #yycflood #CHlive  Free news today http:…,Related and informative,2013 Alberta floods,1,Informative
348088204009811968,Our thoughts are with the residents of all the affected neighborhoods in the Alberta flooding. #yycflood #abflood,Related - but not informative,2013 Alberta floods,0,Not informative
348088640238407680,This bridge is only a few blocks away from my family's place in #Calgary! Such crazy flooding. Stay safe everyone! https://t.co/RpwdCnhV4t,Related - but not informative,2013 Alberta floods,0,Not informative
348089042887405568,Serious amounts of flooding and evacuations of several neighborhoods taking place throughout Calgary. http://t.co/2m0ek7Y0l7,Related and informative,2013 Alberta floods,1,Informative
348089730736463872,RT @CstShaw: All #yyc schools are closed tomorrow and we are asking all people to avoid coming into the downtown core if possible. #yycflood,Related and informative,2013 Alberta floods,1,Informative
348090011775815681,Watching footage of the #yycflood crazy stuff. Stay safe Calgary. Red Cross donations are being accepted for anyone interested.,Related - but not informative,2013 Alberta floods,0,Not informative
348090145985138689,Flooding in discovery ridge in calgary June 20 2013: http://t.co/UWGQiLHRQz via @youtube #YYC #Flood #Calgaryflood #yycflood,Related and informative,2013 Alberta floods,1,Informative
348090158551269379,RT @kelly_doody: Unbelievable RT @XOjesXO: Ugh @whogivesaknit RT @PaulaTrotter: Memorial Drive by Prince's Island #yycflood #abflood http:/…,Related and informative,2013 Alberta floods,1,Informative
348090431193620480,RT @mapsgirl: Show your support to people affected by Alberta floods by donating to @redcrosscanada: http://t.co/Tu8XgEgUtW #abflood Pls RT…,Related and informative,2013 Alberta floods,1,Informative
348090754142445568,"RT @WaterPortal: RT @berkleyroth A dirt berm on the Elbow River broke in the Mission neighborhood of Calgary, flooding the Safeway.  #yyc #…",Related and informative,2013 Alberta floods,1,Informative
348091181961461760,RT @SimonOstler: Calgary RT @CTVStephBrennan: This is Riverfront Avenue http://t.co/tBG5AjzFw4  #yycflood,Related and informative,2013 Alberta floods,1,Informative
348091618173276160,Family is safe and I have a full box of Yorkshire Tea. #readyforanything #yycflood,Related - but not informative,2013 Alberta floods,0,Not informative
348092062777880577,RT @bingofuel: Any organizations doubting the usefulness and benefit of social media today clearly aren't aware of #abflood,Related and informative,2013 Alberta floods,1,Informative
348092075373371394,"RT @robotpilot: RT @DonC_Twit: Seriously, the http://t.co/B1ilePlgtU doodle could not be more unfortunate today #yycflood #abflood #fail #d…",Related and informative,2013 Alberta floods,1,Informative
348093300097556482,RT @sarfoss: RT @sjrtitan: #yycflood help is on full force and coming http://t.co/H8i0VpT17L #SMEM and there go the troops #abfloods,Related and informative,2013 Alberta floods,1,Informative
348093606294323200,What I didn't think about when leaving yesterday - electricity shut off...goodbye food in fridge and freezer #yycflood #mission,Related and informative,2013 Alberta floods,1,Informative
348094076064772097,"So much water in the streets that I walk every day in downtown. By the looks of it, I'm sure my school flooded 😖 #yycflood",Related - but not informative,2013 Alberta floods,0,Not informative
348094625510203392,Red Cross Responding to Alberta Flooding http://t.co/jw7zIyk2X7,Related and informative,2013 Alberta floods,1,Informative
348095216911265792,RT @teedot: A picture from downtown Calgary this morning #yyc #abflood http://t.co/OUCx4JPNuq,Related and informative,2013 Alberta floods,1,Informative
348095573414514688,RT @crudereporter: I can smell gas as Calgary's hazmat response team arrives at the federal govts Harry Hays building #yycfloods http://t.c…,Related and informative,2013 Alberta floods,1,Informative
348096177377509376,RT @GlobalCalgary: WATCH LIVE - @Premier_Redford speaks about Southern Alberta flooding - http://t.co/tjXEoTHOqP,Related and informative,2013 Alberta floods,1,Informative
348097955795963904,"In times of crisis people are judges by how they react. Albertans are the most patient,and supportive people in the world. #yycflood",Related - but not informative,2013 Alberta floods,0,Not informative
348098094170263552,#Latest #News Flooding May Force 100000 From West Canada Homes - ABC News: ABC NewsFlooding May Force 1... http://t.co/bSKpPKM0fu #BNews,Related and informative,2013 Alberta floods,1,Informative
348098622660952066,RT @ArleneDickinson: This. Is. McLeod. Trail.  OMG.  #yycflood http://t.co/pymywKvHRA,Related and informative,2013 Alberta floods,1,Informative
348099004363587584,RT @CalgaryPolice: Power has been shut off in evacuated communities for the safety of citizens and first responders. #yycflood,Related and informative,2013 Alberta floods,1,Informative
348099104997515265,RT @Spruuuuuce: Stampede race track #abflood #yycflood http://t.co/oRRSGytw0J,Related - but not informative,2013 Alberta floods,0,Not informative
348099193098874883,The pics of #calgaryflood are nuts! Thoughts are with the thousands affected. #yycflood,Related - but not informative,2013 Alberta floods,0,Not informative
348100824670543872,RT @Calgary_Realtor: A google map showing #yyc evacuated area's. Extensive - much downtown. #yycflood #evacuated #community #yycre https://…,Related and informative,2013 Alberta floods,1,Informative
348101281874857984,"On hour 28, you get a 2nd wind. - @nenshi. Sending so such love to all 1st responders &amp; city workers working on the #yycflood.",Related - but not informative,2013 Alberta floods,0,Not informative
348101445456891904,"RT @findingcam: Elbow falls in Calgary,Canada pre flood and now a few hours ago. Stay safe Calgary via @chadmsaunders #calgaryflood http://…",Related and informative,2013 Alberta floods,1,Informative
348102284279955456,RT @weathernetwork: RT @KB_Dutch #yycflood corner of 17 and Macleod  @ 6:30 am June 21.  Welcome to the first day of summer. http://t.co/l9…,Related and informative,2013 Alberta floods,1,Informative
348103039258857472,"RT @GlobalCalgary: Calgary flooding puts police in Twitter jail, crashes city website: http://t.co/QnIEPLLDaR #yycflood",Related and informative,2013 Alberta floods,1,Informative
348103836210184192,The flood in Calgary is a lot more serious than we're led to believe. They are just sandbagging.,Related - but not informative,2013 Alberta floods,0,Not informative
348105719419121665,RT @BridgingFoxes: Army trucks on the roll #reddeer #costco Prayers for those helping #abflood http://t.co/FsnCVrZ7s3,Related and informative,2013 Alberta floods,1,Informative
348109313946034176,"RT @iainilich: Despite #yycflood mayhem, @Shawhelp repair guy arrived on time to replace flaky PVR. Thanks!",Related - but not informative,2013 Alberta floods,0,Not informative
348109427213213696,RT @Crackmacs: You'd never know its flooding mere blocks from us. Looking east on 6th ave sw #yyc #yycflood http://t.co/nf5zoFA5TX,Related and informative,2013 Alberta floods,1,Informative
348109871801040896,RT @cfhorgan: here's a shot of 1 ST SE this morning #yycflood http://t.co/6aS0xwJjI0,Related and informative,2013 Alberta floods,1,Informative
348112031859228672,RT @KathrynMombo: Thoughts and prayers are with everyone affected by the floods! #StaySafe! #abflood,Related - but not informative,2013 Alberta floods,0,Not informative
348112254153134080,"RT @buzzbishop: Saddledome flooded to row 10. Dressing rooms destroyed. #yyc #yycflood So, about that new rink?",Related and informative,2013 Alberta floods,1,Informative
348112442917797891,"RT @JamieNiessen: 75,000 evacuated, only 1,500 in shelters. that's my calgary #yycflood",Related and informative,2013 Alberta floods,1,Informative
348113927701409792,RT @TheoFleury14: BREAKING: Water is up to row 10 at Saddledome. Dressing rooms completely submerged. #yycflood #NHL”,Related and informative,2013 Alberta floods,1,Informative
348114510676103168,RT @cityofcalgary: ATTN: The upper deck of the Centre St. Bridge is CLOSED. #yycflood,Related and informative,2013 Alberta floods,1,Informative
348114976243847170,"RT @FarmLead: Devastating. Eerily similar-looking to '97 MB flood RT @StephHansenFM: Arial view of High River, AB. Wow. #abflood http://t.c…",Related and informative,2013 Alberta floods,1,Informative
348115215348535296,RT @dinnerwithjulie: Amazing panoramic shot from Scotsman's hill right now. #yycflood http://t.co/T2yIbXuLQo,Related and informative,2013 Alberta floods,1,Informative
348115223720386561,Oh dear RT @TheoFleury14: BREAKING: Water is up to row 10 at Saddledome. Dressing rooms completely submerged. #yycflood #NHL”,Related and informative,2013 Alberta floods,1,Informative
348115232121552898,RT @Mookalicious: Here's what parts of Calgary look like right now.  We are all crushed with the images but we are strong!!  #abflood http:…,Related and informative,2013 Alberta floods,1,Informative
348115659948949505,RT @AHS_media: City of Calgary NOT under boil water order. #yyc #abflood,Related and informative,2013 Alberta floods,1,Informative
348116456862519296,RT @weathernetwork: RT @alwinbouchard River in Sundre Alberta http://t.co/ZzfKoQq1D5 #abflood,Related and informative,2013 Alberta floods,1,Informative
348116553318928387,RT @jasonthistle: Just incredible RT @chmelle: RT @irisheagle High River RT @StephHansenFM: Arial view of High River. Wow. #abflood http://…,Related and informative,2013 Alberta floods,1,Informative
348117203448627200,"@MargotMicallef OMG, Margot, this looks and sounds terrible. My thoughts are with you and all the people affected by the #ABflood",Related - but not informative,2013 Alberta floods,0,Not informative
348117555778551809,Stay safe and dry today Calgary. #abflood,Related - but not informative,2013 Alberta floods,0,Not informative
348119225107349504,RT @beltline_pres: . #beltline 13 #yycflood . inundation in Beltline Victoria Park . http://t.co/uQokXNUhSc,Related and informative,2013 Alberta floods,1,Informative
348120588239372288,"RT @esther_madziya: Wow, shocking to see the flood waters in downtown Calgary. #yycflood http://t.co/OTuJfpevnv",Related - but not informative,2013 Alberta floods,0,Not informative
348120638554259456,RT @FletJan: Alberta premier warns of downstream floods to come http://t.co/1GBLP4THch #AB #environment #flood #disaster #cdnpoli,Related and informative,2013 Alberta floods,1,Informative
348120772801339395,"RT @MadelnCanada: Stay safe, Alberta. #abflood #yycflood",Related - but not informative,2013 Alberta floods,0,Not informative
348120852472152064,RT @jody_macpherson: Want to help out? A crowdsourced page of ways you can help Clean up Calgary https://t.co/0J5oCgpGXh #yyc #yycflood #ab…,Related and informative,2013 Alberta floods,1,Informative
348121355797020673,"RT @earthskyscience: Flood waters expected to peak around noon (local time) today in Alberta, Canada.  http://t.co/dYqQERzieE",Related and informative,2013 Alberta floods,1,Informative
348121724904157185,RT @CBCAlerts: Harper en route to Calgary to tour flood damage   . Will accompany Alberta Premier Redford #abflood #cdnpoli,Related and informative,2013 Alberta floods,1,Informative
348121913643638785,RT @JeffStokoe: Water flowing over spillway at the Dickson  dam #ABFlood #reddeer river @RedDeerAdvocate http://t.co/kgeqMS5W5F,Related and informative,2013 Alberta floods,1,Informative
348123700425523200,RT @Mookalicious: Please say a little prayer for our friends at The Calgary Stampede!  They could use it! #abflood http://t.co/0MrRYzNLoJ,Related - but not informative,2013 Alberta floods,0,Not informative
348124962902650880,RT @weathernetwork: Police cruiser abandoned off Memorial Drive in #yyc. Photo by Brigette Jobin #yycflood http://t.co/K2ePD3GgHK,Related and informative,2013 Alberta floods,1,Informative
348125923394064386,"Drop-in has evacuated to: 4804 EdmTrail NE, need pillows and blankets!! @GlobalCalgary @CTVCalgary #yychelps #yycfloods",Related and informative,2013 Alberta floods,1,Informative
348126846128373763,RT @EricFrancis: So much history destroyed at the Dome including massive championship team photo from 1989 signed by most players. #yycflood,Related and informative,2013 Alberta floods,1,Informative
348127290745565185,RT @EricFrancis: Nashville North and Dome flooded RT @dinnerwithjulie: View of the Saddledome at 9am from @studioama1 #yycflood http://t.co…,Related and informative,2013 Alberta floods,1,Informative
348129400480481281,RT @Hot__Springs: Flood waters from Cougar Creek continue to wreck havoc along its banks! http://t.co/BMIvD2oeeq #abflood #abstorm #canmore,Related and informative,2013 Alberta floods,1,Informative
348129597616963585,RT @IrishEagle: @weathernetwork Before/After Downtown Calgary. 9th Ave SE at 4th St #yycflood #yyc via @AlainDupere: http://t.co/TqSYmHOtdj,Related and informative,2013 Alberta floods,1,Informative
348129639534821376,"RT @claudlemire: The upside of tragedy, the many acts of kindness #yycflood #abflood http://t.co/Cfkk9zUBrh",Related - but not informative,2013 Alberta floods,0,Not informative
348129736037376000,"Thousands evacuated in Canada floods – in pictures: Widespread flooding in southern Alberta, caused by torrent... http://t.co/JFzvUki9Y9",Related and informative,2013 Alberta floods,1,Informative
348129949913321474,Hoping my love @maddy_shea and all other calgarians are staying safe #abflood #yycflood,Related - but not informative,2013 Alberta floods,0,Not informative
348130084147834880,RT @ShawTVCalgary: The Calgary Zoo moved the lions and tigers to cells at the Calgary Court House. Yes - you read that correctly! #yycflood,Related and informative,2013 Alberta floods,1,Informative
348130319041437696,RT @alex_ruiz: Oh Calgary :( -- Before/After Downtown Calgary. 9th Ave SE at 4th St #yycflood  http://t.co/fjNMQvi5sH via @AlainDupere @wea…,Related and informative,2013 Alberta floods,1,Informative
348130566509563904,"#yycflood Sunday, June 23 St. Anthony Catholic Church 60th Anniversary Picnic CANCELLED; RETWEET if possible",Related and informative,2013 Alberta floods,1,Informative
348131443081351168,RT @MarkSCScott: Calgary flood from my balcony in Mission. Now - high. #yycflood http://t.co/gCLaBEM5tP,Related and informative,2013 Alberta floods,1,Informative
348133015949545472,@Fan960Steinberg build the next arena on higher ground? #Flames #yycflood,Related - but not informative,2013 Alberta floods,0,Not informative
348133288575107075,RT @dinnerwithjulie: Zoo bridge. Yesterday was 5' - just graded it at 12.5' #yycflood http://t.co/t7hVXik6SU,Related and informative,2013 Alberta floods,1,Informative
348133653517303808,RT @KaleighRogers: A 15-year-old High River boy is missing due to the flood. Call police if you see Eric St. Denis #abflood #yycflood http:…,Related and informative,2013 Alberta floods,1,Informative
348133687050776576,RT @pdriscollTBT: PHOTO: The red circle is the train tunnel into downtown #Calgary. #yycflood http://t.co/5zGG6LOBDD - @christiefaber,Related - but not informative,2013 Alberta floods,0,Not informative
348133984833773568,City says there is no concern over drinking water quality at this time; Water supply remains unchanged. #yycflood,Related and informative,2013 Alberta floods,1,Informative
348135280877899776,"MT “@trupermcbride: Cochrane EMS working with regional emrgncy agencies-- NO bridge closures, NO boil water advisory” #abflood",Related and informative,2013 Alberta floods,1,Informative
348136853771272196,Our thoughts are with everyone in Alberta effected by the #yycflood. #staysafe,Related - but not informative,2013 Alberta floods,0,Not informative
348138086863085568,"RT @Metro_Katie: Once again, downtown Calgary will be evacuated as more buildings become compromised by flooding. #yycflood #abflood",Related and informative,2013 Alberta floods,1,Informative
348138284007964673,RT @paygeers_t: You hear about flooding all the time but it's surreal when it's happening at home #yycflood #prayforyyc,Related - but not informative,2013 Alberta floods,0,Not informative
348138569220624384,RT @BanffCoffeeHous: #abflood #canmore #volunteers -  The book store on Main Street is flooding &amp; needs volunteers help moving books. Talk …,Related and informative,2013 Alberta floods,1,Informative
348139420685320194,"MT @SUNRenatoGandia: Zoo animals needed to be moved out of the zoo, some in place: not gone to jail as said earlier city #yycflood",Related and informative,2013 Alberta floods,1,Informative
348139739427270656,I think we should dub this day Alberta- geddon. Who's with me? #yycflood,Related - but not informative,2013 Alberta floods,0,Not informative
348140205003390978,RT @weathernetwork: RT @IrishEagle Before/After Downtown Calgary. 9th Ave SE at 4th St #yycflood #yyc via @AlainDupere: http://t.co/KdiE5Zn…,Related and informative,2013 Alberta floods,1,Informative
348140666389401601,RT @cityofcalgary: For your safety please stay away from all waterways at this time. They can be very dangerous #yycflood,Related and informative,2013 Alberta floods,1,Informative
348141270339829760,Water still rising in the east village... Up to the stairs of orange lifts entrance #Yycflood http://t.co/cBHEvzGwBf,Related and informative,2013 Alberta floods,1,Informative
348141509436129281,"RT @alex_ruiz: Oh, that's scary :( RT @jdasilva4 Took soaking wet walk to reservoir. Overflowing, as expected. #yycflood #abflood http://t.…",Related and informative,2013 Alberta floods,1,Informative
348142327308619781,@thinkads Can't remember when I've seen so many evacs. Hope everyone is safe on your end #abflood,Related - but not informative,2013 Alberta floods,0,Not informative
348142402814488579,RT @wearealberta: A picture from the Stampede Grounds #abflood #yyc http://t.co/Ol5Txrv3j2,Related and informative,2013 Alberta floods,1,Informative
348142507672092673,RT @ENMAX: CEMA has directed certain outages in the downtown core. CEMA will advise @ENMAX when it is safe to restore power. #yycflood,Related and informative,2013 Alberta floods,1,Informative
348142755119239168,I hope they got all the animals out of the Calgary Zoo #yycflood,Related - but not informative,2013 Alberta floods,0,Not informative
348144160219475968,"RT @bpincott: @aldjohnmar &amp; I helping to evacuate 125 people from @innfromthecold. No heat, water or power  #yycflood http://t.co/blljZhEw…",Related and informative,2013 Alberta floods,1,Informative
348145020072759296,"RT @CalgaryPolice: Please note, Quarry park is flooded and we are not allowing people into that community #yycflood",Related and informative,2013 Alberta floods,1,Informative
348145074569355264,Unbelievable #yycflood “@X929: Water up to Row 14 at Saddledome. #theshow”,Related and informative,2013 Alberta floods,1,Informative
348149373760315392,RT @MCCCan: Mennonite Disaster Service is monitoring the #flooding in #Alberta to see how they can respond. To donate go to http://t.co/zfY…,Related and informative,2013 Alberta floods,1,Informative
348149566668947457,RT @waynerama: my feet are in #vancouver but my heart is with #alberta. good vibes and love to those affected by the flood. #mrmrs,Related - but not informative,2013 Alberta floods,0,Not informative
348149604434456576,RT @Maddie_Alvarez: Watching the news right now is like watching a horror film😓#abflood #yycflood,Related - but not informative,2013 Alberta floods,0,Not informative
348149650592772097,RT @cfhorgan: footage of a tree falling into the Bow near Memorial Dr. https://t.co/hmhfcqcDqH #yycflood #abflood,Related and informative,2013 Alberta floods,1,Informative
348149914821328896,RT @cityofcalgary: There is NO boil water advisory in place. Our water treatment plans are uncomprimised and quality remains high #yycflood,Related and informative,2013 Alberta floods,1,Informative
348150254568349696,Today was the summer solstice.... #yycflood http://t.co/gCPRPsq7bG,Related - but not informative,2013 Alberta floods,0,Not informative
348150342619381760,"So impressed with how Calgary is handling this flood! Emergency services, city officials, their staff &amp; media are keeping us well informed!",Related - but not informative,2013 Alberta floods,0,Not informative
348151970013523968,":( @EITS: Our show at the Sled Island Festival has been cancelled due to flooding. Stay safe, Calgary. #sledisland http://t.co/iuiuyo2Ckr",Related and informative,2013 Alberta floods,1,Informative
348151995196129280,RT @jengerson: Very wet. #yycflood http://t.co/RVVApZ4cIb,Related - but not informative,2013 Alberta floods,0,Not informative
348154868306935809,RT @AnaheimDucks: Our thoughts are with the @NHLFlames and everyone affected by the #yycflood! Stay safe!,Related - but not informative,2013 Alberta floods,0,Not informative
348156944449679362,RT @CalgaryPolice: @edmontonpolice arrive in #yyc to offer assistance to the citizens of Calgary. #yycflood Thank you #yeg http://t.co/uJdX…,Related and informative,2013 Alberta floods,1,Informative
348157120648183809,"Western Canada hit by heavy flooding: As many as 100,000 people have fled their homes as heavy floods wash awa... http://t.co/xgGjNeGFCQ",Related and informative,2013 Alberta floods,1,Informative
348157204521684993,RT @SunNewsNetwork: Alberta Premier Alison Redford calls flooding ‘absolutely tragic’ http://t.co/0mEDpgf7wD #yycflood #abflood #Abpoli,Related and informative,2013 Alberta floods,1,Informative
348157758174015488,Not living in an evacuation are? That's a good thing. #yycflood,Related - but not informative,2013 Alberta floods,0,Not informative
348158001452044289,I would like to see all this craziness. #yycflood,Related - but not informative,2013 Alberta floods,0,Not informative
348159523984379905,@MissLukasha I'm concerned for your safety due to flooding. Hope your ok. I believe your near Calgary. I seen SaddleDome is flooded,Related - but not informative,2013 Alberta floods,0,Not informative
348160950022590464,I am about to fly from #yxe to #yyc. I will be curious to see how horrible the flooding looks from the air. Fingers crossed for #calgary.,Related - but not informative,2013 Alberta floods,0,Not informative
348161289761206273,RT @Mookalicious: This pic of an awesome firefighter in Mission needs to go viral.  Please share! #abflood http://t.co/H1YF3RhJZs,Related and informative,2013 Alberta floods,1,Informative
348163105903214592,"RT @LaylaaaaC: We've been seeing floods happen around the world, but once it hits your city it really hits the heart 😕#yycflood #prayforcal…",Related - but not informative,2013 Alberta floods,0,Not informative
348163172999495681,RT @allisonjones_cp: Momo news! Cat is safe (so is owner) after watery escape from truck in #yycflood: http://t.co/YleMb0AfFc By @ploriggio…,Related - but not informative,2013 Alberta floods,0,Not informative
348163303027122177,RT @Stevethegrunt: Awesome RT @MissSon: This pic of an awesome firefighter in Mission needs 2 go viral.  Pls share! #abflood http://t.co/JZ…,Related and informative,2013 Alberta floods,1,Informative
348165517636419584,"RT @TELUS: RT @tgreenc: Free local, long distance &amp; text mess for evac'd @TELUS customers in #abflood limit calls to keep lines open for 1s…",Related and informative,2013 Alberta floods,1,Informative
348166079681540097,"RT @markusoff: Breanne Waggott catches a fish outside her home in Bridgeland, several blocks from river. #yycflood foraging. http://t.co/FL…",Related and informative,2013 Alberta floods,1,Informative
348168990511742976,The floods in Calgary are crazy 😧,Related - but not informative,2013 Alberta floods,0,Not informative
348170034893422592,@YMCA_Calgary Glad to see all partners at South Fish Creek Recreation Association coming together to welcome evacuees. #yycflood #staysafe,Related and informative,2013 Alberta floods,1,Informative
348170517230014464,Saw this earlier today by the Curling club...#yycflood http://t.co/qwkggnSauV,Related - but not informative,2013 Alberta floods,0,Not informative
348170538222497792,"Stay safe, #yyc friends #abflood",Related - but not informative,2013 Alberta floods,0,Not informative
348170575962845184,RT @betheed: #yycflood East Elbow Park http://t.co/Efvk63yU7U,Related and informative,2013 Alberta floods,1,Informative
348171003781857281,RT @DavidSuzukiFDN: Is Alberta Flooding a Sign of Climate Change? http://t.co/4e8hZjB6sC,Related and informative,2013 Alberta floods,1,Informative
348171477713027073,RT @jianghomeshi: Canadian Red Cross has set up a direct way to help out re #Alberta floods. Donate here - https://t.co/quOnhjeO6k #yycfloo…,Related and informative,2013 Alberta floods,1,Informative
348171955893043201,RT @CalgaryPolice: List of current road closures #yycflood #yyc http://t.co/2rlJcWZhie,Related and informative,2013 Alberta floods,1,Informative
348172421444009984,"RT @AP: Flooding forces downtown evacuation of Canadian city of Calgary, forces 75,000 from their homes: http://t.co/yDoqNce7Rw -MM",Related and informative,2013 Alberta floods,1,Informative
348172870234542080,RT @andrewmcintyre: Air shot of the extent of the Zoo flooding: http://t.co/mEAIxyXipl #yyc #yycflood,Related and informative,2013 Alberta floods,1,Informative
348172924781461504,RT @989JetFM: Here's how you can help out our provincial neighbours in #Alberta: http://t.co/dOT2dtoUEm - Matt #abflood,Related and informative,2013 Alberta floods,1,Informative
348173822358331392,"Military to Help Calgary, Southern Alberta Cope With Record Floods: The city of Calgary in the oil-rich provin... http://t.co/cuDaA3zzOv",Related and informative,2013 Alberta floods,1,Informative
348174388572598273,"RT @CIAwesome: Calgary, we love your community spirit, but the best way to help is to stay home and off the roads! #yycflood #abflood #yych…",Related - but not informative,2013 Alberta floods,0,Not informative
348174715719913472,@AlwaysLyndsay check out the City's blog for critical updates on affected areas http://t.co/va1uP2t8ME #yycflood,Related and informative,2013 Alberta floods,1,Informative
348175114178789376,@LisaOstrikoff: RT @cityofcalgary: There is NO boil water advisory in effect. #yyc water quality good #yycflood Yet!,Related and informative,2013 Alberta floods,1,Informative
348176225677750272,RT @DorrieF: “@Mookalicious: This pic of an awesome firefighter in Mission needs to go viral.  Please share! #abflood http://t.co/SMxBv3f7B…,Related and informative,2013 Alberta floods,1,Informative
348177437844176896,RT @alex_ruiz: RCMP statement on @CBC news: there may be 4 casualties in High River :( #yycflood #abflood,Related and informative,2013 Alberta floods,1,Informative
348177597219340288,RT @chloeelang: Praying the priddis dam doesn't give out again. 🙏 #staystrong #yycflood,Related - but not informative,2013 Alberta floods,0,Not informative
348178062791290882,Insurance companies brace for flood of claims http://t.co/bH5XvUN57Y #abflood #yycflood,Related - but not informative,2013 Alberta floods,0,Not informative
348179098780176385,"The flooding in Calgary right now....unreal. And it all travels east, so fuck.",Related and informative,2013 Alberta floods,1,Informative
348180801688576000,"RT @metrocalgary: Despite a safe water supply, Calgarians flock to stock up on bottled water: http://t.co/77PcdgbxNN #yycflood #abflood",Related and informative,2013 Alberta floods,1,Informative
348180856180965377,RT @Earls16thAve: Sending our love to Earls Tin Palace! Stay safe friends! #yycflood #earlstinpalace #repost http://t.co/8MPeImDlq2,Related - but not informative,2013 Alberta floods,0,Not informative
348181946729373696,RT @CBC_Carla: AMA tells me MOST people with flooded homes will not have insurance since flood insurance doesn't exist for homes in Canada #,Related and informative,2013 Alberta floods,1,Informative
348184253588193280,"Flooding forces evacuation of downtown Calgary, 75,000 residents: Flooding forced the western Canadian city of... http://t.co/C3kslp1zMQ",Related and informative,2013 Alberta floods,1,Informative
348184903692726272,RT @SunDaveDormer: Email from my uncle in LA: All we hear down here is Calgary is flooding and the dumbass anchor said what happens if it…,Related - but not informative,2013 Alberta floods,0,Not informative
348185495102173186,Well it's a beautiful day in Skyrim! May as well no-life it! #YYCFlood,Not related,2013 Alberta floods,0,Not informative
348185612555268098,"can't stop watching the devastation in Calgary, Canmore and Medicine Hat - my hometown. Stay safe and help your neighbours #yycflood #medhat",Related - but not informative,2013 Alberta floods,0,Not informative
348187235729932288,"RT @markeyre: Can you see the car? RT @GlobalCalgary: PHOTO: Macleod Trail under water, courtesy of Jeff Berg. #YYC #yycflood http://t.co/Y…",Related and informative,2013 Alberta floods,1,Informative
348187583873941505,RT @CIAwesome: The Shaw Go WiFi network has been opened to all non Shaw customers in #abflood who need Internet access. #yycflood,Related and informative,2013 Alberta floods,1,Informative
348187827110023169,RT @JGrivel: Disasters like this make you realize the importance of not taking things for granted. #heartbreaking #yycflood #abfloods,Related - but not informative,2013 Alberta floods,0,Not informative
348188443685302275,RT @MapleLeafs: Our thoughts are with the @NHLFlames and everyone in Alberta affected by the #yycflood.,Related - but not informative,2013 Alberta floods,0,Not informative
348188636627484673,RT @31stScouts: Media reports @CanadianArmy Reservists from #Edmonton staging in #RedDeer for deployment to #Canmore #Calgary — #yycFlood #…,Related and informative,2013 Alberta floods,1,Informative
348190331113701377,RT @CBCCalgary: Thanks to Bryce Jablonski for this photo taken in Bridgeland during the #YYCFLOOD #YYC http://t.co/4Yn8qeRZ84,Related and informative,2013 Alberta floods,1,Informative
348191300002119681,RT @vlrny: Due to their lack of space the DI is asking for donations be brought to @NeighbourLink 3751 21st. NE #yycflood #yychelps,Related and informative,2013 Alberta floods,1,Informative
348192554090631170,"@BretBaier massive flooding in Calgary, Alberta, Canada.",Related - but not informative,2013 Alberta floods,0,Not informative
348194420568489984,RT @aldjohnmar: All of Downtown now under evacuation orders. I'm so sorry everyone... #yyc #yyccc #yycflood,Related and informative,2013 Alberta floods,1,Informative
348194529641377794,"RT @ctvedmonton: In #yyc. this aft., @pmharper, @Premier_Redford, @nenshi, and @GriffMLA are briefed. http://t.co/2E0sTq9iAJ #yycflood http…",Related and informative,2013 Alberta floods,1,Informative
348196391912361984,Saturdays game against the Okotoks Erratic has been cancelled because of flooding in southern Alberta. No make up date at this time.,Related and informative,2013 Alberta floods,1,Informative
348197813760425984,RT @shoaibtahir1: Only in Canada will volunteers be told they aren't needed... too many volunteers already #bighearts #yycflood #yyc,Related and informative,2013 Alberta floods,1,Informative
348197813773008896,RT @MinisterJono: Out near High River - incredible devastation by the rising waters. #ableg #abflood,Related and informative,2013 Alberta floods,1,Informative
348199046910967809,"About 100,000 people evacuated in southern Alberta. #ABflood",Related and informative,2013 Alberta floods,1,Informative
348199252431876096,"@globaltvnews we are mining Twitter, news/blogs/wikis to help #Alberta floods response here http://t.co/Gpn5W0XZf6 #crisisResponse",Related and informative,2013 Alberta floods,1,Informative
348199478903324672,RT @660News: Reminder: Call 311 for flood-related calls only. Call  911 in case of emergency. #yyc #yycflood,Related and informative,2013 Alberta floods,1,Informative
348199755731566592,Observe this horrible douchebag. RT @HenryMaltin  I swear if my clothes get wrecked from the flood. Im sueing calgary #pissed #hugoboss,Related - but not informative,2013 Alberta floods,0,Not informative
348200057721470976,RT @sarahoffin: Photo by Erin Mielzynski: Canmore roads washed away #cougarcreek dangerously close to homes #globalyyc #abflood http://t.co…,Related and informative,2013 Alberta floods,1,Informative
348200175174557697,"Airdrie BMX provincial is canceled. I have never seen that happen before, but I agree with their decision #ABflood #Provincial #BMX #Airdrie",Related and informative,2013 Alberta floods,1,Informative
348201341174292480,Convenience stores price gouging? There's a surprise. #yyc #yycflood,Related - but not informative,2013 Alberta floods,0,Not informative
348201815147417600,@bpincott addresses the volunteers and staff at the Acadia Rec Centre #yyc #yyccc #yycflood http://t.co/0X0JzNa9mH,Related - but not informative,2013 Alberta floods,0,Not informative
348202926633799680,calgary is pretty close to me praying for the people out there who have been affected by the flood.. crazy,Related - but not informative,2013 Alberta floods,0,Not informative
348203450892439554,Strangers open homes to Calgary flood victims on Kijiji: As shocking photos of the damage done by flooding in... http://t.co/k9A7zbThwv,Related and informative,2013 Alberta floods,1,Informative
348204600165273600,"@settinprecedent why do you care, you're a lawyer... #lowestofthelow #yycflood",Related - but not informative,2013 Alberta floods,0,Not informative
348207041237630978,"RT @kidscbc: If you're stuck in the house today, here is a fun activity to do with the kids http://t.co/26U5flPf16 #yycflood #abflood #yyc",Related - but not informative,2013 Alberta floods,0,Not informative
348208320517120000,RT @paul_dunphy: We're now hearing that the Saddledome  might be half-filled with water. #yyc #abflood,Related and informative,2013 Alberta floods,1,Informative
348208542802644992,RT @rap_unzel: Taking advantage of #yycflood http://t.co/XmIyPyKq3x,Not applicable,2013 Alberta floods,0,Not informative
348211671757639680,Raw Video:  Downtown Calgary flooding | Global News Video http://t.co/rNgSH8kfpI via @sharethis,Related and informative,2013 Alberta floods,1,Informative
348212258939236352,Unnnno need fi stop bout go swim in this dutty water #abflood,Related - but not informative,2013 Alberta floods,0,Not informative
348214188327440385,"RT @mamapiderman: here's another business and chain to boycott, everyone! This is despicable behavior!! https://t.co/eugaWCcDSk #yycflood",Not related,2013 Alberta floods,0,Not informative
348216776221421568,"Flooding forces evacuation of downtown Calgary, Canada http://t.co/qa6Kitlz3b",Related and informative,2013 Alberta floods,1,Informative
348216906244816896,“@WilliamShatner: My thoughts and prayers are with the flood victims in Calgary. MBB” #yyc #yycflood,Related - but not informative,2013 Alberta floods,0,Not informative
348217606676824065,"RT @tranbc_ftgeorge: RT @TranBC: If you're looking for info on the flooding in Alberta, follow @AB_EmergAlert, @AMARoadReports and #AbFlood",Related and informative,2013 Alberta floods,1,Informative
348218403619741697,Hearts &amp; thoughts with those impacted by flooding &amp; evacuations in Alberta. Be safe &amp; take care of one another!,Related - but not informative,2013 Alberta floods,0,Not informative
348221293478412288,RT @RedCrossAB: Telus has made it even easier to donate. Text REDCROSS to 30333 to donate $5 in support of #ABfloods #yycflood,Related and informative,2013 Alberta floods,1,Informative
348222367211859968,RT @GlobalCalgary: We are live streaming a special Calgary edition of @GlobalNational right now - http://t.co/tjXEoTHOqP #yycflood #abflood,Related and informative,2013 Alberta floods,1,Informative
348222950220120065,Pls RT 5:36 pm June 21 @LethbridgeCity: Whoop Up and Highway 3 remain open. #yql #abflood,Related and informative,2013 Alberta floods,1,Informative
348225148060581888,Hey @google maybe change today's doodle to show support for southern Alberta's emergency #abflood #yycflood http://t.co/T7OsnZRGKh,Related and informative,2013 Alberta floods,1,Informative
348225202573950976,"RT @patstaron: When this is all said and done, nobody in #YYC should be going to Queensland Liquor ever again. #NoClass #ABflood http://t.c…",Related - but not informative,2013 Alberta floods,0,Not informative
348225663955771393,RT @MadelnCanada: Smile. No matter how difficult the situation can be. #abflood http://t.co/7sLdFn1wWF&lt; #TeamCalgary ♥,Related - but not informative,2013 Alberta floods,0,Not informative
348226280501686272,RT @cityofcalgary: South Fish Creek Recreation Complex reception centre is Full. #yyc #yycflood,Related and informative,2013 Alberta floods,1,Informative
348229426242273280,"Riverbend &amp; Douglasdale, I'm headed your way to report on #ABflood for @GlobalCalgary. Tweet to me. #yyc",Related - but not informative,2013 Alberta floods,0,Not informative
348231431102791681,RT @DopeMarcJames: Quite devastating. Please stay safe to everyone affected by the flood in Calgary. #CalgaryStrong http://t.co/BrgydAWsjz,Related - but not informative,2013 Alberta floods,0,Not informative
348234065134096386,i get all the donations and stuff to the #yyc flooding but majority of the people in Calgary who are affected are pretty well off,Related - but not informative,2013 Alberta floods,0,Not informative
348234375508393985,@cbcian live in #calgary right now on #cbnn #yycflood. http://t.co/3J3ejDBvnF,Related and informative,2013 Alberta floods,1,Informative
348236099384127488,RT @Cdn_Puck_Girl: #Saddledome flood waters now up to row 14.  #yycflood #CalgaryFlames http://t.co/TmflatUEmz,Related and informative,2013 Alberta floods,1,Informative
348236158087598081,RT@Genevieves: Rogers/Fido customers: make a $5 donation to help those in the affected regions by texting “ABHELP” to 4664 #yycflood #rogers,Related and informative,2013 Alberta floods,1,Informative
348241023480242176,RT @JamesMoore_org: Prime Minister Harper surveying the damage in High River from overhead. #abflood #yycflood http://t.co/b7bfrIyEKX,Related and informative,2013 Alberta floods,1,Informative
348241593905582082,Gaucho Brazilian Barbecue hopes everybody is safe and we're wishing a fast recovery to the Alberta community who were affected by the flood.,Related - but not informative,2013 Alberta floods,0,Not informative
348246358647508993,"RT @Daorcey: Please share: #yyc water still very safe to drink, but please conserve http://t.co/jnSZNDF5xt #yycflood",Related and informative,2013 Alberta floods,1,Informative
348246404780666880,"Really thankful/blessed I don't live in a city where I'm woken up at 2 A.M. to see my backyard floating away. Stay safe, Calgary! #yycflood",Related - but not informative,2013 Alberta floods,0,Not informative
348246627074580480,RT @cityofcalgary: Please RT widely @nenshi - The City asks that Calgarians LIMIT WATER USE as much as possible. Thank you. #yyc #yycflood,Related and informative,2013 Alberta floods,1,Informative
348248162185641984,RT @lburwash: Keep calm and @nenshi on. http://t.co/OdyvCTVGR6 / via @Jody_Robbins  #yycflood,Related - but not informative,2013 Alberta floods,0,Not informative
348251509240250369,BLOG: Is #Alberta #flooding a sign of climate change? Asks @DavidSuzukiFDN http://t.co/sYNz1e4q1B via @huffpostalberta,Related and informative,2013 Alberta floods,1,Informative
348252926931771392,Thank you everyone who is out there effortlessly working immensely hard to protect us from the @AlbertaFlood #yycflood  #Alberta,Related - but not informative,2013 Alberta floods,0,Not informative
348255091196833792,RT @visiglobal: Our hearts go out to those affected by the severe flooding in western Canada. Love and prayers to you from your entire Vísi…,Related - but not informative,2013 Alberta floods,0,Not informative
348261139353833472,if anyone needs a place in the nw area i have a bed available for the next few days. #yycflood,Related and informative,2013 Alberta floods,1,Informative
348263601414475777,"RT @YahooNews: Flooding kills 3, forces 75,000 from Calgary homes: http://t.co/b7ex163ipv http://t.co/53DjAYzjM9",Related and informative,2013 Alberta floods,1,Informative
348264759063351296,RT @antonio10jr: It'll take the @NHLFlames forever to empty the Saddledome with only one cup! BAHAHAHA! #YYCflood,Related - but not informative,2013 Alberta floods,0,Not informative
348267573428756480,RT @SkipIsChris: Companies like @HomeDepotCanada need a wake up call. Please RT and help spread the word. #abflood #yycflood http://t.co/FX…,Related and informative,2013 Alberta floods,1,Informative
348268395524939776,@ROCKSTUDIO37 Calgary may be flooding. We are streaming live ! #floodisland #highground #albertaflood @TheNobleTheifs http://t.co/L8pAPHWBSm,Related and informative,2013 Alberta floods,1,Informative
348268676534898688,RT @FreeRider_B: @ArjayTaylor: I am in search of my Mother who was evac from #inglewood her name is Theresa Taylor 52yrs old. #yycflood p…,Related - but not informative,2013 Alberta floods,0,Not informative
348269813187088385,"RT @TSHowell: Price fixing is illegal under emergency act and individuals could be prosecuted, says city's CEMA director. #yycflood #chlive",Related and informative,2013 Alberta floods,1,Informative
348269964186238976,RT @KirstenWreggitt: RT @mookalicious: This pic of an awesome firefighter in Mission needs to go viral.  Please share! #abflood http://t.co…,Related - but not informative,2013 Alberta floods,0,Not informative
348270119392251904,"RT @Dean_Murdoch: And remember if you're goin out to buy emergency flood beers, grab cans cuz them fuckers float. #yycfloods",Related - but not informative,2013 Alberta floods,0,Not informative
348270299730542592,"RT @premierministre: Mille fois merci @calgarypolice, @cgyfirefighters &amp; @cityofcalgary pour tout ce travail. Soyez prudent. #abflood #yycf…",Related and informative,2013 Alberta floods,1,Informative
348271813857517568,Collection of photos from the floods in southern Alberta. Wow: http://t.co/aAmO7luEIl,Related and informative,2013 Alberta floods,1,Informative
348275538412052480,RT @ChoiceZnewZ: Panorama of the Stampede grandstand from above http://t.co/h9sMS7pdt1 RT @TheIdeaFoundry #yycflood #abflood #yyc,Related and informative,2013 Alberta floods,1,Informative
348276276630528000,RT @BillBelsey: Please RT widely @nenshi - The City asks that Calgarians LIMIT WATER USE as much as possible. Thank you. #yyc #yycflood”,Related and informative,2013 Alberta floods,1,Informative
348281951490306049,"Is it odd @pmharper gave props to the #cpc MP's in #YYC before locals like fire, police, mayor, etc? #cdnpoli #abflood #yycflood",Related - but not informative,2013 Alberta floods,0,Not informative
348283448886165505,Thousands flee flooding in western Canada: At least four people are feared dead in Canada’s Alberta Province a... http://t.co/SxcbUlDUGB,Related and informative,2013 Alberta floods,1,Informative
348287685137408001,RT @cityofcalgary: Please RT widely @nenshi - The City asks that Calgarians LIMIT WATE USE as much as possible. Thank you. #yyc #yycflood,Related and informative,2013 Alberta floods,1,Informative
348292303040942080,Don't know what to do during and after a flood? Here are some tips : http://t.co/CXvsoR7AM1 #yycflood,Related and informative,2013 Alberta floods,1,Informative
348295113237200898,RT @Cmdr_Hadfield: Floods are an unbridled misery. My heartfelt thoughts and wishes for a swift recovery to those battling the Alberta high…,Related - but not informative,2013 Alberta floods,0,Not informative
348301153039167488,RT @NateInVegas: I'll donate $1 (up to $500) for every retweet this gets to help someone affected by the flood in #Calgary #Canmore #High R…,Related and informative,2013 Alberta floods,1,Informative
348301220118683650,Calgary June 21 2013 #yycflood #Calgary Deerfoot Trail by Inglewood Golf course http://t.co/GH8kxRan2g,Related and informative,2013 Alberta floods,1,Informative
348304101639065600,RT @UCalgary: #UCalgary joins @cityofcalgary emergency reception centres for #yycflood support. We've opened 700 residence beds. http://t.c…,Related and informative,2013 Alberta floods,1,Informative
348304642691694592,"Floods kill three, force 75000 from Calgary homes - http://t.co/FiaIe814t3",Related and informative,2013 Alberta floods,1,Informative
348305477354000385,RT @schmutzie: Did you know that flood insurance doesn't exist in Canada? Text REDCROSS to 30333 to donate $5 in support of #ABfloods #yycf…,Related and informative,2013 Alberta floods,1,Informative
348307129926565891,RT @SnarkySteff: Had the wrong photo credit for that amazing fireman in the flood relief pic. It was @SUNLyleAspinall. #yycflood http://t.c…,Related - but not informative,2013 Alberta floods,0,Not informative
348307624837652480,"Floods kill 3, 75,000 forced from Calgary homes http://t.co/c6OPFjFLkA | AP #news",Related and informative,2013 Alberta floods,1,Informative
348309529068445697,@nenshi - The City asks that Calgarians LIMIT WATER USE as much as possible. Thank you. #yyc #yycflood,Related and informative,2013 Alberta floods,1,Informative
348314071495491584,"Flooding in Alberta Forces 75,000 to Evacuate http://t.co/B8jtTrx9qE",Related and informative,2013 Alberta floods,1,Informative
348315212346167296,RT @IAmJodiHughes: Great article from @weathernetwork about why we had so much rain: http://t.co/G84432rRxQ #ABflood,Related - but not informative,2013 Alberta floods,0,Not informative
348316432897028096,Wide Bow River Sunset #yycflood #calgarystrong @ Douglas Ridge Crescent Playground http://t.co/UwzFgMCcjp,Related - but not informative,2013 Alberta floods,0,Not informative
348316873290551297,"RT @EricFrancis: Best stat from #YYCflood is that 100,000+ have been evacuated and only 1,500 needed shelter. The rest were taken in by fel…",Related and informative,2013 Alberta floods,1,Informative
348317745693212672,"RT @GlobalParker: Wow...“@GlennStreet: Saddledome is flooded, below the light is a ramp to drive down to arena floor. #YYC #yycflood http:/…",Related and informative,2013 Alberta floods,1,Informative
348324754366812160,Toronto Mayor Rob Ford offers support to flooded Calgary: As residents and officials deal with the flooding th... http://t.co/Uc5LQPc3AV,Related and informative,2013 Alberta floods,1,Informative
348326247564206080,"Floods kill two, forces 75,000 from Calgary homes: Floods kill two, forces 75,000 from Calgary homes CALGARY,... http://t.co/kqYzEJSW7t",Related and informative,2013 Alberta floods,1,Informative
348327958831837184,The Beauty of the Tragedy. #staysafe #yycflood #abflood #yyc #calgary #flood http://t.co/xyfXHjKCxO,Related - but not informative,2013 Alberta floods,0,Not informative
348328856421269505,"RT @Mookalicious: Ok Calgary, let's give this some RT love. It's awesome!! #abflood http://t.co/tPc5FFxg9P",Related - but not informative,2013 Alberta floods,0,Not informative
348329087112183808,RT @MyPetGloat: Manitoba issues flood warning for The Pas. Saskatchewan River to rise as Alberta flood waters move east http://t.co/qfSQGZZ…,Related and informative,2013 Alberta floods,1,Informative
348331976970866688,"RT @m_hollett: Heat wave in Alaska, floods in Alberta, killer smog in Singapore, yeah, this global warning stuff is crap. Let's laugh at pl…",Related - but not informative,2013 Alberta floods,0,Not informative
348342148145496064,RT @CgyCA: Power could be out in downtown #Calgary for days: http://t.co/srcBNAwVSl #abflood #yycflood #yyc,Related and informative,2013 Alberta floods,1,Informative
348342227849854976,RT @Real_Rodeo: Some prayers going out for the Calgary stampede. #flood #prayers,Related - but not informative,2013 Alberta floods,0,Not informative
348346078208331776,Video: Evacuated Calgarians say flooding is worst they've seen | Watch the video - Yahoo! News Canada http://t.co/nhxljTHTfk,Related and informative,2013 Alberta floods,1,Informative
348349731459715072,RT @wfrisch: Going to be rough week on kids displaced from homes. Maybe movie theaters want to host some free kids movies? #yycfloods,Related and informative,2013 Alberta floods,1,Informative
348355502826196992,"I know how to sandbag, use sump-pumps &amp; can carry things out of basements (slow-clap). I do want to help. #yyc #yychelps #yycflood",Related - but not informative,2013 Alberta floods,0,Not informative
348357453181755393,"Floods shut down Canada's oil capital, two killed says Reuters http://t.co/AU7iwVxAiq",Related and informative,2013 Alberta floods,1,Informative
348358803730878464,"Saved by any means possible: Stunning flooding images around Calgary, Alberta, as people are being saved any w... http://t.co/qIPt6wlJ5h",Related - but not informative,2013 Alberta floods,0,Not informative
348362750596100097,Before and after #Calgary #yycflood http://t.co/rT1xM1FivX,Related and informative,2013 Alberta floods,1,Informative
348364512170217473,Canada: floods engulf downtown Calgary - euronews: euronewsCanada: floods engulf downtown CalgaryeuronewsFlash... http://t.co/fh2WXPA26d,Related and informative,2013 Alberta floods,1,Informative
348365644665856000,RT @cityofcalgary: Prefer to communicate by 'liking'. #yycflood updates on our Facebook page. https://t.co/gjiOcF1uTq #yyc,Related - but not informative,2013 Alberta floods,0,Not informative
348396309218205696,RT @hasan73012: Samsung Galaxy S4 - Slim Armor Spigen Case Review http://t.co/qSI5cxNQpV #abflood #Vancouver #BlueJays #yycflood #Calgary #…,Not related,2013 Alberta floods,0,Not informative
348400193114345473,@digiseb: Calgary hit by this :( - Deadly floods hit western Canada http://t.co/udJ39GuzJY,Related - but not informative,2013 Alberta floods,0,Not informative
348406891413643265,#ableg #yycflood Extreme Weather Adds Up to Troubling Future http://t.co/X95lO3V75E Poor communities no support like in Calgary. They die.,Related and informative,2013 Alberta floods,1,Informative
348413681996034048,Nature Sends a Message: Massive Flooding in Calgary.: The media makes no mention of human caus... http://t.co/RG0w8Dp3Iz #wellness #yoga,Related and informative,2013 Alberta floods,1,Informative
348417012294365185,Downtown Calgary evacuated as flooding takes turn for the worse http://t.co/2Xjet1KSVj,Related and informative,2013 Alberta floods,1,Informative
348424872399093760,RT @cenovus: Donating $1M to #abflood relief incl. $250K immediately to @redcrosscanada; will also work w/ other community partners in reco…,Related and informative,2013 Alberta floods,1,Informative
348428265620385792,RT @SarahRahmanMD: Ridiculously Photogenic Calgary Firefighter. #yyc #yycflood #abflood http://t.co/XrJ6fKRBTI,Related - but not informative,2013 Alberta floods,0,Not informative
348434036965912576,RT @CBCCalgary: Rain floods Calgary landmarks http://t.co/uehYDZQIyA,Related and informative,2013 Alberta floods,1,Informative
348438902362734592,RT @MattX929: Saddledome filled about 9 rows up! Whoever got that pic- wow #yycflood http://t.co/CtThkmUc0Y,Related and informative,2013 Alberta floods,1,Informative
348441070822113280,RT @PaulBromby: RT @TPSChrisBoddy: Wishing our friends at @CalgaryPolice and other emergency service workers a safe weekend. #abflood #yycf…,Related - but not informative,2013 Alberta floods,0,Not informative
348442278790045696,RT @GongshowGear: Thoughts and Prayers with all our friends in Calgary as they weather record floods - stay strong #alberta,Related - but not informative,2013 Alberta floods,0,Not informative
348442727576383489,RT @vanrennenberg: A plaque along the oldman river in #lethbridge. Showing ~15 foot difference between June '95 and now #yql #ABFlood http:…,Related - but not informative,2013 Alberta floods,0,Not informative
348445822955958273,RT @DebraWard: #yyc gougher  MT @rsinghphoto Everyone should boycott @TravelodgeCa hotels!  #yycFlood #yycGreedy #ABFloods http://t.co/w4xV…,Related and informative,2013 Alberta floods,1,Informative
348449325187231744,"Massive Flooding In Alberta Canada Forces 75,000 To Flee. http://t.co/PfcOWgAKgM",Related and informative,2013 Alberta floods,1,Informative
348449459404935170,RT @AlbertaGrl: @LeighPatrick Has anyone priced a fruit tray lately? $60 is normal. #yycflood,Related - but not informative,2013 Alberta floods,0,Not informative
348453179752587264,"RT @RedCrossAB: @UnitedWayCgy this is incredible. Thank you so much for the support, it is greatly appreciated! #calgarystrong #yycflood",Related - but not informative,2013 Alberta floods,0,Not informative
348457608971173888,"RT @Sean_in_Calgary: At the Drop In Centre(4804 Ed. Tr. NE) they need socks, underwear, back packs, and of course toiletries! #yyc #yycflood",Related and informative,2013 Alberta floods,1,Informative
348458577842798592,RT @AB_EmergAlert: High Water Level Alert Jun22 855AM Take necessary precautions. Vulcan County http://t.co/B6uO3E9qa7 #ABemerg #ABflood,Related and informative,2013 Alberta floods,1,Informative
348464043029311488,Swimming sensation Momo the cat escapes Alberta flood http://t.co/tgK8y3NuCU,Related and informative,2013 Alberta floods,1,Informative
348465464898375682,"3 die in floods, 75,000 forced from Calgary homes http://t.co/HJhl9J1IBp http://t.co/Gg6V0Rdzji",Related and informative,2013 Alberta floods,1,Informative
348465582313713666,RT @CBCAlerts: Almost 200K forced out of their homes in Alberta flooding  . 22 Alberta communities under states of emergency. #abflood,Related and informative,2013 Alberta floods,1,Informative
348466446373879808,RT @bebeasley: @markusoff: RT @lonnietaylor: The Ctrain tunnel coming into the core is underwater. #yycflood http://t.co/bp1P78D2mq Oh wo…,Related and informative,2013 Alberta floods,1,Informative
348466811257364480,“@660News: Evacuations WILL NOT be removed until flood waters recede: CEMA Director Bruce Burrell. #yyc #yycflood” .... #dammit,Related and informative,2013 Alberta floods,1,Informative
348467335557943296,"RT @cityofcalgary: #yyc water quality is good. But, we ask you to reduce water usage to reduce demand on treatment plants. #yycflood http:/…",Related and informative,2013 Alberta floods,1,Informative
348471416619925504,RT @ABPremierComms: .@Premier_Redford hugs an evacuated senior at the #yyc Fish Creek YMCA evacuation centre #abflood http://t.co/af3o6Q9IAh,Related and informative,2013 Alberta floods,1,Informative
348472133824937984,"RT @TelegraphNews: At least three killed and 75,000 evacuated after days of catastrophic flooding in Calgary http://t.co/sVSPev1WnE (AP) ht…",Related and informative,2013 Alberta floods,1,Informative
348473765430177795,@SunNewsNetwork #Calgary #Flood Could Ionospheric Heaters Weather Warfare be responsible? http://t.co/5FyVypyAzy,Related - but not informative,2013 Alberta floods,0,Not informative
348475631899668480,"All Calgary Red Arrow trips are on schedule. If you choose to cancel or change your trip, you may do so without charge. #yycflood #yyc",Related and informative,2013 Alberta floods,1,Informative
348476948894318592,At least three dead as Canada floods force large-scale Calgary evacuation - http://t.co/VqsJgBT3QA,Related and informative,2013 Alberta floods,1,Informative
348477733212389377,Wonderful photo “@clasicmac: Love this pic!!! Police keeping our streets safe overnight. #yycflood #abflood http://t.co/EqHwDc4mzG”,Related and informative,2013 Alberta floods,1,Informative
348479473882112000,RT @lethsnews: New Story: This. #yql #abflood http://t.co/06A5REyNzk,Related and informative,2013 Alberta floods,1,Informative
348480715396108288,Photo of Calgary #YYC courtesy Keri. #ABflood,Related - but not informative,2013 Alberta floods,0,Not informative
348481025762029568,Alberta Flood: Rogers Donates $100K to Red Cross; Google Creates Crisis Maps http://t.co/9kqn1k7DOQ,Related and informative,2013 Alberta floods,1,Informative
348481084486471680,"There are two groups working at the Emergency Operation Centre; one on re-entry plans, the other on critical infrastructure. #yycflood",Related and informative,2013 Alberta floods,1,Informative
348481201914408960,Wow &gt;&gt; “@GlobalCalgary: PHOTO: The damage inside the Saddledome:  http://t.co/J3KH3JJL3j #yycflood http://t.co/WUC5ffqf08”,Related and informative,2013 Alberta floods,1,Informative
348481432601116672,RT @GlobalCalgary: PHOTO: The damage inside the Saddledome:  http://t.co/Qo3LmWlIj8 #yycflood http://t.co/Z4I0MqOgub,Related and informative,2013 Alberta floods,1,Informative
348483387146784768,Floods in Canada:  downtown Calgary  partially evacuated http://t.co/8FhUtaDI9g 15,Related and informative,2013 Alberta floods,1,Informative
348486704841228289,RT @pmharper: Chatting with first responders in Calgary. Thank you all again for all your hard work. http://t.co/LM7qOVUYln #abflood #yycfl…,Related and informative,2013 Alberta floods,1,Informative
348492887245328385,Bowness by my house #ABFlood #Calgary #calgarystrong #WeAreCalgary #yycflood http://t.co/puyL4t4wqo,Related and informative,2013 Alberta floods,1,Informative
348493105332363264,"Southern Alberta braces for rain amid flood warnings: At least 175,000 people in Alberta have now been ordered... http://t.co/cDoOGxcYpY",Related and informative,2013 Alberta floods,1,Informative
348494908895674369,“@DonnaEmbretson: One more photo of Calgary during the flood yesterday. #CalgaryFlood #yycflood http://t.co/E3gxp0G2kd”. Oh no Hope u r well,Related and informative,2013 Alberta floods,1,Informative
348495282188722176,Twitter For First Response : Loyal2U - http://t.co/JyNR0kSRDu #KerryGeorge #abflood #yycflood,Related and informative,2013 Alberta floods,1,Informative
348495781315084288,Some neighbourhoods to re-open in #Calgary as flooding situation improves #ABflood #YYC  http://t.co/9SGeifwGiW,Related and informative,2013 Alberta floods,1,Informative
348498075590991872,Rise in flood claims tied to climate change http://t.co/PMxTrUu6lV #cdnpoli #abpoli #yyc 2010 article #abflood #yycflood,Related and informative,2013 Alberta floods,1,Informative
348498994139377664,MP @MichelleRempel announces federal Conservative Party Calgary convention next weekend is postponed due to #YYCfloods.,Related and informative,2013 Alberta floods,1,Informative
348500193722908672,RT @RobertFife: Conservatives postpone next weekend's convention in Calgary because of flood waters #cdnpoli,Related and informative,2013 Alberta floods,1,Informative
348500655087951872,#GlobalWarming #FAIL RT “@LeighPatrick: Snake oil salesman &gt; RT“@HuffPostCanada: David Suzuki: Is #abflood a sign of climate change?”,Related - but not informative,2013 Alberta floods,0,Not informative
348501204533387265,RT @abbassomji: City officials currently speaking to media. #ABflood #YYCflood,Related and informative,2013 Alberta floods,1,Informative
348501951157243904,Are there any organizations in #yyc that can use volunteers right now for #yycflood? People show up and we'd love to refer them to you.,Related and informative,2013 Alberta floods,1,Informative
348503184257458176,We remain on-air covering #yycflood #abflood for one more hour. Incredible aerial pictures out of Bowness from Global 1 in the last hour.,Related and informative,2013 Alberta floods,1,Informative
348504182506008576,RT @mandykorenowski: I am excited at the opportunity to learn how to have a 3 minute shower #ThinkPositive  #yycflood,Related - but not informative,2013 Alberta floods,0,Not informative
348506942362230785,RT @ShopprsDrugMart: Donate your Shoppers Optimum Points at any SDM store to the Canadian Red Cross flood relief efforts in Alberta #abfloo…,Related and informative,2013 Alberta floods,1,Informative
348507659579842560,@PaulPabst  RT @jaymes: @MattBInYYC @alex_ruiz Not sure if either of you seem this one yet #yycflood #Flames http://t.co/FYKIYxVZkW””,Related - but not informative,2013 Alberta floods,0,Not informative
348509580566872065,RT @PetRecoveryYYC: #yycflood LOST CAT - We were evacuated from our downtown condo Tootsi came with us but -can not be found. http://t.co/8…,Related and informative,2013 Alberta floods,1,Informative
348512566932275200,RT @CBCCalgary: Calgary downtown evacuation zone extended to 11th and 12th ave btwn 14th st to the West &amp; 17th st to the East. #ABFLOOD #YYC,Related and informative,2013 Alberta floods,1,Informative
348514483708260353,"No special flood treatment for Stampede grounds, says City of Calgary http://t.co/GwwTR9Vqcx #yyc",Related and informative,2013 Alberta floods,1,Informative
348515419046424578,@UAHUNT please pray for all the victims of the southern Alberta flood. http://t.co/dS6jvd9vyH,Related - but not informative,2013 Alberta floods,0,Not informative
348518732554973185,@anndecter @YWCACanada @YWCAofCalgary Thanks Ann. Response has been incredible.  #yycflood,Related and informative,2013 Alberta floods,1,Informative
348519877587378177,RT @CIAwesome: .@nenshi's got it covered #yyc. Great job @BadPortraits http://t.co/35VtX16ijQ #yycflood #abflood,Related - but not informative,2013 Alberta floods,0,Not informative
348522817798672384,Banff Marathon and K100 both cancelled due to the flood situation in southern Alberta as runners rally to help in the flood effort,Related and informative,2013 Alberta floods,1,Informative
348524323558002688,"RT @ARAMARKCalgary: Currently we are looking at our downtown core business being closed due to the #yycfloods until Wednesday, however me m…",Related and informative,2013 Alberta floods,1,Informative
348527272162107393,"RT @paulbrandt: Thanks for your generosity! Text REACH to 45678 to give $10 to @builditforward, proceeds to recovery for #abflood! #ABStrong",Related and informative,2013 Alberta floods,1,Informative
348527574160375809,Canada floods: Three killed as waters threaten Calgary - BBC News http://t.co/OYLGVkLWtB,Related and informative,2013 Alberta floods,1,Informative
348528215880523777,Rain is pouring again... #abflood,Related and informative,2013 Alberta floods,1,Informative
348528396243972098,RT @CIAwesome: This Google Crisis Map gives a good overview of all the flood spots around the city http://t.co/Qzvx0f2bGj #yycflood #abflood,Related and informative,2013 Alberta floods,1,Informative
348532548596551680,Just saw a c-117 on approach for yyc. CAF #yycflood,Related - but not informative,2013 Alberta floods,0,Not informative
348533102215299072,RT @redcrosscanada: We are accepting financial donations to assist people affected by flooding in Alberta: http://t.co/Xd9mbM2uj8 #abflood,Related and informative,2013 Alberta floods,1,Informative
348534217921142785,Photo blog post: #yycflood - A peacefully surreal walk around South Glenmore Park. Will share some indivs next. http://t.co/iMvR6nGyUQ #yyc,Related and informative,2013 Alberta floods,1,Informative
348534347952963586,RT @whogivesaknit: I think the rain is coming.... #yyc #yycflood,Related and informative,2013 Alberta floods,1,Informative
348534809309614081,RT @YYCFlood: UHaul Southern Alberta Offering 30 Day Storage for those affected http://t.co/jA17kM7z1N #yycflood #yyc,Related and informative,2013 Alberta floods,1,Informative
348534847058350080,RT @ETCanada: Celebs tweet their support to those affected by the Calgary floods including @WilliamShatner @HappyElishas http://t.co/IjZwe9…,Related - but not informative,2013 Alberta floods,0,Not informative
348545387344314368,It is eerily quiet downtown. Only noises are water dripping and sirens #yycflood,Related - but not informative,2013 Alberta floods,0,Not informative
348546117157400576,RT @clintupham: I can be in southern AB in 6 hours. Who needs an able bodied volunteer?  #yycflood #abflood #highriver,Related and informative,2013 Alberta floods,1,Informative
348547190915993600,RT @PGATOURCanada: .@GrahamDeLaet is donating $1k per birdie &amp; $2.5k per eagle this week to #ABFlood relief. #PGATOURCanada is proud to mat…,Related and informative,2013 Alberta floods,1,Informative
348547761324564481,RT @TheRoyGreenShow: Listen to a from the heart description of the flooding from Calgary resident Mae on http://t.co/XDs6Tq9pUq podcast. HR…,Related and informative,2013 Alberta floods,1,Informative
348548096881463296,Where getting the tail end of the flood in Alberta,Related - but not informative,2013 Alberta floods,0,Not informative
348548570829434881,It's hard to look at the mess. Ready to dive in and start cleaning. @SunshineVillage @BLLTMedia #ABFlood http://t.co/XEpGGYqkM7,Related and informative,2013 Alberta floods,1,Informative
348551720734961664,"RT @KYLEGARRETT: Mission is fully submerged. (Taken from Holy Cross Hospital rooftop).#YYCFlood #ABFlood #YYC http://t.co/JggfZDfQEl",Related and informative,2013 Alberta floods,1,Informative
348553302000144384,RT @CalgaryPolice: Useful answers to FAQ's #yycflood http://t.co/SuPeKzZOXc,Related and informative,2013 Alberta floods,1,Informative
348553864045268993,Good to be home. #nopower #yycflood,Related - but not informative,2013 Alberta floods,0,Not informative
348556565185441792,King says NHL will do anything it can to accommodate schedules if necessary in light of flooding. #abflood #yycflood,Related and informative,2013 Alberta floods,1,Informative
348557299192840194,Wow. This is the vid I took on Prince's Island Thursday http://t.co/TOVa9LhmX3 - and now it's totally covered. #yyc #yycflood #NenshiOn,Related and informative,2013 Alberta floods,1,Informative
348559870288617472,It's all starting to feel so sad. RT @CalgaryPolice: Aerial photo of flooding at Prince's Island Park. #yycflood http://t.co/H9pFYom7nM,Related and informative,2013 Alberta floods,1,Informative
348563208950382592,@EricFrancis where did she deliver them? #yycflood,Related - but not informative,2013 Alberta floods,0,Not informative
348564400111763456,RT @BrentToderian: The new normal with #ClimateChange: You're going to get wet. Frequency/intensity of storms. v.@aurbanist. #yycflood ht…,Related - but not informative,2013 Alberta floods,0,Not informative
348564479824498688,Canada's oil capital to be shut for days after flooding http://t.co/YMc7GceUBx,Related and informative,2013 Alberta floods,1,Informative
348566543409487872,RT @CalgaryPolice: Aerial photo of flooding at the Calgary Stampede Grandstand. #yycflood http://t.co/mcxO9RekKQ,Related and informative,2013 Alberta floods,1,Informative
348566748947156994,RT @SeedyRoads: @Can_ada @SusanFelicity Did you see this? Interview: Saga of Momo the cat http://t.co/U5iuyJ3AMk #abflood,Not related,2013 Alberta floods,0,Not informative
348567608787877888,RT @KrisArvi21: #WeAreCalgary “@blackpumahat: “@ampcalgary: Who else needs to see a pic like this today? :) #calgarystrong #yycflood http:/…,Related and informative,2013 Alberta floods,1,Informative
348568367935922176,http://t.co/uzjjSSGvYn #news Federal Tories delay Calgary convention due to floods - Toronto Sun http://t.co/d3wSwTBMsC,Related and informative,2013 Alberta floods,1,Informative
348570850968076288,Bow River at the weir looking west. #yycflood #yyc #calgary http://t.co/sMy5d5xnMZ,Related - but not informative,2013 Alberta floods,0,Not informative
348572415439278082,RT @CalgaryPolice: The Cushing bridge connecting 17th Ave and Blackfoot Trail is now closed due to deteriorating conditions. #yycflood,Related and informative,2013 Alberta floods,1,Informative
348573833126608896,RT @ArleneDickinson: For those of you on the Telus network who wish to donate pls Text REDCROSS to 30333 #yycflood,Related and informative,2013 Alberta floods,1,Informative
348576211288604673,"Panorama of 1st Ave Macleod, flood receding... #yycflood #yyc #calgary http://t.co/j1pxbKJ9Dd",Related and informative,2013 Alberta floods,1,Informative
348579197616259072,RT @NHLFlames: Photos from inside the Scotiabank Saddledome ~ http://t.co/Zg0KMaLnCT #yycflood #yyc,Related and informative,2013 Alberta floods,1,Informative
348580304950272002,RT @godiam: #dickson #dam #abflood #reddeerriver #reddeer http://t.co/ZnwrzaDaUq,Related and informative,2013 Alberta floods,1,Informative
348580669846327296,RT @AnjuRestaurant: Please spread the word. All flood workers and emergency crew come get a hot meal. #yycflood #feedthepeople,Related and informative,2013 Alberta floods,1,Informative
348581043110035457,@ValFortney column: Once-cheerful High River transformed into ghost town http://t.co/51Ybtgx42E #yyc #yycflood http://t.co/XDOZbJzHxj,Related and informative,2013 Alberta floods,1,Informative
348587733041692673,RT @MHNMcCuaig: Latest pix of the flooded TC bridge construction berm-can't even tell it's there. #medhat #mhflood #abflood http://t.co/hO4…,Related and informative,2013 Alberta floods,1,Informative
348595895161470978,Severe flood submerges parts of Flames' arena: Two rivers converged on the western Canadian city of Calgary ov... http://t.co/jXdLE8Ip9n,Related and informative,2013 Alberta floods,1,Informative
348598206206193666,RT @NHLFlames: Flooding goes to row 8 in the Scotiabank Saddledome #yycflood #yyc http://t.co/ARd2yseLJO,Related and informative,2013 Alberta floods,1,Informative
348602446668496897,RT @AMurrayA: #yycflood http://t.co/eIUX42U0Fq,Not applicable,2013 Alberta floods,0,Not informative
348602513789952001,We really have to stop and thank all of the amazing first responders in the province. @calgarypolice #yycfloods #albertafloods,Related - but not informative,2013 Alberta floods,0,Not informative
348606620013568000,RT @cityofcalgary: Plz RT Public Schools (CBE &amp; Catholic) will be CLOSED on Monday. #yyc #yycflood,Related and informative,2013 Alberta floods,1,Informative
348606951338422272,RT @StephaniePelley: Well played @calgarystampede. #yycflood http://t.co/rR73W5eIrQ,Related - but not informative,2013 Alberta floods,0,Not informative
348608960414240768,@cityofcalgary: Plz RT Public Schools (CBE &amp; Catholic) will be CLOSED on Monday. #yyc #yycflood @MariamAwara,Related and informative,2013 Alberta floods,1,Informative
348609186902450176,"RT @ericaryder: Yup, another road. That fench there is a driveway to a home #StoneyNakoda #Morley #abflood http://t.co/Ojm61kjYH9",Not related,2013 Alberta floods,0,Not informative
348609761547259905,RT @SchnockerLove: Dog found in #Bowness near C.O.P. no tags. Please call 403-288-2620 #yycflood http://t.co/1N8OKsVjCT,Related and informative,2013 Alberta floods,1,Informative
348609853805182977,RT @Mookalicious: The Calgary Stampede's answer to whether or not they will proceed this year?! #abflood http://t.co/OZFoudEjvY,Related and informative,2013 Alberta floods,1,Informative
348610596192780290,RT @LiseMerle: Never underestimate the power of Mother Nature. The TransCanada Highway at Canmore no longer exists. #abflood http://t.co/NH…,Related and informative,2013 Alberta floods,1,Informative
348610860438130688,@InglewoodYYC I was literally just telling my gf the same thing. #longhairdontcare #yycflood,Not related,2013 Alberta floods,0,Not informative
348622029869690880,DTN Italy: Alberta braced for fresh flooding: More communities in the Canadian province of Alberta are on floo... http://t.co/m2s0tmCqIt,Related and informative,2013 Alberta floods,1,Informative
348627746718617600,RT @RedCrossAB: Looking to set up a fundraiser for Canadian Red Cross Alberta Flood Relief fund? http://t.co/EW67nV12kt,Related and informative,2013 Alberta floods,1,Informative
348628505862483968,RT @daxjustin: #yycflood #yycfloodhero @CanadianForces working hard to keep East @InglewoodYYC safe. http://t.co/fYrogCqsII via @philandseb,Related and informative,2013 Alberta floods,1,Informative
348630443660292097,RT @MacKinnonJeff: Berm being rebuilt at Redwood Meadows #abflood http://t.co/s13bHLKX0v,Related and informative,2013 Alberta floods,1,Informative
348630816949153793,RT @MagicalEarth: Swimming sensation Momo the cat escapes Alberta flood http://t.co/DR4iwDIkM3 #UniteBlue #Cats,Related - but not informative,2013 Alberta floods,0,Not informative
348636407952191488,Thinking of family in these trying times. Much love to all x x x x  #yycflood,Related - but not informative,2013 Alberta floods,0,Not informative
348638626743214082,"And that was a bike path 15 minutes ago. #abflood #medicinehat @ Medicine Hat, Alberta http://t.co/0i4xggPxS2",Related and informative,2013 Alberta floods,1,Informative
348641600508923905,RT @calstampeders: Tackling adversity and overcoming obstacles. People in our community sure know how to  Cowboy up #yycflood #abflood,Related and informative,2013 Alberta floods,1,Informative
348648663683301377,RT @jennxxoo: RT @terramichele17: The river is a rising in Drumheller.  Difference after 4 hours. #abflood http://t.co/sruGl5CPjC,Related and informative,2013 Alberta floods,1,Informative
348648982463016962,Stephen Ave E. absolutely no one here and nothing going on. #feellikeRickGrimes #yycflood #TheWalkingDead http://t.co/Obd8bd9SxZ,Related and informative,2013 Alberta floods,1,Informative
348650081366458368,"RT @GlobalCalgary: ON SCENE: Power outage in #Banff, Lake Louise - @DollJayme reports. http://t.co/JhLyNMJjxg #yycflood #abflood",Related and informative,2013 Alberta floods,1,Informative
348650664395669506,RT @calgaryherald: Here's our story on diploma exam situation: http://t.co/boAeKx2Uhy #yyc #yycflood,Related and informative,2013 Alberta floods,1,Informative
348655668187758592,"RT @Crackmacs: 7th ave is vacant, other than pedestrians and skateboarders #yyc #yycflood http://t.co/B9BVs3vdjQ",Related - but not informative,2013 Alberta floods,0,Not informative
348657220076044290,"RT @aldjohnmar: Calgary, the time is coming we will need you...rest now, because we will call. #yyc #yyccc #yycflood",Related - but not informative,2013 Alberta floods,0,Not informative
348657408840708096,RT @calgaryherald: RT @terramichele17: The river is a rising in Drumheller.  Difference after 4 hours. #abflood http://t.co/7r9siw94mU,Related and informative,2013 Alberta floods,1,Informative
348662072889966592,RT @Crackmacs: Pictures I took from around downtown #Calgary today http://t.co/9FNjfjhblt #yyc #yycflood - video coming shortly.,Related and informative,2013 Alberta floods,1,Informative
348672642540257281,RT @hpliszka: #abflood hit #Siksika tremendously hard. Thx @1anhaga for link to powerful song &amp; photos The Ballad of Crowfoot http://t.co…,Related - but not informative,2013 Alberta floods,0,Not informative
348675276571557888,RT @511Alberta: #Hwy36 is closed northbound at the town of #Vauxhall and southbound at Secondary #hwy530. #abflood #ABroads,Related and informative,2013 Alberta floods,1,Informative
348680917897838593,RT @banff_town: Lake Minnewanka dam has not failed. Pls see latest #banff info http://t.co/AKDaTL6LJY #abflood,Related and informative,2013 Alberta floods,1,Informative
348691328151990272,RT @yyclostdog: Plz RT: Two stolen Samoyeds. Reward for their return #yyc #yycflood #yycpets #lostdog @nenshi http://t.co/rqs48bO1xb,Not related,2013 Alberta floods,0,Not informative
348695291765092352,I believe this is the golf course at Canadian Golf Academy. Driving Range and Lafarge in background. #yycflood http://t.co/K5N7Yd0X8e,Related and informative,2013 Alberta floods,1,Informative
348695547609223168,@nenshi good Job out there!! Hope you for some sleep!! Keep up the good work ☺☺ #yycflood,Related - but not informative,2013 Alberta floods,0,Not informative
348700765335977984,"RT @ENMAX: Power restored to more than 6,300 Calgary homes today. More to come. List of outage updates:http://t.co/8vZjYc95YP. #yycflood",Related and informative,2013 Alberta floods,1,Informative
348711146225811456,"RT @psaulnier: Photos of #yycflood in Sandy Beach Park, Discovery Ridge, Chinatown and Downtown. http://t.co/UOiW78YCa6",Related and informative,2013 Alberta floods,1,Informative
348721531335094272,RT @sandra_harris: Climate catastrophes like the Alberta floods have the potential to shatter political careers http://t.co/SkxChSjWWt via …,Related and informative,2013 Alberta floods,1,Informative
348740049178853376,511 Alberta Transportation Official Road Reports. #abflood  http://t.co/Q14KLuWt7D,Related and informative,2013 Alberta floods,1,Informative
348748534285205504,RT @joerogan: Sending out some love to all my friends in Calgary hit with these awful floods. I hope relief finds its way to you!,Related - but not informative,2013 Alberta floods,0,Not informative
348778972345143296,RT @KyleTBBG: #abflood Medicine Hat is at the start of its share of the flooding.. Subscribe for updates.. http://t.co/2LcHsmQiOx,Related and informative,2013 Alberta floods,1,Informative
348784647230062593,We'll see... #yycflood #recovery #stampede http://t.co/8k2FSc9x9j,Related - but not informative,2013 Alberta floods,0,Not informative
348789885915774976,RT @jacktodd46: Why is it that we respond generously to disasters like the Alberta floods - but refuse to deal with the climate change that…,Related - but not informative,2013 Alberta floods,0,Not informative
348806839279947776,"RT @afreedma: As Calgary copes w/ record flooding, studies point to increased risk of river flooding in warming world http://t.co/G002lMbjg…",Related and informative,2013 Alberta floods,1,Informative
348812191220256768,Update on flooding response in Alberta http://t.co/RZjqRmIZji @redcrosscanada,Related and informative,2013 Alberta floods,1,Informative
348814594564829185,"RT @bruce_arthur: Holy cow, Calgary. RT @CarrieTait: Downtown power could be out for months - it is a possibility. - Fire chief. #ABflood",Related and informative,2013 Alberta floods,1,Informative
348815315968335873,RT @rsinghphoto: Everyone should boycott @TravelodgeCa hotels! #yycgreedy #abflood http://t.co/0XdF6tcW1b,Related - but not informative,2013 Alberta floods,0,Not informative
348819136996061185,RT @LandGail: Let's take time to say thank you #abflood #yycflood #yychelps http://t.co/Cv0lytdhYF,Related - but not informative,2013 Alberta floods,0,Not informative
348819854201073664,Great resource for the latest #YYCFlood information from The City of Calgary ~ pass it on!... http://t.co/zphHuM87pU,Related and informative,2013 Alberta floods,1,Informative
348820189774753792,RT @dinnerwithjulie: Water definitely receding in Inglewood. Good news! #yycflood http://t.co/yWi7Nt7TTS,Related and informative,2013 Alberta floods,1,Informative
348827676582240256,"Benevity Creates Southern Alberta Flood Relief Fund on The Need Is Now!,  An Online Giving Site for Disaster Relief http://t.co/swB7blRE5P",Related and informative,2013 Alberta floods,1,Informative
348830390305308673,"Alberta flood zone development was a mistake, former MLA says »http://t.co/rVlvfEHfn5« #FollowME",Related and informative,2013 Alberta floods,1,Informative
348831061414916096,RT @Jesse_Johnston: @660News @News1130radio Behind the scenes look at emergency ops centre. #yycflood #abflood http://t.co/NUyFO9tWRD,Related and informative,2013 Alberta floods,1,Informative
348831304663580672,Our thoughts are with all those affected by the #abflood.  Thanks to all the amazing volunteers and first responders keeping our city safe!,Related - but not informative,2013 Alberta floods,0,Not informative
348832709763792896,Man yelled thank you! to military truck as we passed.  #yycflood,Related - but not informative,2013 Alberta floods,0,Not informative
348835515740598274,RT @cityfrancis: Chinatown biz owners are pumping out basements #yycflood,Related and informative,2013 Alberta floods,1,Informative
348845242318987265,RT @mikedmonton: Water about to crest over Bassano Dam #abflood #mhflood https://t.co/2dEBYw3kQX,Related and informative,2013 Alberta floods,1,Informative
348847553409851392,Interesting story and amazing coordination. Amazing job all! @calgarytransit @RouteAhead http://t.co/O79FCYZR9G   #yyc #yycflood #yyctransit,Related and informative,2013 Alberta floods,1,Informative
348852221678596096,Can't even imagine how brutal the flood is in Calgary,Related - but not informative,2013 Alberta floods,0,Not informative
348852645265547266,RT @KyleMacQuarrie: This is how you sell ice. #yycflood #yyc http://t.co/JsL5iihSGI,Not related,2013 Alberta floods,0,Not informative
348853085688442881,RT @StarbucksCanada: Make a difference in #Alberta. Visit your participating store to make a donation to the Red Cross #abflood http://t.co…,Related and informative,2013 Alberta floods,1,Informative
348853182144843777,RT @ToddGallant: More help from @canadianforces ... rolling down hwy QEII. Impressive sight. #calgary thanks you. #yycflood,Related and informative,2013 Alberta floods,1,Informative
348854553673875456,"“Need some 1 to root 4 @PGATOUR: Reminder: Leader @GrahamDeLaet is donating $1,000 per birdie and $2,500 per eagle to Alberta flood relief",Related and informative,2013 Alberta floods,1,Informative
348854671139553281,"The Walking Dead - Calgary AB “@tvchick13: Wow. Just, wow. #yyc #abflood Photo courtesy J Dowd. http://t.co/MK1xkBhnH0”",Related - but not informative,2013 Alberta floods,0,Not informative
348855296095031297,RT @MHNMcCuaig: #MHFLOOD INFO - Space quickly running out underneath the TC bridge. #MedHat #AbFlood http://t.co/xcdzLN7HKN,Related and informative,2013 Alberta floods,1,Informative
348857019933003776,Federal government ready to foot the bill for Alberta flooding damage: Canada's Immigration Minister Jason Ken... http://t.co/15e5UE2fJH,Related and informative,2013 Alberta floods,1,Informative
348859607810179072,RT @Eric_Doherty: #Enbridge shuts #tarsands pipelines after spill likely caused by #abflood http://t.co/Hj1O5VgNd7  #Cdnpoli #abpoli #clima…,Related and informative,2013 Alberta floods,1,Informative
348863550481117184,Alberta Environment charts compare Elbow River flow at Bragg Creek during the floods of 2005 and 2013 http://t.co/ixb6ln5g3u,Related and informative,2013 Alberta floods,1,Informative
348865609884385280,"RT @JenTryon: One of many basements we saw this morning in Calgary. #yycfloods Here stories of return, tonight on Global http://t.co/dHuWg5…",Related and informative,2013 Alberta floods,1,Informative
348866264183218179,RT @Daorcey: Thank you for trying to unflood Calgary. Drawings like this hang in Emergency Ops Centre. #yycflood http://t.co/IUXuVFgUB3,Related - but not informative,2013 Alberta floods,0,Not informative
348867581182099456,RT @bpincott: RT Collecting donations in Lakeview today for First Nations impacted by #yycflood #yychelps http://t.co/4ufEOD1nav #yycW11 #y…,Related and informative,2013 Alberta floods,1,Informative
348868147421536256,"RCMP urge caution, patience for those crossing the Trans-Canada bridge at Medicine Hat. Only one lane open each way #abflood",Related and informative,2013 Alberta floods,1,Informative
348868717838471171,Donations made to @RedCrossAB and @CalgaryHumane please do your part tweeps and assist #yyc #yycflood,Related and informative,2013 Alberta floods,1,Informative
348872425607401472,#Calgary! Here is your @CalgaryPolice #Hawc helicopter patrolling the downtown core last night.  #YYcflood http://t.co/twBoaZOSvM,Related and informative,2013 Alberta floods,1,Informative
348873142837592064,RT @MetroAnnalise: View from my office window. Lots of debris in North Saskatchewan River in #yeg #abflood http://t.co/D7qF6i7Lo0,Related and informative,2013 Alberta floods,1,Informative
348874673775316993,RT @YYCfirehydrant: @GlobalCalgary a local #Devon Fire Hydrant sent me this picture. Water is usually at least 15ft lower #abflood http://t…,Related and informative,2013 Alberta floods,1,Informative
348876963852722177,RT @cityofcalgary: For a list of communities where mandatory evacuations are still in place visit: http://t.co/CvyoULoQIb #yycflood,Related and informative,2013 Alberta floods,1,Informative
348877882426265601,"Let's pull together for our city, #JamaicaYYC!  Check out Volunteer Calgary's 'Flood Donation Drop Off Points and... http://t.co/7XPVFFFQBE",Related and informative,2013 Alberta floods,1,Informative
348888510775828481,RT @cailynnk: My story on how #yeg is helping #yyc including @epcor @cityofedmonton @edmontonpolice http://t.co/n8pISjJIqs #abflood Who els…,Related - but not informative,2013 Alberta floods,0,Not informative
348895309755191297,"RT @JaysCare: The @BlueJays, through Jays Care, are donating $10,000 to support Alberta flood relief.",Related and informative,2013 Alberta floods,1,Informative
348898774225125376,RT @bramalam_c: Feeling the love. #yycflood #volunteers 17th is a ghost town no more #mission http://t.co/aDrN3yGuMk,Related - but not informative,2013 Alberta floods,0,Not informative
348902951781273600,RT @cnieuwhof: Thank you @connexuschurch. Today we shared that we're giving $5000 to help with Calgary Flood Relief: http://t.co/L9DWossgM2,Related and informative,2013 Alberta floods,1,Informative
348902972731838464,“@CalgaryParking: @cityofcalgary you may park in any CPA surface lot or Centennial Parkade without charge tomorrow. #yycflood”,Related and informative,2013 Alberta floods,1,Informative
348903157281198081,RT @marcbinkley: Donate to the Alberta Floods Fund http://t.co/rCXVFgEIoO,Related and informative,2013 Alberta floods,1,Informative
348903559942774784,"RT @VolunteerCal: RT @calgarydropin needs volunteers at 4804 Edm Trail N.E, or call 403-606-7742 for info #yychelps #yycflood @VolunteerCal",Related and informative,2013 Alberta floods,1,Informative
348904197464408065,"RT @ctvedmonton: Officials say Trans-Canada Highway bridge will close at 7 p.m., dividing Medicine Hat. #abflood #mhflood @CTVNews",Related and informative,2013 Alberta floods,1,Informative
348905212485976064,It's extraordinarily quiet down here all of a sudden...even for a Sunday...even for Medicine Hat. #mhflood #eerie #abflood,Related and informative,2013 Alberta floods,1,Informative
348905854227054594,RT @AndrewNg_: Flooding is still fairly severe at Washington community on Siksika reserve. #yyc #yycflood http://t.co/7gTuz2d4J4,Related and informative,2013 Alberta floods,1,Informative
348913546568015872,RT @CBCCalgary: Medicine Hat plans to close the Trans-Canada Bridge as of 1900MT/2100ET.  #abflood #yyc #,Related and informative,2013 Alberta floods,1,Informative
348916436443480064,@ValentineEliza you have no idea how much I wish I was there helping you out😞💗 #sosorry #loveyou #yycflood,Related - but not informative,2013 Alberta floods,0,Not informative
348922744676679680,Final exams are cancelled due to the flooding! The only good thing it brought :D bless Calgary hallelujah 😎,Related and informative,2013 Alberta floods,1,Informative
348925781377953793,RT @Ennui_Raver: #yycflood im the guy standing outside the Mission evac zone slapping his belly around and screaming about the denim trappe…,Related - but not informative,2013 Alberta floods,0,Not informative
348931909243506688,RT @NTNL17: Plenty of food and coffee for all our neighbours in need of relief. Please join us. #yycflood http://t.co/Mo5zYuam5I,Related and informative,2013 Alberta floods,1,Informative
348934048342753280,"RT @ctvedmonton: Fire crews, Epcor staff and ETS buses heading to #yyc to help with cleanup efforts. #abflood #yycflood #yeg @CTVNews http:…",Related and informative,2013 Alberta floods,1,Informative
348942877352669186,"RT @Metro_Nolais: Two Calgary Transit tunnels damaged, no timeline for restoring downtown LRT #yycflood",Related and informative,2013 Alberta floods,1,Informative
348943988830658560,.@Premier_Redford: This is nothing like we've ever seen before &amp; will take enormous marshalling of resources #abflood,Related - but not informative,2013 Alberta floods,0,Not informative
348944215310471170,"RT @WestJet: Thank you to @redcrosscanada for leading #abflood relief efforts. We'd like to offer a donation of $25,000 to assist your work.",Related and informative,2013 Alberta floods,1,Informative
348944362115313665,RT @Juniper00: RT @SeawaBob: Cdn Forces unpack supplies &amp; materials around 12 Sunday @CHHS. #MedHat #MHFlood #AbFlood http://t.co/pUK2ZQUEQ…,Related and informative,2013 Alberta floods,1,Informative
348944827678859264,RT @CstShaw: Things like this are what keep us going during our 79th hour of work this week. Thank you! #yycflood #yyc http://t.co/fk7mg9ad…,Related - but not informative,2013 Alberta floods,0,Not informative
348946572509331457,RT @Calgaryism: Keep Calm Stampede is On. We survive and prosper. #calgarystrong #calgaryflood #abflood http://t.co/PiyftmWH5V,Related - but not informative,2013 Alberta floods,0,Not informative
348949265252499456,"Pulling together MT @ctvedmonton: Fire crews, Epcor staff and ETS buses heading to #yyc to help with cleanup efforts #abflood #yycflood #yeg",Related and informative,2013 Alberta floods,1,Informative
348949747601653760,“What do we live for if not to make life less difficult for each other?”byGeorge Eliot #yycflood #abflood,Related - but not informative,2013 Alberta floods,0,Not informative
348958668882059264,RT @windspeakernews: RT @StampedeIP: #morley - looking for trucks/vans to take food and water to Eden Valley. #abflood #yycflood #yychelps,Related and informative,2013 Alberta floods,1,Informative
348961974022979584,RT @domesticproject: A Love Letter To My City: Calgary Flood 2013 http://t.co/48QsZdtsSQ #yycflood #abflood #yyc,Related - but not informative,2013 Alberta floods,0,Not informative
348964503196680193,"@kendramu from tanning to thunderstorms, sounds fun?! stay safe #yycflood",Related - but not informative,2013 Alberta floods,0,Not informative
348965090374057985,RT @CKNW: 5000 litres of oil leaked from pipeline in northern Alberta last night. Company says clean-up hampered by flood in Calgary.,Related and informative,2013 Alberta floods,1,Informative
348965937631866880,"RT @Premier_Redford: Today, we begin to rebuild from #abflood. Read my full statement to Albertans here: http://t.co/3WqA5JqN1J #ableg #cdn…",Related and informative,2013 Alberta floods,1,Informative
348967606948081664,RT @FFWDWeekly: 25th Ave. Erlton/Mission #yycflood http://t.co/OyoKxHweFB,Related and informative,2013 Alberta floods,1,Informative
348972807918600192,RT @tedhenley: WHOA!?! Heavy erosion UNDER the pavement RT ‏@FFWDWeekly 25th Ave. Erlton/Mission #yycflood http://t.co/lBdjnzCk8Q,Related and informative,2013 Alberta floods,1,Informative
348977694282756096,"RT @ThePuckRocket: People have lost everything, and it seems like no one even cares. Help bring attention to the flooding Calgary. http://t…",Related - but not informative,2013 Alberta floods,0,Not informative
348979715937275904,How was your day? #okotoks #afterlight #loveyourneighbour #cleanup #abflood #flood #flood2013 #sotired http://t.co/TqMndf4iJH,Related - but not informative,2013 Alberta floods,0,Not informative
348987617993428992,South. AB Flood Relief Fund supports LOCAL charities that help those impacted by #abflood Give at http://t.co/3iG894MKoz /cc @DruhFarrell,Related and informative,2013 Alberta floods,1,Informative
348991661315072001,@chikom @chikom hey u okay? U in #calgary? Saw news abt #floods.,Related - but not informative,2013 Alberta floods,0,Not informative
348994354020491264,RT @ATJogia: Folks back home could use some help after devastating floods in Southern Alberta @redcrosscanada: http://t.co/eNzxTpwupL  #abf…,Related and informative,2013 Alberta floods,1,Informative
348996677681704960,2Pac/ Nas under silt n mud.. Aww maan! Well FOTC kinda made it out on top. #mission #yycflood #TearsOfARapper http://t.co/MNdT08nY6z,Related and informative,2013 Alberta floods,1,Informative
348996916761198592,RT @CarrieTait: Stay out of downtown Calgary Monday and Tuesday unless it is essential - Nenshi #abflood,Related and informative,2013 Alberta floods,1,Informative
348997327815589890,"RT @dornotter: http://t.co/h57RSA1I8K Pics of the flooded Saddledome, now with 100% less Photoshop #yyc #yycflood",Related and informative,2013 Alberta floods,1,Informative
348999349465911296,@Metro_Nolais is that in regards to #transit in #yyc? they are not only ppl affected by this. request your source? #yycflood,Related and informative,2013 Alberta floods,1,Informative
349006865646104576,Local Red Cross volunteer heads to Calgary: As thousands of people in Calgary return to their flood ravaged ho... http://t.co/6YNXSl2il5,Related and informative,2013 Alberta floods,1,Informative
349009818419335168,RT @stevegrueber: Flooding west of #drumheller toward museum. #abflood @660news @calgaryherald @globalcalgary http://t.co/9DzfdPOJUl,Related and informative,2013 Alberta floods,1,Informative
349013706576896000,"Great place to donate for #abflood  .@NeighbourLink  They give supplies to individuals, displaced charities &amp; First Nations #yycflood",Related and informative,2013 Alberta floods,1,Informative
349023420555591680,"RT @RobDavis_Wx: Since records began in 1879, #Calgary's NINE largest floods all occurred before 1934... until now. #yycflood",Related and informative,2013 Alberta floods,1,Informative
349038067077746688,Elderly woman found dead in apartment after flooding: Calgary police believe the woman chose to defy the manda... http://t.co/8wx3PXaylz,Related and informative,2013 Alberta floods,1,Informative
349041644802277376,RT @ampcalgary: TRAFFIC: The ramp from SB Deerfoot to WB Glenmore is open #yycflood,Related and informative,2013 Alberta floods,1,Informative
349099597496451072,"Good morning! I've got the latest on record flooding in Alberta during the morning news run, tune in at 7, 8 and 11 for details. - Paul",Related and informative,2013 Alberta floods,1,Informative
349155679568805890,“@pppcouncil: RT @youralberta: How to help: http://t.co/OmKobXBYEo Updated info on how to help Albertans recover from #abflood #yycflood”,Related and informative,2013 Alberta floods,1,Informative
349158082888208385,@TheEllenShow  #CanYouHelpAlberta? #Devastation #OnlyPartOfIt #BigCatsAreInCourthouseJail http://t.co/TafYks5lVz #yyc #abflood,Related - but not informative,2013 Alberta floods,0,Not informative
349158124839632896,In awe after reading this blog post from  @TheLeeDiaries on the #yycflood Def a must read! http://t.co/NDr5DUizRS,Related and informative,2013 Alberta floods,1,Informative
349161274774532097,RT @weathernetwork: #MEDHAT: Evacuated areas must remain evacuated. It's still not safe to enter flooded areas. #abflood,Related and informative,2013 Alberta floods,1,Informative
349164693107113984,RT @VIHippieChick: Immediate need #yycflood resources needed in helping to house men from Centre of Hope who were relocated. https://t.co/s…,Related and informative,2013 Alberta floods,1,Informative
349164697297223683,RT @MeliRamsay: The Calgary Zoo has announced a small number of animal deaths admist the devestating flooding: http://t.co/iy7kyLCgOv    #y…,Related and informative,2013 Alberta floods,1,Informative
349171081040523264,@j_lefuzz Please visit @cityofcalgary Calgary.ca for the most up-to-date information. #yycflood,Related and informative,2013 Alberta floods,1,Informative
349172121244676097,RT @GlobalNational: Calgary Zoo announces animal deaths after flooding: http://t.co/yUrALGimIJ #yycflood,Related and informative,2013 Alberta floods,1,Informative
349179046019604480,RT @BradenLatam: The view inside a flooded basement in Sunnyside. U can see how high the water once was. #yyc #YYCFlood013 #yycflood http:/…,Related and informative,2013 Alberta floods,1,Informative
349181210301456385,"Five local states of emerg ended: Leth city &amp; county; Cypress County; Red Deer, Crowsnest Pass. #ABflood #yycflood #yyc #ableg #abpoli",Related and informative,2013 Alberta floods,1,Informative
349181604545036291,RT @redcrosscanada: We continue to assist those affected by flooding in Alberta. Want to help? Donate here: http://t.co/Xd9mbM2uj8  #abflood,Related and informative,2013 Alberta floods,1,Informative
349184318259736578,RT @C95: Good news! The water is receding and C-Train rides will be a lot more fun now. #YYCflood  http://t.co/V60RWwArsz,Related and informative,2013 Alberta floods,1,Informative
349188353175977985,Meet at McMahon Stadium at 10am to help out Calgary flood victims. Details at TrueSynergy.ca,Related and informative,2013 Alberta floods,1,Informative
349188911039381506,RT @GlobalEdmonton: Calgary Zoo announces animal deaths after flooding. #yycflood #ABflood http://t.co/FdUg88Xjkn,Related and informative,2013 Alberta floods,1,Informative
349189825385086976,"If anyone is looking for a way to pull themselves out of monday morning blahs, click on #yycfloodhero &amp; read the heroic moments of #abflood",Related and informative,2013 Alberta floods,1,Informative
349196032942415872,Awesome“@Mo_K_Miller: A sea of volunteers at McMahon ... So many it's threatening to overwhelm officials #abflood http://t.co/OsXsAuCcro”,Related - but not informative,2013 Alberta floods,0,Not informative
349199627486117891,"RT @itsinyoutogive: FLOODING UPDATE: Clinics in Calgary and Lethbridge closed Sat due to flood. Edmonton and Red Deer are open, so pls keep…",Related and informative,2013 Alberta floods,1,Informative
349200151748935682,RT @cityofcalgary: Thanks Calgary! We already have enough volunteers at McMahon Stadium for today's tasks. #yycflood #yychelps,Related and informative,2013 Alberta floods,1,Informative
349207672131817473,RT @bifnaked: Support @redcrosscanada as they continue to assist those affected by flooding #AbFlood And Donate here: http://t.co/MGsbIYy7A…,Related and informative,2013 Alberta floods,1,Informative
349212868895440896,RT @AthabascaU: To AU students who've been affected by the flood in southern Alberta:  For those of you scheduled to write exams... http://…,Related and informative,2013 Alberta floods,1,Informative
349224910729646083,RT @originaljoes: OJ's on 4th St is doing a free BBQ today for any evacuees and workers! Please RT. #yycflood #yyc http://t.co/LbV18j5Bz0,Related and informative,2013 Alberta floods,1,Informative
349228786266537984,"if you live in an evacuated area, here's where you can go get your mail: http://t.co/cGxMYBk5Rs  #yycflood",Related and informative,2013 Alberta floods,1,Informative
349238064058605569,If you know anyone needing help this week walking distance from DT-west let me know. Lots of time to spare but no car #yychelps #yycflood,Related and informative,2013 Alberta floods,1,Informative
349240735863808000,"MT @erinshu: Stack of water at #Siksika Nation. Still need mat clothes, men's shoes, diapers, &amp; underwear. #abflood http://t.co/Df784Ao4VT",Related and informative,2013 Alberta floods,1,Informative
349244808512012290,One of two missing canoeists found dead in northern Alberta river http://t.co/dlu0WPUDN0 #ABflood,Related and informative,2013 Alberta floods,1,Informative
349253792732155904,RT @KikkiPlanet: The Alberta Government's News Release &amp; pledge of $1 billion to aid in #yycflood clean-up &amp; rebuild: http://t.co/KXaHU030h…,Related and informative,2013 Alberta floods,1,Informative
349254417649893376,Right Wing Media Need a Science Class @CP24  http://t.co/jBhLqw2JBW   #Calgary #yycflood @pmharper @kenneyjason #cp24 #CPC #TSN #cdnpoli,Related and informative,2013 Alberta floods,1,Informative
349258708435480576,@jsource: Flood watch: Covering catastrophe at CTV Calgary http://t.co/RFmgrLXnrV,Related and informative,2013 Alberta floods,1,Informative
349260130317115392,If he wasn't already creepy before...RT @ampcalgary Poor poor Harvey the Hound. #yyc #yycflood #abflood #saddledome http://t.co/aKs9WpL5c1,Related - but not informative,2013 Alberta floods,0,Not informative
349261694788313090,RT @CFNU: Take this moment to think about the work of nurses during these #Alberta floods. Our thoughts are with our sisters and brothers &amp;…,Related - but not informative,2013 Alberta floods,0,Not informative
349261908706197505,RT @weathernetwork: Stampeding to recovery: Calgary rodeo to go ahead as planned: http://t.co/3z88AMmmTk #abflood,Related and informative,2013 Alberta floods,1,Informative
349266165916381190,RT @ampcalgary: Poor poor Harvey the Hound. #yyc #yycflood #abflood #saddledome http://t.co/lZOQEMCxmC,Related - but not informative,2013 Alberta floods,0,Not informative
349269584269942786,RT @jillbelland: Hey #yyc know of any fundraising initiatives for #abflood? Pls tweet me links will try to get them to air @BTCalgary tomor…,Related - but not informative,2013 Alberta floods,0,Not informative
349272688067481600,RT @BambooCreative_: Calgary Flood: How to Help Out http://t.co/cX43g4FAjz @yychelps @cityofcalgary @calgaryhumane @neighbourlink @redcross…,Related and informative,2013 Alberta floods,1,Informative
349278358766493696,#yycflood donations for the people in #calgary can be made by phone or on line. 1800 418 1111 or http://t.co/tmFx0s4nep,Related and informative,2013 Alberta floods,1,Informative
349285220618481665,"RT @LisaOstrikoff: RT @CstShaw: Our friends @CalgaryZoo are safe, but a little soggy. #yycflood #yyc http://t.co/3f1K0pWlmz",Related and informative,2013 Alberta floods,1,Informative
349289498816937986,RT @kevinzahara: @CampbellMLA surveys damage at Hidden Valley.  Unbelievable damage.  #abflood http://t.co/bmBKoSyfOI,Related and informative,2013 Alberta floods,1,Informative
349292342542483457,RT @cityofcalgary: More good news! All single-family dwellings outside the downtown core have been cleared for reoccupation. #yycflood,Related and informative,2013 Alberta floods,1,Informative
349295639303172096,"RT @emikatj: If you volunteer, take: mask, HEADLAMP, rubber gloves/boots, bug spray, sunscreen. Also buckets. #yychelps #yycflood",Related and informative,2013 Alberta floods,1,Informative
349297669337919488,RT @plumberlocal: *** IMPORTANT *** We are pumping out people's basements at no charge! Call 403 288 1111 #abfloods #yycfloods #Calgary #YYC,Related and informative,2013 Alberta floods,1,Informative
349301217693937666,@YogiCrystal What a stressful &amp; heartbreaking few days it has been. It's amazing to see so many people come together and help out! #yycflood,Related - but not informative,2013 Alberta floods,0,Not informative
349303046410473472,"At 5:13, the newly appointed Associate Minister of Regional Recovery and Reconstruction. Province pledges 1 billion to #abflood relief. #yyc",Related and informative,2013 Alberta floods,1,Informative
349303079977500673,RT @CarlBalan: Terrible whats happening in Albta. Canada cares b/c dt Calgary is shut down but every year dozens of reserves flood in Manit…,Related - but not informative,2013 Alberta floods,0,Not informative
349308201222684674,"Alberta promises C$1 bln in flood funding, won't balance budget http://t.co/nDiadrrqla",Related and informative,2013 Alberta floods,1,Informative
349309505638637568,Please send thoughts &amp;prayers for people in Calgary&amp;Albertains due to major &amp;devastation flooding !!!,Related - but not informative,2013 Alberta floods,0,Not informative
349311925760425986,Maybe an #instagram #filter will make the basement look better..... Maybe #yycflood http://t.co/32mSMllT6M,Related - but not informative,2013 Alberta floods,0,Not informative
349312605233500160,Getting screeched in in Mission #yycflood   Fishin in condos http://t.co/kQ4W1ucZQ0,Related and informative,2013 Alberta floods,1,Informative
349323447538688001,RT B.A Harty ‏@BradyHarty   @TheRealDamany Call me racist I don't care. I'm not the only one who hates pakis #Brampton @CP24 #abflood #CPC,Related - but not informative,2013 Alberta floods,0,Not informative
349324051510067201,"RT @McAllisterBruce: Like many, @BlakePedersen1 is doing all he can in Medicine Hat. #workingtogether #abflood http://t.co/3a1B2duEjO",Related - but not informative,2013 Alberta floods,0,Not informative
349324378674171905,RT @CstShaw: Dinner time thanks to @TasteofIndiaNW at police headquarters tonight. #yycflood #yyc http://t.co/07AbYhHN8l,Related and informative,2013 Alberta floods,1,Informative
349333362843979777,Our Calgary flood story http://t.co/HUjJXuywcn,Related and informative,2013 Alberta floods,1,Informative
349337766879965186,RT @kendrahopaluk: People offering up all types of services on #Kijiji for the #yycflood victims. Seriously amazing. http://t.co/FhtdpakoCx,Related and informative,2013 Alberta floods,1,Informative
349340690322440192,RT @YourAlberta: Debit cards for #abflood evacuees ready Wed. Register: 311 (#yyc) or Red Cross 1-866-696-6484. More info to come: http://t…,Related and informative,2013 Alberta floods,1,Informative
349342443524734978,RT @ETownMickey: I hate when innocent animals suffer RT @ampcalgary Poor poor Harvey the Hound. #yyc #yycflood #abflood #saddledome http://…,Related - but not informative,2013 Alberta floods,0,Not informative
349345274671546369,"RT @Paulatics: A very lovely, and surprising hopeful video. For Our Tomorrow - Calgary Flood 2013: http://t.co/DknD3GYvO3 #yyc #abflood",Related and informative,2013 Alberta floods,1,Informative
349350769226555392,RT @Daorcey: Earlier today... Mayor Nenshi addresses the troops to thank the reservists for their #yycflood help: http://t.co/wqa8Vws06U,Related and informative,2013 Alberta floods,1,Informative
349360084779925504,Cleaning up McLeod Trail #yycflood #Erlton #trafficproblems http://t.co/ooWOLixijy,Related and informative,2013 Alberta floods,1,Informative
349363721245696002,RT @JoelOlandesca: The Morley reserve has NO drinking water. Please send bottled water their way if you can! #yycflood #yychelps #abfloods,Related and informative,2013 Alberta floods,1,Informative
349391764332875777,RT @TylerV_YYC: “@CstShaw: What used to be northbound Macleod Trail. #yycflood #yyc http://t.co/aKAQO6MhVX” the awesome and yet destructive…,Related and informative,2013 Alberta floods,1,Informative
349394159301431296,"RT @KennyVLimaC: Rubber boots, then cowboy boots. #yycflood",Related - but not informative,2013 Alberta floods,0,Not informative
349402975720062976,Bon Iver - Calgary http://t.co/TuYjBO5u5i #mvod 1040. My heart goes out to all Calgarians and Albertans affected by the flood.,Related - but not informative,2013 Alberta floods,0,Not informative
349406188535955456,RT @runningbloggers: Alberta Floods http://t.co/3ygYYTaEXS via @truenorthrunner,Related and informative,2013 Alberta floods,1,Informative
349412320608403456,"RT @AtlanticCities: 75,000 of Calgary's 1,097,000 residents are under a mandatory evacuation order because of the city's epic floods http:/…",Related and informative,2013 Alberta floods,1,Informative
349412329026363392,RUTHLESS! “@news_ian: This car that's covered in silt and leaves from the Elbow was ticketed by the city #yycflood http://t.co/KAWKqGzlbq”,Related - but not informative,2013 Alberta floods,0,Not informative
349414409401155584,#yycflood #abflood #yychelps twitter tip -- keep your posts to 130 char's or less so your important links get retweeted too!,Related - but not informative,2013 Alberta floods,0,Not informative
349468931146252288,The Home Depot Canada Donates $125000 To Help Alberta Flood Victims - Wall Street Journal: The Home Depot Cana... http://t.co/zAVfDnaIL1,Related and informative,2013 Alberta floods,1,Informative
349494151483637760,RT @KikkiPlanet: Wow. 103 Calgary's photo of the C-Line in #yyc now that flood waters have receded. Unbelievable photo! #yycflood http://t.…,Related and informative,2013 Alberta floods,1,Informative
349525340357533697,Crews having a problem on getting the water out of the way of the electricity #yycflood,Related and informative,2013 Alberta floods,1,Informative
349527982769045505,"RT @ChadBrownlee: To all those hotels, stores, and businesses in Alberta that have raised their prices during the flood; you're greed sicke…",Related - but not informative,2013 Alberta floods,0,Not informative
349530063148040192,Alberta has pledged $1 billion for the first phase of #abflood recovery. http://t.co/W1xjIBwRHc,Related and informative,2013 Alberta floods,1,Informative
349532466459058177,RT @SUNBreakenridge: We want to highlight people stepping up in the wake of the flood. Report a hero http://t.co/jJEAlTr0Do #abflood,Related - but not informative,2013 Alberta floods,0,Not informative
349532898472374272,Lamphier: Flood damage in Alberta could run as high as $5B http://t.co/QkifOggHPg via @sharethis,Related and informative,2013 Alberta floods,1,Informative
349534517482098689,RT @MisterYYC: RT @big_yyc: Get your Scuba Nenshi tee from @BadPortraits. All proceeds go to #yycflood relief via Red Cross. http://t.co/cK…,Related and informative,2013 Alberta floods,1,Informative
349534991442657282,"RT @YourAlberta: DEBIT CARD update: to register for #abflood evacuee relief cards, call @RedCrossAB at 1-866-696-6484, not 311. http://t.co…",Related and informative,2013 Alberta floods,1,Informative
349548123808473092,10am gathering @DaDeGallery for cleanup effort today! I'll join when I can around 11:30/noon. Keep me posted on location #yycflood #yychelps,Related and informative,2013 Alberta floods,1,Informative
349555296080887809,@TricoHomes @HomesbyAvi @Stepperhomes Have you heard about the #YYCFlood Red Cross Challenge yet? http://t.co/JZcH4L7Zub,Related - but not informative,2013 Alberta floods,0,Not informative
349562187288809472,@globepolitics: Alberta shelved major flood report for six years http://t.co/t4ZejI2nvW #cdnpoli,Related and informative,2013 Alberta floods,1,Informative
349562799669772289,"The @NCC_CNC Calgary office remains closed today, but staff continue to work hard from their homes! #yycflood",Related and informative,2013 Alberta floods,1,Informative
349565760856793088,RT @660News: Hell or high water t-shirts available from the Stampede: http://t.co/Yy7iaRK8oX #abflood,Related - but not informative,2013 Alberta floods,0,Not informative
349568713642610688,RT @YourAlberta: Full details on #abflood Disaster Recovery $ &amp; applications will be announced soon. Info will be posted: http://t.co/AH0cf…,Related and informative,2013 Alberta floods,1,Informative
349569841927163907,"Finally got the community services crews out helping in Mission. #ABflood Crews available, simply contact me.",Related and informative,2013 Alberta floods,1,Informative
349570978579361792,RT @ChinookCentre: Hell or High Water t-shirts available @ http://t.co/HYGDSp94UP All proceeds donated to Southern Alberta Flood Relief. ht…,Related and informative,2013 Alberta floods,1,Informative
349575533597696001,RT @sbaranski: This kid is awesome.  Adorable Superman Is Here To Save Alberta! http://t.co/31STGgo73L via @huffpostalberta #ABflood #abl…,Related - but not informative,2013 Alberta floods,0,Not informative
349575596482904065,Note: CBC has prov shows as well PRT @poor_choices: Good on ya @RutherfordShow http://t.co/6Us0yGWf2q #yyc #abflood #yycflood,Related - but not informative,2013 Alberta floods,0,Not informative
349577693626511363,Calgary Flood May be Canada's Most Expensive Flood in History http://t.co/K6Eyz1AAl6 via @wunderground,Related and informative,2013 Alberta floods,1,Informative
349578033394483201,RT @660News: 26 thousand people remain evacuated from their homes in the  province. #abflood,Related and informative,2013 Alberta floods,1,Informative
349579920835481603,RT @ChrisBlender: White hat this man now! Jason from PA drove his Vac Truck to CGY to pump basements for free. #ABFlood. http://t.co/LvpS8p…,Related and informative,2013 Alberta floods,1,Informative
349586275193454592,RT @JeffWilson_MLA: #yycflood #yyc #yychelps So proud of my constituents! http://t.co/LJZ7UwsyeL,Related - but not informative,2013 Alberta floods,0,Not informative
349586988233523201,"Today's flood tip: If you want to catch a fish in your bilge/basement, a laundry basket is quite effective! @Crockatteer #yycflood @nenshi",Related - but not informative,2013 Alberta floods,0,Not informative
349595007734394880,RT TMZ ‏@TMZ TMZ Live: Paula Deen -- Hung Out to Dry Over N-Word http://t.co/mClMtgHmgi  @CP24  @pmharper KKKonservatives #abflood #BlueJays,Not related,2013 Alberta floods,0,Not informative
349603773842329600,10 reasons why Calgarians &lt;3 Nenshi http://t.co/1kearc7AIj #yyc #yycstrong #abflood,Related - but not informative,2013 Alberta floods,0,Not informative
349604637839605760,RT @virginmobilecan: Members! Text REDCROSS or ROUGE to 30333 to donate $5 from your phone bill to help support Alberta flood relief effort…,Related and informative,2013 Alberta floods,1,Informative
349607720653033473,"Floods bring stress to an entire family, including kids. Here are tips to help kids who have been affected: http://t.co/JK5lAmIXvE #yycflood",Related - but not informative,2013 Alberta floods,0,Not informative
349621704466767874,RT @Rhiannon: Want to help? The @CalgaryDropIn needs transit tickets/passes and donations: https://t.co/zHkswLkpxY #yycflood #abflood #yych…,Related and informative,2013 Alberta floods,1,Informative
349622866284785665,"Need mechanical help due to #yycflood. Call us. Reduced hourly rates and no overtime for flood victims. We're here to help! Plbg,hvac,gas.",Related and informative,2013 Alberta floods,1,Informative
349623394767093761,"RT @heenanblaikie: Our Calgary office remains closed due to the recent flooding that occurred in Alberta. For updates, visit: http://t.co/l…",Related and informative,2013 Alberta floods,1,Informative
349623721943760897,@MAXgreenCalgary while I'm not on FB I still want to double up my donation. Adam - thanks for doing this. Please +$150. #yycflood #abflood,Related and informative,2013 Alberta floods,1,Informative
349625735222267904,RT @metrocalgary: UPDATE: Enmax hopes to restore power in Beltline by Thursday http://t.co/cfmHt7qY7T #yycflood,Related and informative,2013 Alberta floods,1,Informative
349640121684996096,Please check our blog for the latest in course openings and closings.  Many courses will reopen this week #ABflood http://t.co/WEn9r8Tsro,Related and informative,2013 Alberta floods,1,Informative
349647168107319298,RT @AmandaAsh: I wonder if @taylorswift13 is doing this right now? #yeg #abflood #yegtaylorswift http://t.co/vt0YRciaGF,Related - but not informative,2013 Alberta floods,0,Not informative
349647428145790978,Calgary floods trigger an oil spill and a mass evacuation: http://t.co/uW4NMxW7ED,Related and informative,2013 Alberta floods,1,Informative
349653178540769284,RT @theprovince: Calgary Stampede selling ‘Hell or High Water’ T-shirts to rope in money for Alberta flood victims http://t.co/HLW1u3C6yF,Related and informative,2013 Alberta floods,1,Informative
349663072895516672,RT @Metro_Nolais: Water restrictions remain in place #yycflood,Related and informative,2013 Alberta floods,1,Informative
349682614174621697,"RT @UCalgary: #UCalgary reopens tomorrow and urges commuters to use transit, LRT, carpooling or bicycles. #yycflood http://t.co/YiRWkVTyJf",Related and informative,2013 Alberta floods,1,Informative
349683167789195264,Amazing compilation video of the Calgary flood. Gives the full impact. And god bless the 'heroes' in life! http://t.co/yS9eFSoYIt,Related - but not informative,2013 Alberta floods,0,Not informative
349685575332270080,Great day cleaning out basements and helping to get Calgary back on its feet after the flood... It's great to see... http://t.co/AxPkf9UiX0,Related - but not informative,2013 Alberta floods,0,Not informative
349693544505683968,Calgary floods trigger an oil spill and a mass evacuation - http://t.co/fxHyQDoIhZ,Related and informative,2013 Alberta floods,1,Informative
349695062868901889,Got mine! -  #HellorHighWater UNISEX T-SHIRT by @CalgaryStampede http://t.co/7U25vKoQ3B. Proceeds go to @RedcrossAB Floods Fund #yycflood,Related - but not informative,2013 Alberta floods,0,Not informative
349703183033040896,RT @YYCFlood: Hippos almost escape @calgaryzoo during #abflood http://t.co/0R6ek6onqI #yyc,Related and informative,2013 Alberta floods,1,Informative
349706488132014081,http://t.co/9ryx5HuXkM For info on flood relief debit cards @Crackmacs #yycflood,Related - but not informative,2013 Alberta floods,0,Not informative
349707104686321664,RT @nenshi: Wonderful. MT @HWesleyE: A powerful and moving compilation of photos by @RADIOYYC of  #abflood view this video: http://t.co/jNn…,Related and informative,2013 Alberta floods,1,Informative
349721331769688065,Report help needed in Bowness: 403-288-8300. Dispatching volunteers &amp; equipment where needed. Volunteering? Go there first! :) #yycflood,Related - but not informative,2013 Alberta floods,0,Not informative
349722569097744384,"Forgive my ignorance, but is there any chance the hippos would have survived in the Bow? Wouldn't the cold and current kill them? #yycflood",Related - but not informative,2013 Alberta floods,0,Not informative
349724435567218689,"RT @WoetoWOW: #yycflood During the flood Mayor Nenshi demonstrates leadership with compassion, directness and humor. He one #resilient guy!…",Related and informative,2013 Alberta floods,1,Informative
349724817253085185,Calgary floods to cost economy billions http://t.co/LwNTsqrK7Q,Related and informative,2013 Alberta floods,1,Informative
349739522474524672,RT @dowbboy: The question coming from Calgary flood response is how high does Naheed Nenshi rise after his performance in the crisis? He's …,Related and informative,2013 Alberta floods,1,Informative
349748485697966080,RT @jeffcouillard: Have to share the #awesome things happening within the tragedy of #abflood. http://t.co/hvHcdya6iy #Morley #Cochrane,Related - but not informative,2013 Alberta floods,0,Not informative
349748728992768001,RT @jamescallsen: Eat local. Drink local. Shop local. #yyc #yycflood,Related - but not informative,2013 Alberta floods,0,Not informative
349753686630739969,A very busy day of crisis communications today in #yyc. Happy to be helping my city and neighbours though! #yycflood,Related - but not informative,2013 Alberta floods,0,Not informative
349767926301212673,"I'm touched by the grace, humility &amp; generosity shown by citizens of my city since 2 rivers ripped it apart in the last few days. #yycfloods",Related - but not informative,2013 Alberta floods,0,Not informative
349771009102065664,So proud of my hometown. Mayor Nenshi asked for 600 volunteers to help clean up #abflood. 7000 showed up.,Related and informative,2013 Alberta floods,1,Informative
349812813738418178,Hippos nearly escaped Calgary Zoo during flood http://t.co/H889Z4BLZA OMG I was here only less than a year ago...so very very sad this is,Related and informative,2013 Alberta floods,1,Informative
349845067948765185,It is uplifting to see how community can come together in times of need. #abflood #abstrong @nenshi kudos for helping all see the positive.,Related - but not informative,2013 Alberta floods,0,Not informative
349875640239009793,RT @cityofcalgary: 30 per cent of downtown buildings are ready to be energized @enmax #yycflood,Related and informative,2013 Alberta floods,1,Informative
349882195902611459,RT @Metro_Katie: Extending the state of local emergency for an additional 7 days. #yycflood,Related and informative,2013 Alberta floods,1,Informative
349886910312886276,Need help today for residents on Cliffe Ave in Elboya. Seniors needing help in the hard hit area. #yycflood #yychelps #yycW11,Related and informative,2013 Alberta floods,1,Informative
349901116445691904,RT @KyleBakx: MT @CBCEyeopener: Our big news: we're turning our Stampede Breakfast into an all-day block party and #abflood fundraiser. Sta…,Related - but not informative,2013 Alberta floods,0,Not informative
349904622846083073,RT @AlbertaBarley: Alberta farms and ranches avoid catastrophe in floods via @calgaryherald. http://t.co/Rxrp1LuoIR #abflood #yycflood #aba…,Related and informative,2013 Alberta floods,1,Informative
349905327522721792,RT @cbldatarecovery: Found hard drive water-damage in flood cleanup? First-response for your data in Calgary @TechSquad http://t.co/kJler0H…,Related and informative,2013 Alberta floods,1,Informative
349921140019429377,RT @RMchurches: RT @harvestcfc: We appreciate your prayers for our city. Many affected. Downtown Calgary floods | Global News Video http://…,Related and informative,2013 Alberta floods,1,Informative
349921962128179200,@SearsCA gives back to families affected by #yycflood http://t.co/rn8uReuEVl 40% off fashions &amp; footwear starts today! #yyc,Related - but not informative,2013 Alberta floods,0,Not informative
349922930999820289,Amazed by the spirit of #Calgary in the post #yycflood clean-up! #LoveThisCity,Related - but not informative,2013 Alberta floods,0,Not informative
349927045603667968,RT @RedCrossAB: #yycflood #abflood - Pls download Red Cross Flood Recovery Guide http://t.co/1Vg8uqGDmB. Pls share and retweet!,Related and informative,2013 Alberta floods,1,Informative
349938592539353088,"RT @getmeoutnews: Infographic 6 &gt; Returning after flood.via @RamFire55 #abflood #yyc http://t.co/YXynGsxIy7",Related - but not informative,2013 Alberta floods,0,Not informative
349939318145560577,"RT @DougBlackAB: Driver's Licences,ID &amp; birth certificates lost in Alberta floods can be replaced for free. For more information visit http…",Related and informative,2013 Alberta floods,1,Informative
349941771821776897,"RT @thecanadacom: Advice for Calgarians from @Nenshi: keep away from the water, help out your neighbours http://t.co/QXVy2JCBOd #abflood",Related and informative,2013 Alberta floods,1,Informative
349944145802043392,RT @ShonnaTheWhite: This is why we need the Stampede this year. Non-profits will be struggling with donations after the flood. #yycflood ht…,Related and informative,2013 Alberta floods,1,Informative
349946691740381184,RT @KooL1015Calgary: .@nenshi let's make Canada Day the 1st day citizens return to downtown #yycflood - What a Great Idea!!!,Related - but not informative,2013 Alberta floods,0,Not informative
349947790631256065,Nenshi now telling a story of a group of women who decided last night just to go help. Didn't know home-owner. He was overwhelmed. #yycflood,Related - but not informative,2013 Alberta floods,0,Not informative
349952165294505984,New definition of Hope:  Seeing a new dumpster come down the road and hoping it's for you. #yycflood #abflood,Related - but not informative,2013 Alberta floods,0,Not informative
349956103758553088,RT @TerriClarkMusic: Stay tuned for a super cool way to donate to the victims of the Alberta flood of 2013 through http://t.co/NfKei9SfEc -…,Related and informative,2013 Alberta floods,1,Informative
349960755245875200,"@cdnwomenfdn @ywcaregina We incurred extraordinary expenses between evacuation &amp; flood damages, definitely not in our 2013 budget! #abflood",Related and informative,2013 Alberta floods,1,Informative
349962357444841472,ALBERTA FLOODING - Canmore Bragg Creek High River Floods Calgary 2013... http://t.co/fiuuoHxEej,Related and informative,2013 Alberta floods,1,Informative
349963070480723970,Only ppl who left #highriver will get money from #redcross YAY it was a MANDATORY evac for a reason #abflood #floods #shouldhavelistened,Related and informative,2013 Alberta floods,1,Informative
349964861452713984,NEWS #YYC Calgary Calgary's state of local emergency extended another week in wake of flooding          ... http://t.co/iQrdrU02Nh,Related and informative,2013 Alberta floods,1,Informative
349975972176609282,RT @PetersDriveIn: #yycflood #yyc Anyone in uniform - meal today only (Wed) is free as well! Thks for your efforts - people appreciate!! 👍P…,Related and informative,2013 Alberta floods,1,Informative
349978975306653696,RT @GlobalCalgary: A famous face showed up to help Calgary flood victims... #yycflood #yychelps http://t.co/PbbxpZtpAS,Related and informative,2013 Alberta floods,1,Informative
349980703351508993,RT @happycampergirl: Our mayor is brilliant &amp; hilarious: MT @mehnazt: Stay the $*&amp;!! off the river! #yycflood http://t.co/wU0G6kSun6 // via…,Related and informative,2013 Alberta floods,1,Informative
349982506877071360,"RT @princessauto: HUGE thanks to our guests who have donated over $11,000  so far to the Red Cross Flood fund!!  #yycflood #ABflood",Related and informative,2013 Alberta floods,1,Informative
349982691430633474,Urgent need for #volunteers and #drivers this afternoon.  #abflood #Siksika #Morley  #Stoney_Nakoda http://t.co/AG4xjMVGUK,Related and informative,2013 Alberta floods,1,Informative
349988135658192897,RT @scottfeeglobal: I think Daisy Duke is the way to go. Just saying... @Calgarystampede  http://t.co/QalaOK0pgt #yycflood #hellorhighwater,Related - but not informative,2013 Alberta floods,0,Not informative
349989607854706688,RT @queensu: Queen's to accommodate incoming students from flooded areas in Alberta: Many students in flood-ravaged parts o... http://t.co/…,Related and informative,2013 Alberta floods,1,Informative
349990224425783296,Calgary Centre #gpc AGM postponed until further notice due to #yycflood.,Related and informative,2013 Alberta floods,1,Informative
350002064920813568,Awesome news. RT@ABTransComm Crews hard work pays off #Hwy1 opens 2 lanes near Canmore. Way to go! #ABFlood #abroads @BanffNP,Related and informative,2013 Alberta floods,1,Informative
350005135176499200,"RT @Tamara_Elliott: In foodie news: Sweet relief for Alberta flood victims, thanks to @TimHortons new donut: http://t.co/1ZWcdohVKs #abfloo…",Related and informative,2013 Alberta floods,1,Informative
350010969444990977,Community Support Centres are open to help citizens and small businesses connect with essential services http://t.co/2jq69g0UM5 #yycflood,Related and informative,2013 Alberta floods,1,Informative
350020968648945665,RT @VolunteerCal: ITEMS NEEDED! RT@cbmyyc: @innfromthecold needs grocery store gift cards and bus passes! #yycflood,Related - but not informative,2013 Alberta floods,0,Not informative
350021199369211907,Hey employers in Canada (and the United States) you should take up a collection at your fine establishments to help with the flood relief,Related - but not informative,2013 Alberta floods,0,Not informative
350029638304669696,RT @GlobalCalgary: UPDATE: @nenshi says Carrie the giraffe is doing 'much better' today. #yycflood,Related - but not informative,2013 Alberta floods,0,Not informative
350030984672067584,RT @TPHogan: This is why speeds are reduced to 50 and 60KPH on #hwy1 #abroads  #ABflood #rebuildingAlberta #ableg http://t.co/LBv4PZGyYC,Related and informative,2013 Alberta floods,1,Informative
350035854250606595,RT @GirlReporter: Workers who have lost five days or more of work can apply for EI #yycflood,Related and informative,2013 Alberta floods,1,Informative
350036110082187264,New warnings #abflood victims about price gouging and fake charities. @cgoomansingh reports: http://t.co/ETaEW7J26U,Related and informative,2013 Alberta floods,1,Informative
350044712629047298,RT @ChantzyO: New to #yyc and doing my part to clean up. Amazing support. #abflood #yycflood #calgarystrong http://t.co/pGqOGZqhwv,Related and informative,2013 Alberta floods,1,Informative
350046562291945472,"Continuing to help family, friends and community with clean up is top priority #abflood",Related and informative,2013 Alberta floods,1,Informative
350049607369240576,help plz  the 1500 residents of wedgewoods at discovery ridge..Pootman not helping #abflood #yycflood @pootman plz get some relief advise,Related - but not informative,2013 Alberta floods,0,Not informative
350067454128558080,RT @StreetFoodYYC: Alley Burger at CHARCUT’s in the original ALLEY!!! around 9:30pm Free burgers or donations for Red Cross … #yycflood htt…,Related and informative,2013 Alberta floods,1,Informative
350071866548961280,RT @Mookalicious: Great news. Here we go Calgary!! RT “@cityofcalgary: .@nenshi langevin bridge is now open #yycflood”,Related and informative,2013 Alberta floods,1,Informative
350073464566198276,History suggests it may take time for Ottawa to foot #abflood cleanup bill http://t.co/xi8oy4VWlj by @josh_wingrove,Related and informative,2013 Alberta floods,1,Informative
350078904574287872,"RT @LisaOstrikoff: Pls RT! If u share #OMGP in a tweet, @WBrettWilson donates $1 to #YYCFlood Relief! #yyc #Calgary ~ RT away, tweeps!! :))",Related and informative,2013 Alberta floods,1,Informative
350093458800779264,RT @alicyaperreault: Hey @PeopleOfCanada Brett Wilson will donate $1 to #abflood relief for every RT of hashtag #OMGP spread the word please,Related and informative,2013 Alberta floods,1,Informative
350096222876471296,RT @WestJet: Brett Wilson's garden party! Retweet with #OMGP hashtag &amp; @WBrettWilson gives $1 to the #abflood recovery. http://t.co/vGPjTNy…,Related and informative,2013 Alberta floods,1,Informative
350100241019703297,RT @CstShaw: I hear that @WBrettWilson is donating $1.00 for every RT of #OMGP to the #yycflood relief. Thanks Brett!,Related and informative,2013 Alberta floods,1,Informative
350100987589038082,RT @jeffruhlepp: @JayOnrait @tsnotoole $1 donation to #abflood relief by @WBrettWilson for every #OMGP used up to $50k!! Please RT!,Related and informative,2013 Alberta floods,1,Informative
350101616730456065,@ImperialOil is supporting those impacted by #abflood #yycflood with a generous donation to Red Cross relief efforts! Thank you!,Related and informative,2013 Alberta floods,1,Informative
350105576149237760,RT @cityofcalgary: .@nenshi The Calgary Drop-In Centre re-opened &amp; affected clients were brought back this afternoon #yycflood,Related and informative,2013 Alberta floods,1,Informative
350105685196939264,RT @cityofcalgary: .@nenshi remember blue bin pick up has been suspended across the city #yycflood,Related and informative,2013 Alberta floods,1,Informative
350106754757046273,"I got a @nenshi shirt, will you? http://t.co/RqWdHXLZ9u #yycflood #redcross",Related - but not informative,2013 Alberta floods,0,Not informative
350106977059356672,"RT @cbcDougDirks: @nenshi If you're still standing, @WBrettWilson donating $1 for every tweet, RT of hashtag #OMGP to max 50k for #yycflood…",Related and informative,2013 Alberta floods,1,Informative
350107933373235201,"RT @WestJet: Our friend @WBrettWilson has committed $50K to #abflood relief for every Tweet/RT of #OMGP hashtag tonight. So far, $3k... Go!",Related and informative,2013 Alberta floods,1,Informative
350129273996193792,"@WBrettWilson donating $1 for every tweet, RT of hashtag #OMGP to max 50k for #yycflood Spread the word.",Related - but not informative,2013 Alberta floods,0,Not informative
350130213499318272,Telus has made it even easier to donate. Text REDCROSS to 30333 to donate $5 in support of #ABfloods #yycflood via @RedCrossAB,Related and informative,2013 Alberta floods,1,Informative
350222995689701376,"Cars swept away, newsrooms evacuated — How Calgary newsrooms dealt with the worst flood in Alberta's history http://t.co/Ua9ydrFA8H",Related and informative,2013 Alberta floods,1,Informative
350238841778601986,"RT @22_Minutes: Tim Hortons selling Alberta Rose donuts, proceeds to flood victims. Sounds like a good reason to eat 12 donuts for breakfas…",Related and informative,2013 Alberta floods,1,Informative
350261264527798275,RT @windspeakernews: Thursday morning update on donations to assist southern Alberta First nations impacted by flooding. http://t.co/AEqIcu…,Related and informative,2013 Alberta floods,1,Informative
350261398766493697,@fan960walker @fan960boomer let's figure out a way to give #boomersseats to either someone out of home or a 1st responder #yycflood,Related - but not informative,2013 Alberta floods,0,Not informative
350268269040640000,@blksunshine http://t.co/zmZ2TFei79 closeup of the de-railed train. #yycflood,Related and informative,2013 Alberta floods,1,Informative
350276036879065088,Will be on with @RobBreakenridge in a few moments to talk about what's going on at the Bonnybrook Bridge &amp; other #yycflood issues.,Related and informative,2013 Alberta floods,1,Informative
350303979328122881,"RT @UCalgary: Due to #yycflood and traffic concerns, #UCalgary has cancelled Fri's #stampede breakfast at downtown campus.",Related and informative,2013 Alberta floods,1,Informative
350304474243403777,Any people in #yeg who have volunteered for the #yyc flood relief and would like to speak to the Journal? Shoot me a tweet or DM! #abflood,Related - but not informative,2013 Alberta floods,0,Not informative
350307418669973506,@CanadianPacific When *exactly was the #Bonnybrook bridge inspected last + what *exactly is in the rail cars? Thank u in advance. #yycflood,Related - but not informative,2013 Alberta floods,0,Not informative
350313898852880384,Nenshi praises electrician volunteering w/ crews in Sunnyside. #abflood #yycflood #chlive,Related - but not informative,2013 Alberta floods,0,Not informative
350317484991193088,@AzrielKnight: #yycflood Your Photos May Not Be Destroyed! http://t.co/IGemHA64fK @660News @Vistek @thecamerastore Please RT!!,Related and informative,2013 Alberta floods,1,Informative
350323822559375361,"Looking to interview people with exceptional stories of the #yycflood, be you victims, volunteers, officials... Contact me. @nenshi pls RT",Related - but not informative,2013 Alberta floods,0,Not informative
350325345108500480,@Premier_Redford @nenshi @TeamWildrose wildhttp://www.youtube.com/watch?v=rQC3V0nJZZ8 #abflood #beautiful song,Related - but not informative,2013 Alberta floods,0,Not informative
350353732149587968,RT @rcosman: @WBrettWilson @WestJet Nice job/donation effort! Brett Wilson's garden party! #OMGP ever retweet gives $1 to the #abflood reco…,Related and informative,2013 Alberta floods,1,Informative
350367502045417473,.@TEDxEdmonton Show your solidarity with Alberta First Nations devastated by the flood! Solidarity 21 http://t.co/9thIf70UFE,Related and informative,2013 Alberta floods,1,Informative
350375462863781890,"Let's ensure every $1 we can is raised, do your part and Retweet #OMGP #ABFlood http://t.co/vZQ1KM7cry",Related and informative,2013 Alberta floods,1,Informative
350379531321868288,"RT @TrulyRedDeer: #RedDeer please share with everyone! #AbFlood #RedDeerGives RT, RT, RT :) http://t.co/lWYT9ltJW8",Related - but not informative,2013 Alberta floods,0,Not informative
350401543046053888,"RT @longpre11: For #abflood relief efforts, I'll be donating $0.50 per new follower b/w now and 11pm MT to @RedCrossAB; $1 if ur from #YMM …",Related and informative,2013 Alberta floods,1,Informative
350421012984246272,RT @tikisand1shot: so proud @ShawInfo:convoy of Shaw vans headed to Calgary from Nanaimo to aid in the #yycflood #teamshaw http://t.co/JHu…,Related and informative,2013 Alberta floods,1,Informative
350424267764142081,Location for tomorrows green cleaning chemical donation pickup has changed. New location TBD. Will update ASAP. #yychelps #yyc #abflood,Related and informative,2013 Alberta floods,1,Informative
350435349115322368,@nenshi LOVE the @CalgFoundation shout out on #NenshiLive @ShawTVCalgary Such a GREAT place to donate to support #yyc #yycflood #yychelps,Related - but not informative,2013 Alberta floods,0,Not informative
350438939443728385,RT @MitchChrist: I Smashed 200grand worth of liquor at the dome today. And washed the bobcat window with a bottle of patron. #abflood #yyc,Related - but not informative,2013 Alberta floods,0,Not informative
350446845698387970,RT @yycGael: “@vote4terrywong: With @yycgael lady's @barbward4 and Maggie at @calgarydropin clean up #yycflood http://t.co/K1Y3Nl8hNL” awes…,Related and informative,2013 Alberta floods,1,Informative
350452646420824064,RT @DanMurray_CR: Watch --&gt;&gt; http://t.co/Amh1AsRe5S   #abflood #YRC,Related and informative,2013 Alberta floods,1,Informative
350497009565835264,#HighRiver residents are homeless and @grcrcmppolice worries about abandoned firearms? &gt; http://t.co/ejegx6jrCZ #HellToPay #abflood,Related and informative,2013 Alberta floods,1,Informative
350506144772538370,RT @yychelps: How to Organize Your Own Grassroots Clean-Up Team via @cityofcalgary http://t.co/53R1aFQ921 So awesome!! #yychelps #yycflood …,Related and informative,2013 Alberta floods,1,Informative
350563417985253379,City expands water pumping to include businesses #yyconward #yycflood #yyc http://t.co/x2LpaJOfgA,Related and informative,2013 Alberta floods,1,Informative
350588227297619968,"RT @GlobalCalgary: UPDATE: Native reserves issue urgent appeal for donations, volunteers: http://t.co/xZt8zMGSDy #abflood #yycflood",Related and informative,2013 Alberta floods,1,Informative
350600357233180673,"RT @kasmcrae: Mr. Sun, Sun, Mr. Golden Sun, please shine down on #yyc and dry up all this flood water. #yycflood",Related - but not informative,2013 Alberta floods,0,Not informative
350604731888066560,@TimHortons donated ABRose doughnuts for #yycflood volunteers http://t.co/CO9BrWupi4,Related and informative,2013 Alberta floods,1,Informative
350609643439001601,RT @Aeroplan: Aeroplan Members can donate their Aeroplan Miles to Red Cross to help flooding victims in Alberta &amp; SK http://t.co/HKG5uokjyp,Related and informative,2013 Alberta floods,1,Informative
350614403965652993,Eddie Bauer donating 5% of this weekends sales to Alberta Red Cross  Flood Relief great sale on to boot!!,Related and informative,2013 Alberta floods,1,Informative
350619210646425600,"RT @mikesbloggity: Until Sunday, Tide is washing clothes for free at Glenmore Coin Laundry. #yycflood",Related and informative,2013 Alberta floods,1,Informative
350626374509268992,RT @YYCFlood: Chart showing historic water flow with 50 and 100 year floods!  #abflood #yyc http://t.co/vRwi2pDyk4,Related and informative,2013 Alberta floods,1,Informative
350641394295115778,RT @nenshi: The Calgary Foundation has established a flood recovery fund. This is a great place to make donations. http://t.co/z6iasSbG9Q,Related and informative,2013 Alberta floods,1,Informative
350644359676440579,RT @canartca: More on Alberta flood impact on artists from Calgary artist Suzen Green's blog  http://t.co/emwaAtQFYl,Related and informative,2013 Alberta floods,1,Informative
350656971948568576,"RED FM raised $175,000 &amp; truckloads of items for Calgary Flood Victims which is going to Calgary Food Bank @cityofcalgary @metrocalgary",Related and informative,2013 Alberta floods,1,Informative
350657106157912065,"Weather News: TAQA supports Alberta flood disaster relief efforts: WAM Abu Dhabi, June 28th, 2013 - TAQA, the ... http://t.co/3p1gLcbl6O",Related and informative,2013 Alberta floods,1,Informative
350657198457753600,"Kerri , much less stressed and happy to be dry @calgaryzoo #yycflood #ableg http://t.co/LokEMNSySn",Related - but not informative,2013 Alberta floods,0,Not informative
350661489218166785,Calgary floods spotlight cities' costly failure to plan for climate change http://t.co/2Q0fWhxu6Z,Related and informative,2013 Alberta floods,1,Informative
350670372745641985,"RT @QueensBands1905: At 3pm, we will be busking downtown to help the @redcrosscanada #abflood relief. Show your support or donate online! h…",Related and informative,2013 Alberta floods,1,Informative
350686164325380096,RT @JellyModern: Spread the word! We're donating 10% of sales and all tips today to the @redcrosscanada! #yycflood #yyc #yyz #toronto #abfl…,Related and informative,2013 Alberta floods,1,Informative
350703713263951872,RT @FedYYC: URGENT: a pump is needed at the Rideau community hall: 101 - 30th Ave SW! It re-flooded and is filling up again. #yycflood #yyc…,Related and informative,2013 Alberta floods,1,Informative
350708096320024576,RT @mrlube: We're donating $5 from every oil change in #Calgary this weekend to the @redcrosscanada Flood Relief Fund. http://t.co/Ca8cwyTW…,Related and informative,2013 Alberta floods,1,Informative
350716833046872065,"Some of our leaders from #Calgary stores helping out at #yycflood , great job! #regram @ntipper pic http://t.co/2uB3g7fnUi",Related and informative,2013 Alberta floods,1,Informative
350725741777911809,RT @calgarysun: Mayor of High River asks province to take over recovery and rebuilding efforts #abflood,Related and informative,2013 Alberta floods,1,Informative
350726014369927168,going to the @calstampeders game tonight?? check out how u can donate to support #Siksika &amp; #Morley http://t.co/nluwLDKuws #abflood,Related and informative,2013 Alberta floods,1,Informative
350726454801215488,"RT @bpincott: Christ Church Elbow Park has food, massage,reflexology, chiropractors &amp; calm for volunteers &amp; responders. #yyccc #yycflood #y…",Related and informative,2013 Alberta floods,1,Informative
350728832950599680,Don't reach for things blindly under water. Use a tool such as a shovel to dislodge or remove debris. #abflood #AHSfloodinfo,Related and informative,2013 Alberta floods,1,Informative
351734622884855808,#yycflood be sure when you are ready for re building you call companies that have a biz license http://t.co/1H6ezAq5vD,Related and informative,2013 Alberta floods,1,Informative
351741648327294977,RT @CansForCalgary: Happy Canada Day everyone! Let's show national solidarity for #abflood victims and donate recycling proceeds to @redcro…,Related and informative,2013 Alberta floods,1,Informative
351776825967513600,RT @redcrosscanada: Unloading a truck filled with clean-up kits in High River. #abflood #AlbertaFloodRelief http://t.co/QJRPylfGik,Related and informative,2013 Alberta floods,1,Informative
351820367033147392,RT @yycnews: Unofficial “anthem” of Alberta floods by Canadian musicians aims to lift spirits: As residents clean-up and re... http://t.co/…,Related and informative,2013 Alberta floods,1,Informative
351841191744114688,RT @NewsTalk770: Nenshi says welcome back to the downtown...we are open for business!#yycflood,Related and informative,2013 Alberta floods,1,Informative
351868349862526976,RT @COUNTRYMUSICRD: HELP FELLOW CANADIANS IN NEED!  2013 Alberta Flood Relief T-Shirt http://t.co/2tUo8VDSWN  @TerriClarkMusic,Related - but not informative,2013 Alberta floods,0,Not informative
351895638004338688,Hand of Hope Works to Help Victims of Calgary Flood  #MissionMonday http://t.co/1vByV24Ibh,Related and informative,2013 Alberta floods,1,Informative
352043285876977664,Unofficial “anthem” of #Alberta floods by #Canadian musicians aims to lift spirits http://t.co/1AkBBVZv4p #ABFloods #HellOrHighWater,Related - but not informative,2013 Alberta floods,0,Not informative
352049053070143489,RT @NewsTalk770: Only five bus routes remain on detour. Drive slowly on Macleod as it is rough around Stampede Grounds. #yycflood,Related and informative,2013 Alberta floods,1,Informative
352054501466849280,RT @paulbrandt: Get the Alberta Strong (Flood Montage) as heard on @Country105_FM &amp; @CISNCountry supporting Alberta Flood Relief! https://t…,Related - but not informative,2013 Alberta floods,0,Not informative
352056351150718976,"Flood-weary Calgarians soak up Canada Day celebrations: For a city that's proven its spirit, dedication and re... http://t.co/xcxrbxIYY4",Related and informative,2013 Alberta floods,1,Informative
352132125450973185,Cheers for the follow @redcrosscanada. Donated blood to @itsinyoutogive to make up for #abflood shortfall. Thx 4 all ur doing!,Related and informative,2013 Alberta floods,1,Informative
352142128878592003,"RT @calgaryzoo: We have an estimated $50 million in flood damage, and $10 million in lost revenue due to closure for repairs. #yycflood #yyc",Related and informative,2013 Alberta floods,1,Informative
352170146829307904,"AB relief Cards are available today - if you are in Sunnyside, please go to Queen Elizabeth High School! http://t.co/8hMAww10ua #yycflood",Related and informative,2013 Alberta floods,1,Informative
352193337106763776,RT @GrumansDeli: We couldn't resist.  Thanks for helping get us out of this pickle @nenshi #yycflood #yyc #yycpickle http://t.co/YFoAj9STzN,Related - but not informative,2013 Alberta floods,0,Not informative
352212060492402688,"RT @BowValley: GREAT NEWS! BVC will resume classes at 8am on July 8, 2013. More info at: http://t.co/JRkAVuY3Nn #yyc #yycflood #abpse #cndp…",Related and informative,2013 Alberta floods,1,Informative
352265823089475586,RT @kriskross: Stampede cancels concert series . All t-shirt sales of 'Hell or High Water' should go to High Level. #abflood #yyc http://t.…,Related and informative,2013 Alberta floods,1,Informative
352299717251694592,RT @DruhFarrell: Hi @nenshi Please RT Free legal info session for victims of #yycflood Wed and Thurs. http://t.co/8gSBzXw75l,Related and informative,2013 Alberta floods,1,Informative
352393543832190977,VOLUNTEERS: Please enter via the #highriver rodeo grounds (on HWY 2A as you enter the town) #abflood #hrhelps #YYChelps #missionpossible2,Related and informative,2013 Alberta floods,1,Informative
352488871973486592,"RT @TheTimMcGraw: Thoughts, prayers and love to everyone affected by the flooding in Calgary.  Needed 2 postpone our show this week, but it…",Related - but not informative,2013 Alberta floods,0,Not informative
352520278926041088,Faces of the flood - Shaun Robinson http://t.co/SIhTqg16G0 #yycriseabove #abflood,Related and informative,2013 Alberta floods,1,Informative
352542206734778369,"RT @HeritageFunds: #Heritage Education Funds Donates $10,000 to Canadian #Red #Cross #Alberta Flood Fund. Read more: http://t.co/fydokMXSic",Related and informative,2013 Alberta floods,1,Informative
352559655060385795,Back in business @drygoodsyyc @the_uncommons #yycflood http://t.co/BC0w3Oq9il,Not related,2013 Alberta floods,0,Not informative
352564088422928384,@calgaryparking . Vetro parkade #yycflood damaged .  not elig 4 C zone permits . CPA offer solution during Stampede? . @beltline_pres .,Related and informative,2013 Alberta floods,1,Informative
352600079741362177,RT @kathleenweare: CREB: Too Early to see impact of floods on resale stats #yycre #yyc #remax #calgary #highriver | @scoopit http://t.co/zS…,Related and informative,2013 Alberta floods,1,Informative
352603552633470978,RT @YYCGardening: A pic of orchids we're sending #yyc businesses affected by flooding http://t.co/KBz4g5TkkA #yyconward #yycflood #yycre,Related and informative,2013 Alberta floods,1,Informative
352612109022015489,RT @carlyraejepsen: So sad to hear about the floods in Calgary and that the show was cancelled. I'll be back soon! Stay safe everyone! Xox,Related - but not informative,2013 Alberta floods,0,Not informative
352762298634473472,Lots of good comes out from this disaster... also some lessons. #abflood #abpoli #abparty http://t.co/K9PJDWTyzl via @edmontonjournal,Related - but not informative,2013 Alberta floods,0,Not informative
352796687749746688,RT @jianghomeshi: Our colleagues at @CBCCalgary are hosting an all-day fundraiser for #ABFlood relief. Info to help out if you can: http://…,Related and informative,2013 Alberta floods,1,Informative
352796817777369092,RT @globeandmail: Why you need to develop a business continuity plan http://t.co/WQ6YuZmkEl #abflood,Related - but not informative,2013 Alberta floods,0,Not informative
352832884589072384,Flooding at St. Mary's High School. #CCSD #yycflood http://t.co/XY64dK0MDX,Related and informative,2013 Alberta floods,1,Informative
352852388102684673,Calgary's flood emergency officially ends - CBC.ca: CBC.caCalgary's flood emergency officially endsCBC.caThe s... http://t.co/wBTfEIi0Hr,Related and informative,2013 Alberta floods,1,Informative
352856926331219969,RT @ServiceAlberta: Alberta government protecting consumers during rebuilding http://t.co/8VB064MDNy #abflood #ableg,Related and informative,2013 Alberta floods,1,Informative
352861875630903296,"RT @globeandmail: Video: Alberta flood victims need relief, not politics: Mulcair http://t.co/Y2C1TAs29W",Related and informative,2013 Alberta floods,1,Informative
352868754264293377,RT @KellyCryderman: The rest of Canada doesn’t understand how bad Alberta’s floods were: Mulcair http://t.co/To0l1WWTmR #yyc #yycflood #abf…,Related - but not informative,2013 Alberta floods,0,Not informative
352904812699987971,"@K0walski Actually, c'est le flooding de l'Alberta de l'autre semaine.",Not applicable,2013 Alberta floods,0,Not informative
352957337981566976,RT @BrunoMars: Calgary I just heard the saddledome is closed after the flood. I can't play my show but I will come back soon - hold on to y…,Related - but not informative,2013 Alberta floods,0,Not informative
353009414443241473,RT @calgaryjimbo: Guess what showed up in the mail today? #yycflood #yycStampede http://t.co/V58SQAYLud,Related - but not informative,2013 Alberta floods,0,Not informative
353011381588590594,RT @PaulHBeckwith: Reflections on Obama's climate change speech last week... #climate #climatechange #extremeweather #weather #abflood http…,Related - but not informative,2013 Alberta floods,0,Not informative
353165513851015170,Joining the @CFL and @calstampeders after #Alberta floods. Get your Tee at reebok.ca. Proceeds go to @redcrosscanada http://t.co/Io0JYMqrCz,Related - but not informative,2013 Alberta floods,0,Not informative
353176226124406784,"RT @AFN_Updates: #AFN National Chief @shawnatleo w/ Stoney Nation volunteers in Morley, AB today #abflood http://t.co/gq7o6jSKMC",Related and informative,2013 Alberta floods,1,Informative
353197629645135872,RT @JamesWoodHerald: Sign on CP Rail float - safety first. Not sure how that will go over. #abflood #chlive #bonnybrook,Related - but not informative,2013 Alberta floods,0,Not informative
353265988403335168,RT @cityofcalgary: Flood? What flood? #yycisopen RT @calgary: Great photo! RT @rossasin: @GlobalCalgary @cityofcalgary @TourismCalgary http…,Related - but not informative,2013 Alberta floods,0,Not informative
353320136897343488,RT @XOjesXO: Camera crew has already arrived to shoot the impending disaster. (Fingers crossed no) #yycflood #yyc http://t.co/5YGcjxZ3RO,Related and informative,2013 Alberta floods,1,Informative
353325488816664576,Calgary can't catch a break... Flash flooding tonight.,Related and informative,2013 Alberta floods,1,Informative
353330295505813504,RT @TerryMassey: If we put up a swear jar around Taylor Field we'd pay for Alberta flood relief real quick. #FamilyAtmosphereReally #Riders,Related - but not informative,2013 Alberta floods,0,Not informative
353335920059092992,RT @MinisterJono: The Calgary Police posted a thank you to all Calgarians. Retweet if you agree we should be thanking them #yycflood http…,Related - but not informative,2013 Alberta floods,0,Not informative
353350927291387904,"LOL. RT @Caveman4202003: Wash, rinse, repeat!!!! @KCCOCalgary #yycflood",Related - but not informative,2013 Alberta floods,0,Not informative
353514098262155264,"One end of Canada has major floods and the other side has huge forest fires, who doesn't believe in global warming now?",Related - but not informative,2013 Alberta floods,0,Not informative
353531353645596672,calgary flooding again.. you have got to be kidding me,Related - but not informative,2013 Alberta floods,0,Not informative
353536558781038592,Woodstock Ontario is doing a free #stampedebreakfast today with donations to #Calgary flood relief. How great is that!!,Related and informative,2013 Alberta floods,1,Informative
353540459466989568,Update fr @RedCrossCanada volunteer fr #NewBrunswick: MT @Jaynut_66: Preparing to help in High River #ABFlood http://t.co/FDIunD7HXd,Related and informative,2013 Alberta floods,1,Informative
353568968151277570,Calgary Flood 2013: Geoengineered Disaster: http://t.co/6i9nq87ewR via @youtube,Related and informative,2013 Alberta floods,1,Informative
353722446152601600,RT @PattyMC22: Just advised that @neighbourlink raised ~$4000 from amazing donors at the PM's #stampede101 BBQ! #yycflood,Related and informative,2013 Alberta floods,1,Informative
354005779747045376,RT if you know anyone in the area. MT @weathernetwork High River flood evacuee frantic over lost cat http://t.co/ARnfPdh7f1 #YYCFlood,Related and informative,2013 Alberta floods,1,Informative
354033101464272896,Update on Alberta Flood Relief http://t.co/fomEFMuQcr via @wordpressdotcom And @RedCrossCanada #abflood,Related and informative,2013 Alberta floods,1,Informative
354046170915545088,THIS is what getting dirty during the Stampede is all about! YaHOOO Linda! #highriver #abflood #stampede101 http://t.co/XACLIQA67Z,Related - but not informative,2013 Alberta floods,0,Not informative
354243307393662977,RT @ryanbelleville: .@strombo We are doing a big comedy fundraiser for flood relief in Alberta tonight at the Gladstone hotel. Please RT ht…,Related and informative,2013 Alberta floods,1,Informative
354250303505317891,RT @bifnaked: VV Boutique Style: Capsule Wardrobe Giveaway (Alberta Flood Relief VV... http://t.co/e02rEbThLT @VVboutiquestyle #Abfloods Th…,Not related,2013 Alberta floods,0,Not informative
354313666860023809,"Jr.: “This is really bad, but it’s an easy way to make friends.” #abflood #HighRiver #floodrelief",Related - but not informative,2013 Alberta floods,0,Not informative
354314602164654081,Because we needed more rain... #yycflood #abflood #abweather,Related - but not informative,2013 Alberta floods,0,Not informative
354322768495525888,RT @RiverCafeYYC: We hope to be back open July 25th! Still lots of summer left to enjoy our patio! #yycflood #localfood http://t.co/hYTfAq0…,Related - but not informative,2013 Alberta floods,0,Not informative
354353156211224576,@jlancasterCBC BTW was referenced re train bridge collapse in Calgary after flood City could not inspect Might b starting point 4 research?,Related and informative,2013 Alberta floods,1,Informative
354362073314107395,RT @GlobalCalgary: Sunnyside residents upset after houses flood for a second time: http://t.co/Ymoduw87sw #yycflood #yyc,Related and informative,2013 Alberta floods,1,Informative
354376833048911873,#Toronto appears to be getting storm right now with major flooding.  Calgary thinks of you and feels your pain.  Stay safe!,Related and informative,2013 Alberta floods,1,Informative
354391089504976896,Possibly another Calgary flood in Ontario?,Related - but not informative,2013 Alberta floods,0,Not informative
354391747989733376,"RT @NewsBreaker: BREAKING: Train stuck in flood water in Ontario, Canada; passengers stranded http://t.co/WLS7GDrn7u http://t.co/JwT9gVuFhJ…",Related and informative,2013 Alberta floods,1,Informative
354395665473880065,RT @metrocalgary: TD Insurance says it will cover Calgary sewer backup claims http://t.co/fCCyAIxgVC #yycflood,Related and informative,2013 Alberta floods,1,Informative
354409733177884672,"RT @justinforabite: I got to a #yycflood fundraiser in yyz, only to discover the heavy rain in TO had flooded the venue.  I like my irony a…",Related - but not informative,2013 Alberta floods,0,Not informative
354421829542223872,RT @MarinaGiacomin: @globeandmail @redgypsee Oh Toronto! Our hearts are with you! #yyc #abflood #BeSafe #yyz,Related - but not informative,2013 Alberta floods,0,Not informative
354426766267383808,RT @weathernetwork: RT @SallySalmon The Drake Hotel's Calgary Flood Benefit has been cancelled due to flooding. #nojoke #ironyFTW #floodto,Related and informative,2013 Alberta floods,1,Informative
354439470801616898,"Pretty scary, the events of the last few days... Lac Megantic train, SFO crash, Toronto and Calgary floods... What's going on?",Related - but not informative,2013 Alberta floods,0,Not informative
354453345567649793,"RT @geographile holy cow, Toronto, the flooding! http://t.co/5IJvOqNFbs #climate #flooding #Toronto #Canada",Related - but not informative,2013 Alberta floods,0,Not informative
354482600817082369,Deforest &amp; drill them tar sands! RT @digitaljournal Massive flooding in Toronto #Canada http://t.co/4V5VWbnvYk,Not related,2013 Alberta floods,0,Not informative
354641531375849472,"Even if you THINK you know what it was like in  #abflood #highriver you need to read this, it was and is much... http://t.co/7UoItGBf0j",Related and informative,2013 Alberta floods,1,Informative
354689577153343488,"“@guardian: Heavy rainstorm in Toronto, Canada, causes sudden flooding - in pictures http://t.co/bRwsnKE8FT” can it come here?",Related and informative,2013 Alberta floods,1,Informative
354698997551734784,@aldjohnmar Too soon for ticketing and towing in Mission. We are barely getting back to normal and still flooded out of parkade. #yycflood,Related and informative,2013 Alberta floods,1,Informative
354721734877904896,@JessicaaBuell SouthAmerican building at zoo closing.34 animals need home including sloths/gibbons/spider monkeys. #abflood you got room?,Related and informative,2013 Alberta floods,1,Informative
354803305706295298,CSNews: Country Singer @paulbrandt Lends A Hand After Alberta Floods http://t.co/b1zrGDzoUW,Related and informative,2013 Alberta floods,1,Informative
354987137847934978,@mypromotion Hmmmm Well it is not as exciting as yours. Full of gratitude though for support in #HighRiver after the #abflood,Related - but not informative,2013 Alberta floods,0,Not informative
355054678708457472,"DESPITE FLOODS, CRUEL BARBARIC Calgary Stampede is Back, WHEN will this END? http://t.co/xCUIMHnAbd",Related - but not informative,2013 Alberta floods,0,Not informative
355058285843460097,RT @NHLFlames: High River native @CorbanKnight talks to #Flames TV about the #abflood &amp; flood relief efforts (VIDEO) ~ http://t.co/SjUeWFfe…,Related - but not informative,2013 Alberta floods,0,Not informative
355084001108692995,"High River museum staff shocked at scope of flood destruction, Calgary Herald: http://t.co/RY73kaJ1zZ #CRE",Related and informative,2013 Alberta floods,1,Informative
355108688761065472,So my dad is the best. He had some free time so he headed to High River early this morning to help! #missionpossible #abflood,Related - but not informative,2013 Alberta floods,0,Not informative
355185180283109378,"RT @ezralevant: Disgraceful @pembina fundraising e-mail exploits Calgary flood victims. To be clear: they're raising money for themselves, …",Related and informative,2013 Alberta floods,1,Informative
355385642844295168,@dsportsmedia Didn't realize you had a concussion. How did it happen? Was referring more to the recovery in Calgary from the flooding. :),Related - but not informative,2013 Alberta floods,0,Not informative
355423135748730880,RT @terrylo_calgary: #YYCFLOOD Request: Senior who lost everything needs household items http://t.co/HOffexTWve,Related and informative,2013 Alberta floods,1,Informative
355461345874952193,"RT @Dale_Lamontagne: The NHL and NHLPA have donated $100,000 to the Alberta Flood relief.",Related and informative,2013 Alberta floods,1,Informative
355472532058546177,"RT @CBCCalgary: Alberta flood-area building rules may change, says Redford http://t.co/NyAWokoROB",Related and informative,2013 Alberta floods,1,Informative
355502957535567873,Frustration from residents about how &amp; why decisions were made on July 5. Applause for @HillhurstSunny residents. #yyc #yyccc #yycflood,Related - but not informative,2013 Alberta floods,0,Not informative
355738488672485377,Money Mentors Reaffirms Its Services and Advises Alberta Flood Victims. https://t.co/bWtsUzOAEl. #ab #finlit,Related and informative,2013 Alberta floods,1,Informative
355749658108231681,RT @John_AgCallHR: My thanks to the local Hutterite colonies who fed thousands at the flood evacuation centres in Southern Alberta,Related and informative,2013 Alberta floods,1,Informative
355765575496122368,"RT @Mookalicious: RUSH moved their Calgary show to Red Deer, will donate their appearance fee to flood relief &amp; pay their own expenses for …",Related and informative,2013 Alberta floods,1,Informative
356249115857920000,RT @kenneyjason: Looks like we raised thousands of $ at our #YYC SE #CPC #Stampede101 breakfast for Lac #Mégantic &amp; #ABflood relief. http:/…,Related and informative,2013 Alberta floods,1,Informative
356443085615538177,RT @kenneyjason: Thanks to #Mississauga #CPC MPs for hosting a Stampede-style #ABflood relief fundraiser today! http://t.co/EpiZW879uM,Related - but not informative,2013 Alberta floods,0,Not informative
356478426842017792,Alberta floods could increase chance of finding fossils  #radio #tech #news #rslink http://t.co/Ws4ysIJH7k,Related and informative,2013 Alberta floods,1,Informative
356633364423389184,RT @yychelps: CBC Calgary: Alberta unveils new flood proofing rules.... http://t.co/ITYRuu2to7,Related and informative,2013 Alberta floods,1,Informative
356770161623183360,Strict new rules for homeowners in flood-prone areas. Do you agree with the ban? Vote in our poll http://t.co/Ql5LacCCb9 #ableg #abflood,Related - but not informative,2013 Alberta floods,0,Not informative
356933366219681792,Amazing #fundraising #concert and #telethon announced today @halohighwater benefiting those impacted by #abflood! http://t.co/OATXe8VIKY,Related - but not informative,2013 Alberta floods,0,Not informative
356958972420431872,RT @660News: Stage 4 of upcoming Tour of Alberta cycling race has been changed due to flood damage to area roads and bridges...more tonight…,Related and informative,2013 Alberta floods,1,Informative
345498158371045378,RT @_SGkid: They should spin the Flyer at a very high speed so Singapore will be cooler and blow the haze away.,Related - but not informative,2013 Singapore haze,0,Not informative
345961847062671360,"RT @sgbroadcast: [ST] Haze update: Clearer skies over Singapore on Saturday with PSI at 'moderate' range: June 16, 2... http://t.co/qyZhDSX…",Related and informative,2013 Singapore haze,1,Informative
346194496733708288,RT @ChannelNewsAsia: #HAZE UPDATE: #PSI is 80 at 5pm. Here's .@NEAsg's map showing PSI at various locations in #Singapore http://t.co/gddpD…,Related and informative,2013 Singapore haze,1,Informative
346417675632787456,RT @thepanditspeaks: Haze in Singapore continues due to Sumatra Forest fires.Feels like hill station sans the chill...,Related and informative,2013 Singapore haze,1,Informative
346467243934224387,RT @TradingJeremy: Pall of throat-scratching haze enveloping Singapore today. Who turned the smoke machine on in Indonesia this time? Cough,Related and informative,2013 Singapore haze,1,Informative
346472541327618049,Shit....... #Indonesia; SERIOUSLY?!?!?! #haze #Singapore 😡 http://t.co/G3qlzs2TaH,Related - but not informative,2013 Singapore haze,0,Not informative
346505416299122688,"RT @CrispinLim: @STcom: #Haze update: 3-hour PSI climbs to 95, says @NEAsg. #sghaze Is it an asian thing to get everything to 100?",Related and informative,2013 Singapore haze,1,Informative
346507647656267776,"RT @alvarofong: If only we could transform all the haze in Singapore to cold, fresh mist. Ahhh,  that would be amazing.",Related - but not informative,2013 Singapore haze,0,Not informative
346510394916999168,"RT @ChannelNewsAsia: #SGHAZE: PSI reading hits 100 at 2pm, on brink of unhealthy level.",Related and informative,2013 Singapore haze,1,Informative
346511372223385600,"Well where's my gas mask RT @ChannelNewsAsia: #SGHAZE: PSI reading hits 100 at 2pm, on brink of unhealthy level.",Related and informative,2013 Singapore haze,1,Informative
346512706016260096,“@surenjerrymyaah: The sun and haze will soon set Singapore ablaze”,Related - but not informative,2013 Singapore haze,0,Not informative
346512773108346880,Lol lol ! Yesterday is Melaka Kenna the haze. Today is Singapore 😂,Related - but not informative,2013 Singapore haze,0,Not informative
346516384399896576,RT @2SevenApril_: Okay guys one way to make the haze go away from Singapore is to put your fans at the window and blow the haze away.,Related - but not informative,2013 Singapore haze,0,Not informative
346517055471755265,NewsInSG: Haze approaches 'unhealthy' level in Singapore: Singapore's haze situation worsened on Mo... http://t.co/ukVmx2QJQD #Singapore,Related and informative,2013 Singapore haze,1,Informative
346517349093998592,RT @FieMitch: Indonesia is too kind to send their smoke/haze to singapore because they know there's dengue cases here. Hopefully we are mos…,Related - but not informative,2013 Singapore haze,0,Not informative
346519223939522561,RT @ZoolHillMe: What if the haze is not a haze but a toxic gas meant to depopulate singapore? 😮,Related - but not informative,2013 Singapore haze,0,Not informative
346523003007430656,HAHAHAHAH CAN YOU BELIEVE THIS TREND . #SGHAZE #PSI,Related - but not informative,2013 Singapore haze,0,Not informative
346525926449897472,Made a right decision not to explore Singapore for some street photography.     Whatta a haze! http://t.co/2b2HsPH1Qw,Related - but not informative,2013 Singapore haze,0,Not informative
346527155372572673,RT @ChannelNewsAsia: #Haze reaches ‘unhealthy’ level in #Singapore. PSI is 105 at 3pm. #SGHAZE,Related and informative,2013 Singapore haze,1,Informative
346531072856690689,RT @livinginsg: Indonesia just what the hell is on fire over there?  The haze in Singapore is sibei bad now.,Related - but not informative,2013 Singapore haze,0,Not informative
346535812428599296,"Foreigners, this will happen when you come here to holiday or take pictures of Singapore! Happy Haze Day! http://t.co/oJEgtPVkgq",Related - but not informative,2013 Singapore haze,0,Not informative
346536772894855168,"RT @theREALeticia: Boyboy, you can hashtag all your instagram photos today with #nofilter. #SGhaze",Not related,2013 Singapore haze,0,Not informative
346542863062024192,RT @themediaslut: Smog Gets Into My Eyes - Heavy Haze in Singapore.. http://t.co/9IZJiL6F72,Related and informative,2013 Singapore haze,1,Informative
346544712729112576,"RT @xPentagon: Singapore Weather :  Hot Ho H Hu Hum Humi Humid Humi Hum Hu H Ha Haz Haze Foreigners , Welcome to Singapore.",Related - but not informative,2013 Singapore haze,0,Not informative
346545685824417792,"RT @STcom: #Sghaze update: PSI is 111 at 4pm, in the unhealthy range",Related and informative,2013 Singapore haze,1,Informative
346550559605657600,"RT @HarithForstner: Happy Haze Day, Singapore.",Related - but not informative,2013 Singapore haze,0,Not informative
346551150994137088,"RT @xo_falsehopes: A girl with 83 exs, slash cases here and there, haze suddenly comes up.  WTF IS HAPPENING TO SINGAPORE 😪",Related - but not informative,2013 Singapore haze,0,Not informative
346551381664071680,"RT @girlforeverPBG: Despite the haze, the construction workers are still doing their job to make Singapore look good. Yup, those people you…",Related - but not informative,2013 Singapore haze,0,Not informative
346552019215065088,RT @SGTeacherSays: PSI level is going up. Seems like theSingaporean's SIGH level is also rising. #SGHaze,Related - but not informative,2013 Singapore haze,0,Not informative
346552103080181760,RT @madebyjw: I don't know whether its the haze or I didn't clean my spectacle lens. #sgHaze,Related - but not informative,2013 Singapore haze,0,Not informative
346552828719931392,It's getting thicker. Holycow.  #SGHAZE,Related and informative,2013 Singapore haze,1,Informative
346553466254143488,"My throat dun feel good! @STcom: #Sghaze update: PSI is 111 at 4pm, in the unhealthy range",Related and informative,2013 Singapore haze,1,Informative
346555202670821377,RT @RidhwanAzman: I m dying . #SGHAZE http://t.co/a8024Gxyg7,Not related,2013 Singapore haze,0,Not informative
346555487879299072,"RT @STcom: #Sghaze update: PSI is 110 at 5pm, in the unhealthy range @NEAsg",Related and informative,2013 Singapore haze,1,Informative
346557555692158976,RT @ch8sg: The haze is pretty bad. Do take care of yourselves and try to stay indoors. #SGHAZE,Related - but not informative,2013 Singapore haze,0,Not informative
346561011781873665,"RT @ChannelNewsAsia: #SGHAZE UPDATE: PSI at 5pm is 110, which is in the unhealthy range.",Related and informative,2013 Singapore haze,1,Informative
346562731467476992,so between the haze and dengue everyone should stay locked up inside and all work should be cancelled do you concur? #singapore,Related - but not informative,2013 Singapore haze,0,Not informative
346566015590727680,RT @RidhwanAzman: I sang as far as you can see in Saving Gaia MV... But I can't even see my hands now with this haze. #sghaze,Related - but not informative,2013 Singapore haze,0,Not informative
346571375928041472,"Siao “@ShadowJaeJes Hahaha someone said if we spin the Singapore flyer fast enough, we may be able to blow the haze back! ROFL!”",Related - but not informative,2013 Singapore haze,0,Not informative
346572856529915905,"RT @STcom: #SgHaze update: PSI is 111 at 6pm, in the unhealthy range @NEAsg",Related and informative,2013 Singapore haze,1,Informative
346575788335824896,"RT @Keeefyboy: Please rotate the Singapore Flyer and face it towards Indo, and turn it at 1000x the speed it is and blow the fucking haze b…",Related - but not informative,2013 Singapore haze,0,Not informative
346576530715062273,RT @wordlesssong: RT ChannelNewsAsia: PSI now at 111. KarenTa30387079 sent us these before &amp; after picture of haze in Singapore #SGHaze htt…,Related and informative,2013 Singapore haze,1,Informative
346577872879751168,RT @STcom: PICTURES: #Singapore urges #Indonesia to take immediate measures over worsening #haze http://t.co/8C8dsq2f5p http://t.co/mXMP09E…,Related - but not informative,2013 Singapore haze,0,Not informative
346579034731331585,RT @SGStudentsSay: Thank god the #sghaze does not affect our Internet connection.,Related - but not informative,2013 Singapore haze,0,Not informative
346580431417769985,RT @ChannelNewsAsia: Haze hits unhealthy level in Singapore http://t.co/WvkqzUBU8v,Related - but not informative,2013 Singapore haze,0,Not informative
346586219574091776,Maybe the reason why singapore is hazy is because there is lots of haze in singapore? I think so.,Related - but not informative,2013 Singapore haze,0,Not informative
346586236351295488,"RT @_XiiaoHuii_: Singapore is like celebrating Halloween, so much haze.",Related - but not informative,2013 Singapore haze,0,Not informative
346586290860457985,"RT @SchoolprobIems: Singapore should build something similar to Singapore Flyer but call it the Singapore Fan so when the haze comes, we ca…",Related - but not informative,2013 Singapore haze,0,Not informative
346589038129582081,RT @ChannelNewsAsia: PSI in Singapore is 117 as of 7pm. MAP shows #SGHaze situation in relation to forest fires in Indonesia http://t.co/jD…,Related and informative,2013 Singapore haze,1,Informative
346590694871285760,"RT @theREALeticia: #SGhaze is now 111. Quick girlgirl, make a wish!",Related - but not informative,2013 Singapore haze,0,Not informative
346591932211920896,Guess what you buy will keep going up? #SureWinMoney #SgHaze,Related - but not informative,2013 Singapore haze,0,Not informative
346593186308820994,RT @SoshiIon: Yes Singapore should have this hahaha #sghaze http://t.co/fPBintQH0T,Not related,2013 Singapore haze,0,Not informative
346594318766702592,"RT @MakKauTakAjar: It's only haze. If it snows in Singapore, better start praying...",Related - but not informative,2013 Singapore haze,0,Not informative
346595027604090881,"#sghaze , West zone area kena rabak sial !!",Related - but not informative,2013 Singapore haze,0,Not informative
346595560276500480,RT @mhdsyz: Why are you guys putting all the blame on Indonesia? Singapore's factory still contribute to this haze. #justsaying,Related - but not informative,2013 Singapore haze,0,Not informative
346597087011536896,RT @NauffalOneLove: Singapore flyer should upgrade to prevent Singapore kena HAZE http://t.co/K2URMJqlte,Related - but not informative,2013 Singapore haze,0,Not informative
346598504669523970,RT @minipotato__: Singapore should let us experience snow not haze !!!,Related - but not informative,2013 Singapore haze,0,Not informative
346602195657035777,"RT @SoSingaporean: PSI so high already, why haven't announce school close yet? #sghaze #sosingaporean",Related - but not informative,2013 Singapore haze,0,Not informative
346602199855554560,"“@SoSingaporean: PSI so high already, why haven't announce school close yet? #sghaze #sosingaporean”",Related - but not informative,2013 Singapore haze,0,Not informative
346603395257339904,"RT @STcom: #SgHaze update: PSI is 140 at 8pm, the highest since 2006",Related and informative,2013 Singapore haze,1,Informative
346604221535227904,"Are you crying?  BEFORE: ‘No, I am not crying, sand got into my eyes.’  AFTER: ‘No, got haze…’  #SgHaze",Related - but not informative,2013 Singapore haze,0,Not informative
346604682879328256,"Its 140 PSI now, Stay indoor, stay healthy! #singapore #sghaze",Related and informative,2013 Singapore haze,1,Informative
346606134116900864,"“@STcom: #SgHaze update: PSI is 140 at 8pm, the highest since 2006” psi pls",Related and informative,2013 Singapore haze,1,Informative
346606142501306368,RT @AQVAAAA: The haze in singapore ruin my day,Related - but not informative,2013 Singapore haze,0,Not informative
346607102996905984,RT @Hairulollipop: Exactly. #haze #sghaze http://t.co/RuYKSUjLKy,Related - but not informative,2013 Singapore haze,0,Not informative
346607224652709888,RT @imperfxction_: The haze make singapore look like genting but singapore is still so hot while genting is so cold and cooling.,Related - but not informative,2013 Singapore haze,0,Not informative
346607593751449600,RT @vanzperry: Singapore flyer need to upgrade to this for haze prevention #SGhaze http://t.co/7ylJkJdDUB,Related - but not informative,2013 Singapore haze,0,Not informative
346608520675852288,"RT @SchoolprobIems: Weather Hot, We complain, Weather Cold, We complain, Now got haze, We complain. If Singapore got snow, Will complain or…",Related - but not informative,2013 Singapore haze,0,Not informative
346611397989376000,RT @livinginsg: Even if aliens decide to invade us now like what is happening on TV I doubt we can even see them. #sghaze,Related - but not informative,2013 Singapore haze,0,Not informative
346611796439875584,RT @Zombie_Son: Retweet if you eye hurts . #SGhaze,Related - but not informative,2013 Singapore haze,0,Not informative
346614103307083777,#sghaze why dont come on school days so that we dont need to go sch!!!,Related - but not informative,2013 Singapore haze,0,Not informative
346614757605908484,RT @ChannelNewsAsia: #SGHaze PSI is now 152 as of 9pm (pic: Malizza Abigail A. Custodio) http://t.co/qSbXWW25FS,Related and informative,2013 Singapore haze,1,Informative
346614883447607296,RT @pesonaSingapore: The PSI Reading @ 8pm from NEA is 140 (Avoid heavy outdoor activity!) Advisory: http://t.co/dUgfeMaYjP #sghaze #singap…,Related and informative,2013 Singapore haze,1,Informative
346615126725632000,“@ChannelNewsAsia: #SGHaze PSI reading of 152 is highest since October 2006. What precautions are you taking to deal with the haze?”,Related and informative,2013 Singapore haze,1,Informative
346615265108312065,"RT @STcom: #SgHaze update: PSI rises to 152 at 9pm, highest reading yet today. @NEAsg",Related and informative,2013 Singapore haze,1,Informative
346615277707993089,"RT @mgaxel: Kiamat is a world event ok. Bukan singapore event. Stakat Singapore kena haze, sumer dah ckp pasal kiamat. What is this nonsense",Related - but not informative,2013 Singapore haze,0,Not informative
346615294468431873,"RT @Lazyyy_Asshole: @xPentagon: Singapore Weather :  Hot Ho H Hu Hum Humi Humid Humi Hum Hu H Ha Haz Haze Foreigners , Welcome to Singapor…",Related - but not informative,2013 Singapore haze,0,Not informative
346615298671116289,RT @AidaInsyxxxh: How about spin the Singapore Flyer super fast then blow the Haze away .,Related - but not informative,2013 Singapore haze,0,Not informative
346615621632540673,beautiful afternoon at Singapore .. Too bad the air is poluted by the haze because fire on… http://t.co/Fxuh7iw7Fg,Related - but not informative,2013 Singapore haze,0,Not informative
346615923605639168,RT @xo_falsehopes: Singapore has 4 seasons too: • hot like siao • cold like fuck • flood like free flow • haze like no tomorrow,Related - but not informative,2013 Singapore haze,0,Not informative
346616636654108673,"RT @SoSingaporean: Now take photo got auto filter, dun need use instagram already #sghaze #sosingaporean",Not related,2013 Singapore haze,0,Not informative
346617215459667968,@Hairulollipop: Exactly. #haze #sghaze http://t.co/et7Be1dlO7,Related and informative,2013 Singapore haze,1,Informative
346617852993888256,OMG PSI 152 I'M GONNA FAIL MYE #blamethehaze,Related and informative,2013 Singapore haze,1,Informative
346618050147123201,Sing to tune of Rolling in the Deep. #SGHaze http://t.co/wXsDCn6oVm,Related - but not informative,2013 Singapore haze,0,Not informative
346618217902505985,RT @pal_rudebwoy: Who the hell has control of that damn Smoke Machine !!! #sghaze !,Related - but not informative,2013 Singapore haze,0,Not informative
346618930938380289,RT @livinginsg: You know what happens if it rains?  Haze + rain = Acid rain. #sghaze,Related - but not informative,2013 Singapore haze,0,Not informative
346620055007674369,"RT @_SGkid: Haze, I just met you, And this is crazy, But this is Singapore, So go back Indonesia maybe?",Related - but not informative,2013 Singapore haze,0,Not informative
346620835160801280,RT @sammmydee: Breaking news: Singapore has a new world record of most complaints in a day. #sghaze #wedidit,Related - but not informative,2013 Singapore haze,0,Not informative
346623276228947968,RT @SGAG_SG: Lucky now school holiday no spelling test. If not sure cannot fail!  Cher I got study but memory hazy sial!#sghaze,Not applicable,2013 Singapore haze,0,Not informative
346624282882871296,RT @zeeQ_SMQ: Other countries have  Summer☀☀☀ Winter❄❄❄ Autumn🍁🍁🍁  Spring🌸🌺🌼  What Singapore has Hot🌞🌞🌞 Hotter☀🌞☀ Rain☔☔☔ Haze☁☁☁,Not applicable,2013 Singapore haze,0,Not informative
346624463242133504,"@KennethESchmidt enjoy your stay in Singapore! watch out for the haze, it's terrible!",Related - but not informative,2013 Singapore haze,0,Not informative
346624958165835777,"Indonesia is burning forest and Ah boys to men make save my world song but no use? Now Singapore is attack by fog,Save my world! #sghaze",Related - but not informative,2013 Singapore haze,0,Not informative
346625285308952577,"RT @mrbrown: Win liao lor, liddat. #sghaze (via @lupcheong) http://t.co/QvmRC4WCxS",Related and informative,2013 Singapore haze,1,Informative
346625914446176256,Smoke RT@ChannelNewsAsia: #SGHaze PSI reading of 152 is highest since October 2006. What precautions are you taking to deal with the haze?,Related and informative,2013 Singapore haze,1,Informative
346626665222389760,RT @fallenmuffin: OMG HAHAHAHA!! RT @Hazrulmatworld: since haze is present in SG. singapore flyer should be upgraded 😂 http://t.co/XSsvsdk2…,Related - but not informative,2013 Singapore haze,0,Not informative
346627470541344768,"@SGAG_SG: At the rate the PSI is increasing, if the mosquitos don't die, I'll die first. #sghaze HAHAHAHAHAHA",Related - but not informative,2013 Singapore haze,0,Not informative
346628682682597378,"RT @SGAG_SG: Hey I just met you. And it is hazy. But here's my number, so hope you can see! #sghaze",Related - but not informative,2013 Singapore haze,0,Not informative
346628812731191298,So strong:( During street sales @shi_ping_  #sghaze,Not related,2013 Singapore haze,0,Not informative
346629982925242369,RT @STcom: #SGHaze update: PSI now at 155 as of 10pm.,Related and informative,2013 Singapore haze,1,Informative
346630360433561600,RT @ChannelNewsAsia: #SGHaze: PSI now at 155 as of 10pm. Here's the health advisory from @NEAsg http://t.co/tvG4bIYZYO,Related and informative,2013 Singapore haze,1,Informative
346631450923237376,RT @PendekKia: NEA bans smoking in most public areas God: Lets give Singapore haze lololol fuck the police,Related and informative,2013 Singapore haze,1,Informative
346632507921412096,"RT @SGAG_SG: At the rate the PSI is increasing, if the mosquitos don't die, I'll die first. #sghaze",Related and informative,2013 Singapore haze,1,Informative
346633183166623744,I've got flu for no reason. I'm innocent man. #sghaze,Related - but not informative,2013 Singapore haze,0,Not informative
346636022743957505,"RT @_whiterosez: dengue, slash cases and now? haze. WHAT'S NEXT SINGAPORE WHAT'S NEXT",Related - but not informative,2013 Singapore haze,0,Not informative
346636282778238976,RT @2SIAO4U: #sghaze excuse not to complete homework cause cant see . LOL .,Not related,2013 Singapore haze,0,Not informative
346636698022723584,#sghaze yay im touching the clouds!! *acting dumb*,Related - but not informative,2013 Singapore haze,0,Not informative
346638090519056385,RT @2moonsintheskyy: Bad news: Slashing cases in Singapore. Worse news: Haze approaches 'danger zone'. Worst news: Holidays ending soon.,Related - but not informative,2013 Singapore haze,0,Not informative
346638312817168386,RT @umbrellahuiqi: Singapore should do smthing bout the haze by letting the flyer turn at full speed,Related - but not informative,2013 Singapore haze,0,Not informative
346639080362237952,Holy shit lmao RT @STcom: #SGHaze update: PSI now at 155 as of 10pm.,Related and informative,2013 Singapore haze,1,Informative
346639986357051393,RT @Power98: RT @jeraldjustin: The haze is so bad if you put a piece of raw salmon outside it will become smoked salmon #sghaze,Related - but not informative,2013 Singapore haze,0,Not informative
346640175075565569,Wtf RT @svphierzl: Holy shit lmao RT @STcom: #SGHaze update: PSI now at 155 as of 10pm.,Related and informative,2013 Singapore haze,1,Informative
346644444898000896,RT @r4isedbyf4ngs: Haze + Old Changi Hospital + Slashing = Singapore Silent Hill 2.0,Related - but not informative,2013 Singapore haze,0,Not informative
346645896102023168,"RT @TODAYonline: #sghaze update: 3-hour PSI dips to 150 at 11pm, from 155 at 10pm http://t.co/Yf721cj9FB",Related and informative,2013 Singapore haze,1,Informative
346646462366621697,"Oh brilliant, opened the window to air out my bathroom... Half an hour later BAM hazy shower for me #sghaze",Related - but not informative,2013 Singapore haze,0,Not informative
346648911835971585,RT @AkN1c: The army told me that the purchase of smoke grenade is temporarily suspended. #sghaze,Not applicable,2013 Singapore haze,0,Not informative
346649998148112388,RT @SufiNadhirah: What puberty did to the haze in Singapore. http://t.co/mdYlNSa54b,Related - but not informative,2013 Singapore haze,0,Not informative
346656591589801984,RT @Singa_Tweets: #TheSingaporeFan can -Make Singapore cooler -Blow the haze away -Attract tourists to come -Make.Singapore.Cooler http://t…,Related - but not informative,2013 Singapore haze,0,Not informative
346657279472439296,“@SufiNadhirah: What puberty did to the haze in Singapore. http://t.co/u1rQ0heBuF”,Related - but not informative,2013 Singapore haze,0,Not informative
346658948776079361,RT @iisjong: Highest PSI recorded in SG was 227 back in 1997. Let's hope history don't repeat itself. #sghaze,Related and informative,2013 Singapore haze,1,Informative
346660655862009856,People who come to Singapore for holiday and the haze ruin it. #sghaze,Related - but not informative,2013 Singapore haze,0,Not informative
346666985091907584,RT @maasturah: This is like the worst haze ever happened in Singapore,Related - but not informative,2013 Singapore haze,0,Not informative
346672152482811904,RT @_SGkid: Share your mask. #SgHaze ;) http://t.co/LyC2U9CJhF,Related and informative,2013 Singapore haze,1,Informative
346673230402170880,RT @TODAYonline: #sghaze update: 3-hour PSI is at 145 at 12am http://t.co/Yf721cj9FB,Related and informative,2013 Singapore haze,1,Informative
346682780836573185,RT @SGKWave: Korea has Psy &amp; Singapore has PSI too! ㅋㅋㅋ Drink lotsa water &amp; take good care y'all! Hope the haze clears up before the weeken…,Related - but not informative,2013 Singapore haze,0,Not informative
346794978455986177,RT @whatthepony_: “@_SGkid: Share your mask. #SgHaze ;) http://t.co/lAF6OC5hGg” HAHAHAHA I LOLED SO BADLY HAHHAHAA MADE MY NIGHT,Related - but not informative,2013 Singapore haze,0,Not informative
346796794589609984,RT @SGAG_SG: Instagram has just launched a new filter called Haze in Singapore! It is a pre-set compulsory filter with no opt out option.…,Related - but not informative,2013 Singapore haze,0,Not informative
346798778512203776,"respect! RT @AkmalHkim: Despite the haze,the construction workers are still doing their job to make Singapore look good.",Related - but not informative,2013 Singapore haze,0,Not informative
346802310086795264,"RT @MylinhCheung: Well, this is one way of responding! :) #Indonesia #Haze #Singapore http://t.co/Kg4MEDNA6s",Related - but not informative,2013 Singapore haze,0,Not informative
346819905229819906,@Hairulollipop: Exactly. #haze #sghaze http://t.co/yFWVYM4qq1,Related - but not informative,2013 Singapore haze,0,Not informative
346820559516082178,RT @Hilmi_Elmo99: “@NauffalOneLove: Singapore flyer should upgrade to prevent Singapore kena HAZE http://t.co/lUQRkTZrmB” hahahaha!!! TRUE …,Related - but not informative,2013 Singapore haze,0,Not informative
346823856260001794,"RT @ChannelNewsAsia: #SGHAZE: 10am PSI is 121 in #Singapore, in unhealthy range. Authorities advising children, older adults to stay indoors",Related and informative,2013 Singapore haze,1,Informative
346826897096847362,RT @joanna_jane: feel sorry for all the construction workers who still have to work their arses off in this. #sghaze,Related - but not informative,2013 Singapore haze,0,Not informative
346832311947509760,"RT @ChannelNewsAsia: #SGHAZE WATCH: 11am PSI is 123 in #Singapore, in unhealthy range. Children and older adults advised to stay indoors",Related and informative,2013 Singapore haze,1,Informative
346838003647401985,"Malaysia remains as a good boy @fmtoday: Singapore, Indonesia tussle over haze problem | Free Malaysia Today: https://t.co/SaM3MXbwpJ",Related and informative,2013 Singapore haze,1,Informative
346848757821882368,"RT @impzzzz: Haze in Singapore reaches 'unhealthy' level, worst in 16 years - Yahoo! News Singapore http://t.co/8HRJDesPUi via @yahoosg",Related and informative,2013 Singapore haze,1,Informative
346854290121428993,"RT @livinginsg: Singapore: Save my world, save my world~   Indonesia: Huh? Sorry no time, we must burn trees.#sghaze",Related - but not informative,2013 Singapore haze,0,Not informative
346856395662049280,RT @STcom: #SGHaze update: PSI is 104 at 1pm @NEAsg,Related and informative,2013 Singapore haze,1,Informative
346873541980979200,RT @Fake_PMLee: I want to catch the culprit who caused the #SGHaze by burning these three giant joss sticks. http://t.co/Fymqaen8Kz,Related and informative,2013 Singapore haze,1,Informative
346889941709627393,RT @STcom: #SGHaze update: PSI is 90 at 3pm @NEAsg,Related and informative,2013 Singapore haze,1,Informative
346892290490523648,RT @STcom: #SGHaze update: Vivian Balakrishnan urges Indonesia to name companies responsible for forest fires http://t.co/Jv2MbXnAOe,Related and informative,2013 Singapore haze,1,Informative
346908291785433088,"RT @HidayatGonzales: Haze or not haze, those construction workers will always be there making Singapore a better place to live in~ http://t…",Related - but not informative,2013 Singapore haze,0,Not informative
346908841235054592,RT @ChannelNewsAsia: #SGHaze PSI is 85 as of 4pm. Check out the PM2.5 or particulate matter readings in your part of SG http://t.co/W0VQj27…,Related and informative,2013 Singapore haze,1,Informative
346919486378610690,"RT @NajibRazak: Ministers from Indonesia, Brunei, Singapore &amp; Thailand will meet here to find solution to eliminate haze.",Related and informative,2013 Singapore haze,1,Informative
346947131032084480,RT @STcom: #SGHaze update: PSI is 88 at 7pm @NEAsg,Related and informative,2013 Singapore haze,1,Informative
346961521689124865,Hey Singapore I'm back!!!! ✈ But what's up with this stupid haze and weather 😠 #singapore @ Terminal 1 http://t.co/J3qLlArW1t,Related - but not informative,2013 Singapore haze,0,Not informative
346969545396858880,"RT @ChannelNewsAsia: PM @leehsienloong shares photo of #SGHaze over Istana, says Singapore has raised serious concerns with Indonesia http:…",Related and informative,2013 Singapore haze,1,Informative
346981079728664576,RT @JxstinCostanza: Who say Singapore no 4 seasons? 1. Hot like siao 2. Rain like siao 3. Flood like siao 4. Haze like siao,Related - but not informative,2013 Singapore haze,0,Not informative
346987929039675392,RT @JxstinCostanza: HAHAHA FOUND THIS ON FACEBOOK I CAN'T STOP LAUGHING. #sghaze http://t.co/7R3QGpYVaY,Related - but not informative,2013 Singapore haze,0,Not informative
346992265933242368,"RT @_SGkid: But I set fire to the trees, Watch it burn as the haze go to Singapore  -Indonesian Adele",Related - but not informative,2013 Singapore haze,0,Not informative
346998406406877188,People in Singapore can get sick because of the haze. They are advised to stay indoors. Seriously? We breathe pollution everyday in the PH!,Related - but not informative,2013 Singapore haze,0,Not informative
346998951649607680,RT @ChannelNewsAsia: #SGHaze: PSI is 122 as of 10pm. Chris Teo sent this pic saying there is a burning smell around Orchard Road http://t.c…,Related and informative,2013 Singapore haze,1,Informative
347006467850764288,10pm PSI: 122. Unhealthy for sensitive groups. #haze #sghaze,Related and informative,2013 Singapore haze,1,Informative
347018518094557184,@SufiNadhirah: What puberty did to the haze in Singapore. http://t.co/fcI3AjXz2F,Related - but not informative,2013 Singapore haze,0,Not informative
347029234516115456,RT @TODAYonline: #sghaze update: The three-hour PSI reading is 134 at 12am @NEAsg http://t.co/pSeyVVMGuc,Related and informative,2013 Singapore haze,1,Informative
347030752883507200,RT @YOUNGLOV3_: #sghaze http://t.co/SVj2MzJxRx,Not applicable,2013 Singapore haze,0,Not informative
347038390715310080,15th training with the awesome team today. #我的歌知道你在夜里做什么 #s24 #super24 #angmohmustbetokgong #sghaze http://t.co/rQPmzZUjab,Not applicable,2013 Singapore haze,0,Not informative
347135497241493504,RT @STcom: #SGHaze update: PSI is 78 at 7am @NEAsg,Related and informative,2013 Singapore haze,1,Informative
347143722275844096,"RT @imQhairy: Good Morning #Singapore.  Hope that the haze will ease today,  tomorrow and forever.  I SUPPORT #SG… http://t.co/thd38UTir0",Related - but not informative,2013 Singapore haze,0,Not informative
347157727023353856,"19th June 2013 #Sghaze PSI Update: 6am 77, 7am 78, 8am 80, 9am 84.",Related and informative,2013 Singapore haze,1,Informative
347159635465207809,"RT @TheFakeSIM: Dear Indonesia, I believed you got Adele's song wrongly. It's Set Fire to the Rain, not Rainforest. #sghaze",Related - but not informative,2013 Singapore haze,0,Not informative
347159706734821376,"Of all tourist, it had to be from Indonesia. And a dramatic pose infront of our Merlion. Hello?!? #SGHaze http://t.co/HmIQkCvy7n",Related - but not informative,2013 Singapore haze,0,Not informative
347173791203467264,RT @STcom: RT @NEAsg: 3-hour PSI is 91. Issued 10am. http://t.co/gHgrKx1GOJ #SGHaze,Related and informative,2013 Singapore haze,1,Informative
347203851813789696,"RT @TODAYonline: 3-hour PSI reading soars from 103 at 11am to 124 at 12 noon, according to @NEAsg #sghaze http://t.co/ZFs7OTtbvh",Related and informative,2013 Singapore haze,1,Informative
347204116046561280,"RT @SGAG_SG: Bought a packet of cashew nuts from NTUC, but I open the packet, they became hazelnuts -.- #sghaze",Not related,2013 Singapore haze,0,Not informative
347207421149736962,"Stay indoors peep, be safe #haze #lunchout #work #mask #superhero #singapore @ Duke-NUS Graduate… http://t.co/vwBEVpiAy9",Related - but not informative,2013 Singapore haze,0,Not informative
347209262470148098,; the haze situation better improve when soshi's in Singapore .... must not leave a bad impression behind !!,Related - but not informative,2013 Singapore haze,0,Not informative
347210172625735682,"The news does not see the north side haze, their only seeing ONE part of singapore... WTF",Related - but not informative,2013 Singapore haze,0,Not informative
347219353952989186,"RT @SGAG_SG: Dear healthy people who are jogging in this weather, are you stupid or STUPIAK? #sghaze",Related - but not informative,2013 Singapore haze,0,Not informative
347221237170323456,RT @ChannelNewsAsia: #SGHaze PSI reading hits 152 at 1pm,Related and informative,2013 Singapore haze,1,Informative
347222298341814273,RT @STcom: RT @NEAsg: 3-hour PSI is 152. Issued 1pm. http://t.co/gHgrKx1GOJ #SGHaze #Haze,Related and informative,2013 Singapore haze,1,Informative
347222466126565376,-___- @RusinPutra: Salahkan Api.@agneskr_: Please stop burning our forest. Singapore now on haze because of it!,Related - but not informative,2013 Singapore haze,0,Not informative
347231525835784193,"RT @RidhwanAzman: Omg, #sghaze I smell it on my bed. NO! NOOO!! YOU SHALL NEVER HAVE ME ALIVE!!! Who left the windows opened?! http://t.co/…",Related - but not informative,2013 Singapore haze,0,Not informative
347233530704703488,"RT @ChannelNewsAsia: Viewers in #Singapore &amp; #Malaysia, what’s the #haze situation like where u are &amp; how is it affecting you? Tweet us ur …",Related - but not informative,2013 Singapore haze,0,Not informative
347235518779625472,"RT @ChannelNewsAsia: #SGHaze PSI hits 170 at 2pm, highest reading so far.",Related and informative,2013 Singapore haze,1,Informative
347235678196744193,"3-hour PSI reading hits highest level this past week: 170 as of 2pm, according to @NEAsg #sghaze http://t.co/ZFs7OTtbvh",Related and informative,2013 Singapore haze,1,Informative
347236391207448577,RT @Singa_Tweets: The PSI right now is as much as the undone holiday homework I have now #sghaze,Related - but not informative,2013 Singapore haze,0,Not informative
347237737600004096,"RT @YahooSG: #psi reading at 2pm shoots up to 170,  in unhealthy range. #haze #sghaze #singapore. #fb view from CBD http://t.co/VLIm3S0CiP",Related and informative,2013 Singapore haze,1,Informative
347238618387054593,RT @konghee: Singapore haze is now at PSI 152. It is like breathing chalk outside :(,Related and informative,2013 Singapore haze,1,Informative
347242657489244160,"“@k3agan: PSI is 170 as of 2pm. As it increases, we can abandon the PSI &amp; call it #SilentHill level. #SgHaze http://t.co/PBSkcvLqzr”",Related and informative,2013 Singapore haze,1,Informative
347245127955263489,RT @KStheKopite: @nephiron has placed his bets for PSI to rise to 180 for $10. #sghaze Someone actually do it. Hahaha,Related - but not informative,2013 Singapore haze,0,Not informative
347245484475310080,PSI reading at 2pm: 170. And it's giving me a bad headache!!!!! #blamethehaze,Related and informative,2013 Singapore haze,1,Informative
347249586471055360,“@STcom: #SGHaze update: PSI is 172 at 3pm @NEAsg” LOL same height at you hope you feel proud @GabUlmann,Related and informative,2013 Singapore haze,1,Informative
347251524256292864,"omfg @YahooSG: psi reading at 3pm is 172, in unhealthy range. #haze #sghaze #singapore. #fb view from #MBFC http://t.co/EacB4tXt5J",Related and informative,2013 Singapore haze,1,Informative
347252635734274048,How high is it gonna get? #sghaze #haze #toohazy #damnyou http://t.co/NgdD0hXm0r,Related and informative,2013 Singapore haze,1,Informative
347253755638595584,RT @ChannelNewsAsia: #SGHaze PSI is 172 at 3pm.,Related and informative,2013 Singapore haze,1,Informative
347255433351794688,RT @WolfbassDNivra: RT @SimplyNS: How you can help to reduce #SGHaze. #SimplyNS http://t.co/JLjNHPvFpx,Related - but not informative,2013 Singapore haze,0,Not informative
347256507110395905,a #hazy singapore :( #psi reached 170  keep yourselved protected by taking supplements and by wearing… http://t.co/GGutD1GYM0,Related and informative,2013 Singapore haze,1,Informative
347259237564555264,people of singapore.. i hope you stay healthy despite the haze. be careful!,Related - but not informative,2013 Singapore haze,0,Not informative
347265990410764289,RT @amostjw: Why can't my grades increase as fast as the PSI today? #sghaze,Related - but not informative,2013 Singapore haze,0,Not informative
347266896372039680,"RT @ChannelNewsAsia: RT @chengnetz: #SGHaze View from NTU at 2.50pm, can't see any buildings behind the HDB blocks. http://t.co/oROntuQEQK",Related - but not informative,2013 Singapore haze,0,Not informative
347268133708509184,"RT @YahooSG: Singapore PSI reading at 4pm is 158, still in the unhealthy range. #sghaze #haze #singapore. Business district view. http://t.…",Related and informative,2013 Singapore haze,1,Informative
347268938993909760,"RT @mrbrown: http://t.co/UxAmMUw3iD Air Quality Index updates: 169 in Central, 181 in N, 176 in S, 98 in W, and 174 in E. #sghaze",Related and informative,2013 Singapore haze,1,Informative
347288807445495808,RT @kissyourpigu: Down with flu...  #blamethehaze,Related - but not informative,2013 Singapore haze,0,Not informative
347293840576757761,I feel like walking in a dreamland whenever I'm outdoor... #sghaze,Related - but not informative,2013 Singapore haze,0,Not informative
347294067069169665,There's quite a number of Optimus Prime out there...due to the haze #sghaze,Related - but not informative,2013 Singapore haze,0,Not informative
347297699357409280,RT @ChannelNewsAsia: #SGHaze PSI reading at 4pm is 158,Related and informative,2013 Singapore haze,1,Informative
347302044631171072,RT @angyonghui_: like not zun one leh outside looks like 180 leh RT @STcom: #SGHaze update: PSI is 144 at 6pm @NEAsg,Related and informative,2013 Singapore haze,1,Informative
347304045314195456,#sghaze east area doesnt look good. http://t.co/VMvIi0nBOa,Related and informative,2013 Singapore haze,1,Informative
347306297668022274,RT @claudiaauu: My 3G got problem. 😟 #blamethehaze,Not related,2013 Singapore haze,0,Not informative
347307467904000000,RT @livinginsg: Check this out guys....this is how the haze looks like...from above Singapore. http://t.co/rbbU4WG8UV,Related - but not informative,2013 Singapore haze,0,Not informative
347307811807571968,Singapore dah macam Silent Hill sia with all the haze --,Related - but not informative,2013 Singapore haze,0,Not informative
347308038299979777,RT @STcom: #SGHaze update: Indonesia to use rain-making technology to stop fires http://t.co/xWYEazkMIo,Related and informative,2013 Singapore haze,1,Informative
347309397246111744,Guess I should invest in some BAP masks. It sure would come in handy. #sghaze,Related - but not informative,2013 Singapore haze,0,Not informative
347312874349273090,RT @exonyeoshidae: Just look at the trending topics in SG. #sghaze http://t.co/XTPes7d0SU,Related - but not informative,2013 Singapore haze,0,Not informative
347315550294253569,@AhhWaii: Heard that the haze in Singapore now is serious. Singapore tlists stay indoors and take care! God bless. Thank you dear ♥,Related - but not informative,2013 Singapore haze,0,Not informative
347316649231269888,"RT @AhjeeAhjeeAhjee: In Singapore, we have people complaining about the haze and we have people complaining about the people complaining ab…",Related - but not informative,2013 Singapore haze,0,Not informative
347321476866789377,Singapore should declare public holiday soon with the haze and MRT breakdown ha! Stuck here for more than an hour now 😲,Related - but not informative,2013 Singapore haze,0,Not informative
347322206671470592,"RT @LeticiaBongnino: I guess you can say the weather outside now is,  50 Shades Of Grey.  YYYYYEEEEAAAAAAAAHHHHHH #sghaze",Related - but not informative,2013 Singapore haze,0,Not informative
347323683045519360,RT @fidoburger: If Singapore's so hazy why are you my clarity? #sghaze #pickuplines,Related - but not informative,2013 Singapore haze,0,Not informative
347326623277780992,RT @STcom: #SGHaze update: PSI is 190 at 8pm @NEAsg,Related and informative,2013 Singapore haze,1,Informative
347327436968566784,this is terrible!!!!!!!! #sghaze I can barely breathe nor see properly!!!,Related - but not informative,2013 Singapore haze,0,Not informative
347327671837016064,"RT @TODAYonline: #sghaze: 3-hour PSI of 190 at 8pm is highest reading this week, worst since 1997 http://t.co/ZFs7OTtbvh",Related and informative,2013 Singapore haze,1,Informative
347327969661960192,"RT @ChannelNewsAsia: #SGHaze: PSI reading hits 190 at 8pm, the highest reading so far.",Related and informative,2013 Singapore haze,1,Informative
347328280027865089,"RT @reenbxtch: RP NEEDS TO SHUT DOWN RT @ChannelNewsAsia: #SGHaze: PSI reading hits 190 at 8pm, the highest reading so far.",Related and informative,2013 Singapore haze,1,Informative
347328611386273794,RT @_Azroyz: June 2013 is the worst month for singapore. -Dengue -Slashing -Haze,Related - but not informative,2013 Singapore haze,0,Not informative
347328707838492673,@Ruushdy: “@STcom: #SGHaze update: PSI is 190 at 8pm @NEAsg” Keco eh favour ah 200 skali hahahah,Related and informative,2013 Singapore haze,1,Informative
347328821080506368,PSI (190) higher than my height(173) now . :( #sghaze,Related and informative,2013 Singapore haze,1,Informative
347332411421503488,"RT @fluffycl0ud: @TODAYonline: #sghaze: 3-hour PSI of 190 at 8pm is highest reading this week, worst since 1997 http://t.co/v1y75zvrvH",Related and informative,2013 Singapore haze,1,Informative
347335477449330691,RT @RidhwanAzman: PSI is now 190. We are all smokers. We are all smoked salmon sandwiches. #sghaze,Related and informative,2013 Singapore haze,1,Informative
347336857354383361,RT @Tzire: Why can't we just use the Singapore Flyer as a giant fan and blow all the haze back to Indonesia?,Related - but not informative,2013 Singapore haze,0,Not informative
347337629114724352,Is it me or the haze is making singapore alot warmer?,Related - but not informative,2013 Singapore haze,0,Not informative
347339348796121088,RT @STcom: #SGHaze update: PSI is 290 at 9pm @NEAsg,Related and informative,2013 Singapore haze,1,Informative
347339936007077888,RT @YahooSG: #Singapore PSI reading at 8pm: 190. in the unhealthy range. #sghaze #haze Here in Tanjong Pagar: http://t.co/kZtkjW76eK,Related and informative,2013 Singapore haze,1,Informative
347340057646080000,RT @ChannelNewsAsia: BREAKING #SGHaze PSI hits 290!,Related and informative,2013 Singapore haze,1,Informative
347340128932487168,@STcom: #SGHaze update: PSI is 290 at 9pm @NEAsg,Related and informative,2013 Singapore haze,1,Informative
347340208641028096,RT @TODAYonline: #sghaze update: air quality is at very unhealthy levels at 290 at 9pm  http://t.co/aTb34rgTG6,Related and informative,2013 Singapore haze,1,Informative
347340439302574081,RT @RidhwanAzman: Omg PSI is 290. I want my Mummy now :'( #sghaze,Related and informative,2013 Singapore haze,1,Informative
347341320118992898,RT @AliffIzran: Haha this is funny #sghaze http://t.co/Bg3Vsx6scW,Not related,2013 Singapore haze,0,Not informative
347342112842457089,RT @dilysho: @ChannelNewsAsia: BREAKING #SGHaze PSI hits 290!,Related and informative,2013 Singapore haze,1,Informative
347342444188270592,RT @tengkiat: 290. #PSI #sghaze #thanksIndonesia,Related and informative,2013 Singapore haze,1,Informative
347343043982147585,RT @TODAYonline: #sghaze: the 3-hour PSI at 290 at 9pm has exceeded the 1997 high of 226. Here's a picture of NEA's health advisory http://…,Related and informative,2013 Singapore haze,1,Informative
347343136248434688,RT @zoeraymond: #sghaze: 3-hour PSI of 290 at 9pm is highest reading this week!,Related and informative,2013 Singapore haze,1,Informative
347343283053285377,RT @STcom #SGHaze update: PSI is 290 at 9pm @NEAsg,Related and informative,2013 Singapore haze,1,Informative
347343304008019968,RT @hxszh: RT @WhatTheJoshua: Congratulations PSI. Raffles Institution will be contacting you shortly. #sghaze #290,Not related,2013 Singapore haze,0,Not informative
347344222564777984,RT @slimweixin: This couple seriously YOLO. LOL #sghaze http://t.co/tIyyAI2Df1,Related - but not informative,2013 Singapore haze,0,Not informative
347344537162756096,RT @xxriefa: The #sghaze has proved how ignorant singaporeans are. I can't believe the criticism people are attacking to Indonesia. How mea…,Related - but not informative,2013 Singapore haze,0,Not informative
347345153687683073,RT @TheDeeKosh: Think of it this way guys. Today. In Singapore. WE. MADE. HISTORY. #290 #SGHAZE,Related - but not informative,2013 Singapore haze,0,Not informative
347345350840946688,"RT @ChannelNewsAsia: #SGHAZE PSI hits 290 as of 9pm, an all time high. On brink of hazardous levels. http://t.co/EH5v8M35i1",Related and informative,2013 Singapore haze,1,Informative
347345564763045890,Thick haze in singapore hits 290.wtf,Related - but not informative,2013 Singapore haze,0,Not informative
347345950630608896,RT @xinmsn_ch: [最新] 截至9点，本地空气污染指数狂飆，达290点，属于非常不健康水平！公众请多留意！#sghaze,Related and informative,2013 Singapore haze,1,Informative
347346047112200192,RT @LoGanKhaiRil: Bikin Tu Singapore Flyer Punya Speed Go Higher La Abeh Blow Ni Haze Pergi,Related - but not informative,2013 Singapore haze,0,Not informative
347346051298099200,"RT @MuhammadDzuhair: 290, ootd for tonight. #sghaze http://t.co/PustnXG4MW",Not related,2013 Singapore haze,0,Not informative
347346248422006784,RT @senityz: @slimweixin: This couple seriously YOLO. LOL #sghaze http://t.co/YWLOEZp9gN,Related - but not informative,2013 Singapore haze,0,Not informative
347346751742689280,"RT @Choink1707: 네.. ^^ RT @CNBStorm: Heard that the haze in Singapore and Indonesia is getting worse. Please take care, friends.",Related - but not informative,2013 Singapore haze,0,Not informative
347348077117587456,Im still alive but im barely breathing...~Courtesy of #SGHaze #QuotedFromAnonymous,Related - but not informative,2013 Singapore haze,0,Not informative
347348261666955264,RT @Heybxby: I'm greatful that Singapore is only affected by haze and not tsunami or hurricanes. Alhamdulillah for that.,Related - but not informative,2013 Singapore haze,0,Not informative
347348421075664897,"There is no link with haze and kiamat, like seriously, it's only Singapore, Malaysia and Indonesia not the whole world.",Related - but not informative,2013 Singapore haze,0,Not informative
347348752408907776,RT @LeePuayKi: “@shxronsyl: @slimweixin: This couple seriously YOLO. LOL #sghaze http://t.co/5N6iTdvUsa” HAHA,Related - but not informative,2013 Singapore haze,0,Not informative
347350006509993986,RT @ch8sg: #PSI hit 190 as of 8pm. Remember to drink more water. #SgHaze,Related and informative,2013 Singapore haze,1,Informative
347350086226939904,RT @noblypopz: RT @picturesoflove: RT @slimweixin: This couple seriously YOLO. LOL #sghaze http://t.co/xsgsyUVIN7,Related - but not informative,2013 Singapore haze,0,Not informative
347351113823035394,RT @dk: There is a slight possibility that the PSI Index will cross the 300 mark at 10pm. Lets wait and see.... #sghaze,Related and informative,2013 Singapore haze,1,Informative
347352648913133569,RT @angyonghui_: Perfect time to sing I am still alive but I am barely breathing lmao okay need to stop #SGHaze jokes ✋😂,Related - but not informative,2013 Singapore haze,0,Not informative
347352799929049088,Haha song of the day #sghaze Why I can't go outside!!!! http://t.co/3d2nVIIdFp,Related - but not informative,2013 Singapore haze,0,Not informative
347353387123224577,RT @Fake_PMLee: PSI hits 290.  Your next McDonald's Hello Kitty is grey in colour.   #SGHaze,Related and informative,2013 Singapore haze,1,Informative
347353504559546368,RT @TheDeeKosh: If there is one person I know that could swallow and keep all this haze in his mouth and save all of Singapore..it would be…,Related - but not informative,2013 Singapore haze,0,Not informative
347353710084648961,"This isn't haze, friends. You're probably breathing the spores of ophiocordyceps unilateralis. #sghaze",Related and informative,2013 Singapore haze,1,Informative
347354347606245377,RT @julianpo: How did #sghaze become this year's PSLE top scorer with 290? It smoked its way through the exams apparently AHAHAHAHA. #punof…,Related - but not informative,2013 Singapore haze,0,Not informative
347355060663119872,I hope the Youtube concert isn't cancelled. I've waited for this day to see @TannerPatrick #SGhaze,Related - but not informative,2013 Singapore haze,0,Not informative
347355639460265985,RT @TODAYonline: #sghaze update: air quality is at very unhealthy levels at 290 at 9pm  http://t.co/ZFs7OTtbvh,Related and informative,2013 Singapore haze,1,Informative
347357568856891393,"RT @iamnotateacher: RT @mrbrown: Soon after this photo was taken, Godzilla collapsed from asthma. #sghaze http://t.co/DpYt6I42fG",Related - but not informative,2013 Singapore haze,0,Not informative
347357598225428480,"Haze in Singapore hits historical high, PSI at 290 http://t.co/AKFXumM8X7 via @sharethis",Related and informative,2013 Singapore haze,1,Informative
347357749182619648,Kamusta naman si Merlion #SGHaze http://t.co/ncvvrOJCCT,Not related,2013 Singapore haze,0,Not informative
347359535993851905,RT @SoSingaporean: PSI is 290. Indonesian: Aiya normal lah! Singaporean: OMG WE ARE GONNA DIE!!! #sosingaporean #sghaze,Related and informative,2013 Singapore haze,1,Informative
347359699567517697,RT @BadLuckFMSS: Presenting 'best improvement award' to PSI.  #sghaze,Related and informative,2013 Singapore haze,1,Informative
347360714572300288,I can imagine the @NEAsg website is being hit by what seems like a DDOS attack right now. #sghaze,Related - but not informative,2013 Singapore haze,0,Not informative
347361259848609792,eh i havent do RJ yet... #blamethehaze,Related - but not informative,2013 Singapore haze,0,Not informative
347361448575516672,RT @Boythunder913: I think the ppl updating the website fainted when they found out the PSI. Eh don't selfish... Share leh #sghaze,Related - but not informative,2013 Singapore haze,0,Not informative
347363637997998083,RT @angyonghui_: LOL OMG HAHAHA RT @slimweixin: This couple seriously YOLO. LOL #sghaze http://t.co/QHGkMVCCw9,Not related,2013 Singapore haze,0,Not informative
347364149690515458,RT @Adieqpamperedx: Woah...take a look at this guy😂 #blamethehaze http://t.co/Y08bVmpiX9,Not related,2013 Singapore haze,0,Not informative
347364854354558978,"Hello @NEAsg ,you guys' hands must be tired from all the PSI updates, that's why now no news? #SGHaze #Haze #SimplySG",Related - but not informative,2013 Singapore haze,0,Not informative
347365122802589697,I don't think I had such difficulty breathing even after a half marathon. #sgHaze,Related and informative,2013 Singapore haze,1,Informative
347365294748098560,"HAHAHAHAHHAHA EARTHQUACK RT@HIEEEEEEEEEEEE_: why singapore haze only complain so much, indonesia got earthquack all.",Related - but not informative,2013 Singapore haze,0,Not informative
347365668041129984,"RT @sggooner: From the tweets and FB posts, you would think everyone in SG is hoping for a PSI of 300 or 1,000. Pfffft... #SGHaze #whatiswr…",Related - but not informative,2013 Singapore haze,0,Not informative
347367215730933761,RT @ChannelNewsAsia: BREAKING: #SGHaze PSI hits new all-time record of 321 as of 10pm. In hazardous range for 1st time in Singapore histo…,Related and informative,2013 Singapore haze,1,Informative
347367391925256192,RT @STcom: #SGHaze update: PSI is 321 at 10.55pm @NEAsg,Related and informative,2013 Singapore haze,1,Informative
347367983288561665,RT @ChannelNewsAsia: BREAKING: #SGHaze PSI hits new all-time record of 321 as of 10pm In hazardous range for 1st time in Singapore history,Related and informative,2013 Singapore haze,1,Informative
347368054587535362,RT @TODAYonline: #sghaze update: Air quality has entered the hazardous level for the first time in S'pore history. 3-hour PSI is at 321 at …,Related and informative,2013 Singapore haze,1,Informative
347368121721556992,RT @MakKauTakAjar: @STcom: #SGHaze update: PSI is 321 at 10.55pm @NEAsg,Related and informative,2013 Singapore haze,1,Informative
347368507584958465,They have exceeded 500 PSI this hour already. (3 hour average of 321) #sghaze,Related and informative,2013 Singapore haze,1,Informative
347369954628222976,RT @ChannelNewsAsia: #SGHaze PSI in Singapore goes down from record 321 at 10pm to 282 as of 11pm,Related and informative,2013 Singapore haze,1,Informative
347370134995861504,RT @xavierlur: AMAZING &amp; TIMELY ad by Cadbury #sghaze #hazelnut http://t.co/cWDcT9x8Gu,Not related,2013 Singapore haze,0,Not informative
347370214675058689,The one that caused haze in Singapore is a Singapore company . Zzzz,Related - but not informative,2013 Singapore haze,0,Not informative
347370348871835649,"singapore haze PSI at 321 very unhealthy level, if keep increasing will be quite hazardous to health",Related and informative,2013 Singapore haze,1,Informative
347372404097548288,"RT @STcom: We will be tweeting live from press conference on #sghaze situation, held by Environment Minister Vivian Balakrishnan at 11.30pm…",Related and informative,2013 Singapore haze,1,Informative
347372714488631298,RT @MMahadhirBinMZ: Ameen. #haze #sg #290 http://t.co/LCZ7g1LQ6S,Related and informative,2013 Singapore haze,1,Informative
347372919980167168,"RT @Glendonnn: Singapore can't rain now. Because haze contains sulphur dioxide. And if it rains, it will damage our buildings.",Related and informative,2013 Singapore haze,1,Informative
347373024841986048,Updated: My take on the #sghaze - http://t.co/WCz1FrPh90,Related - but not informative,2013 Singapore haze,0,Not informative
347374002131574785,RT @konghee: Singapore haze at PSI 321 now (10 PM reading)!,Related and informative,2013 Singapore haze,1,Informative
347374316704370688,"RT @WorldwideELFs: All the ELFs in Singapore, Indonesia and Malaysia affected by the really bad haze, please take care and drink more water…",Related - but not informative,2013 Singapore haze,0,Not informative
347374320877715458,"RT @SlickScribe: Latest PSI is 321 which is considered hazardous by the NEA, the Merlion is already prepared.  #SGHaze http://t.co/VKzULedY…",Related and informative,2013 Singapore haze,1,Informative
347376543883988992,"As u guys complain abt the haze in singapore,every minute in africa,60 seconds passes.",Related - but not informative,2013 Singapore haze,0,Not informative
347377651163480064,"400letsgo RT @ChannelNewsAsia Minister Vivian Balakrishnan on #SGHaze: We expect situation to worsen overnight, 173 hotspots detected today",Related and informative,2013 Singapore haze,1,Informative
347377835729625089,RT @ChannelNewsAsia: Minister Vivian Balakrishnan: Dry weather conditions and prevailing winds blowing haze into Singapore to persist for n…,Related and informative,2013 Singapore haze,1,Informative
347378586505842688,"RT @ChannelNewsAsia: Environment Minister Vivian Balakrishnan: #SGHaze taskforce convened, schools may close if situation persists when sch…",Related and informative,2013 Singapore haze,1,Informative
347378603262083073,at least cigarettes still have filters. the air don't have. #justsaying #sghaze,Related - but not informative,2013 Singapore haze,0,Not informative
347378716512485376,"RT @STcom: Minister Vivian: #sghaze task force formed, schools may close if situation persists",Related and informative,2013 Singapore haze,1,Informative
347378909458886656,See? Even Samsung android don't even dare to give me an answer! #SGHaze http://t.co/G1tH9kUMYp,Not related,2013 Singapore haze,0,Not informative
347379114967179265,RT @STcom: Minister Vivian: #sghaze plans to publish high-res photos of hotspots and use crowd sourcing to identify companies responsible,Related - but not informative,2013 Singapore haze,0,Not informative
347379572163092480,"RT @STcom: Minister Vivian: #sghaze NEA to send delegation to Indonesia tomorrow, concrete action needed",Related and informative,2013 Singapore haze,1,Informative
347379618287853568,RT @ChannelNewsAsia: Minister Vivian We're now at a state where nobody should pollute &amp; make money at others' expense #SGHaze http://t.co…,Related - but not informative,2013 Singapore haze,0,Not informative
347380121600135169,"Duh. RT @ChannelNewsAsia: Minister Vivian: We will keep cloud seeding option open, but for cloud seeding to work, we need clouds #SGHaze",Related and informative,2013 Singapore haze,1,Informative
347380767560708096,"RT @ChannelNewsAsia: Minister Vivian: We will keep cloud seeding option open, but for cloud seeding to work, we need clouds #SGHaze",Related - but not informative,2013 Singapore haze,0,Not informative
347381648343580673,"RT @ChannelNewsAsia: Minister Vivian: NEA website crashed because too many people visited, we're tracking all indices including AQI #SGHaze",Related - but not informative,2013 Singapore haze,0,Not informative
347381698658439169,RT @ChannelNewsAsia: Envt Minister Vivian Balakrishnan: Expect PSI to be beyond 200 Thurs #SGHaze,Related and informative,2013 Singapore haze,1,Informative
347381707072208896,"RT @izzahaziqah: “@STcom: Minister Vivian: #sghaze task force formed, schools may close if situation persists” http://t.co/RyYUywekZs",Related - but not informative,2013 Singapore haze,0,Not informative
347381807731310592,RT @TODAYonline: VIvian Balakrishnan: Will implement contingency plans like closing schools and sports complex if necessary #sghaze http://…,Related and informative,2013 Singapore haze,1,Informative
347382071964078081,RT @coolvirus: Freudian slip? MT @TODAYonline: V Balakrishnan: NEA will b completely transparent in the mgmt of this crisis #sghaze http://…,Related and informative,2013 Singapore haze,1,Informative
347382600467365888,"RT @ChannelNewsAsia: Envt Minister Vivian: Depending on seriousness of #SGHaze situation, Ministry of Manpower may issue stop-work order",Related - but not informative,2013 Singapore haze,0,Not informative
347383078605451264,"@STcom: Minister Vivian: #sghaze task force formed, schools may close if situation persists Thats more like it.",Related - but not informative,2013 Singapore haze,0,Not informative
347383347045089280,RT @TimLee97: Students 20 years down the road will be studying 'haze 2013' under singapore history. hahaha have fun,Related - but not informative,2013 Singapore haze,0,Not informative
347384072647094272,RT @SCDF: Thank you for all the RTs.Salute to the men and women in #TheLifeSavingForce who are on standby despite #sghaze,Related - but not informative,2013 Singapore haze,0,Not informative
347384311709839360,RT @STcom: #Sghaze update: PSI falls to 218 at 12am. @NEAsg,Related and informative,2013 Singapore haze,1,Informative
347385108665335809,lol at the cause of haze in Singapore  damn  this country...,Related - but not informative,2013 Singapore haze,0,Not informative
347385515487674368,"RT @firahermana: @pandji Sumatra's forest fires exporting smoky haze to Singapore &amp; Malaysia,almost no Indonesian knows about this http://t…",Related - but not informative,2013 Singapore haze,0,Not informative
347385943327657984,dont think its actually worse in indonesia because of 1 direction of winds and 2 they are not as built up as us. #SGHaze,Related - but not informative,2013 Singapore haze,0,Not informative
347386211746332673,RT @xinmsnNews: #sghaze Before &amp; after shots from One Marina Boulevard:Mon @ 12pm (top) vs Wed @ 12pm. More at http://t.co/T0BQeFlkI5 http:…,Related - but not informative,2013 Singapore haze,0,Not informative
347386362724499456,RT @STcom: #SGHaze update: PSI is 282 at 11pm @NEAsg,Related and informative,2013 Singapore haze,1,Informative
347387713302970368,RT @STcom: #sghaze update: #Haze taskforce convened as PSI soared to record level http://t.co/cjjZcyVdk1,Related - but not informative,2013 Singapore haze,0,Not informative
347389617521164288,RT @ChuaJiaSheng: It's Indonesia fault for the haze and they pushed the blame to Singapore and Malaysia's palm oil companies for their inve…,Related - but not informative,2013 Singapore haze,0,Not informative
347390510912131072,Correct me. Is the crazy haze in Singapore coming from Kalimantan open fire burning? If yes I am very sad. :( doing no good for earth,Related - but not informative,2013 Singapore haze,0,Not informative
347392008287031296,This is truly a Third World Country. No words from the highest paid PM in the World. #sghaze,Related - but not informative,2013 Singapore haze,0,Not informative
347395430843285504,RT @ffanypack: You know Singapore very small? You one small gust of haze come whole sg tio liao lol,Related - but not informative,2013 Singapore haze,0,Not informative
347396894621839361,"If the PSI is getting higher &amp; higher, can we get at least a day of holiday for all to lock ourselves &amp; stay home? #sghaze",Related - but not informative,2013 Singapore haze,0,Not informative
347399008580407296,@Its_EXO Indonesia is buring trees &amp; then Singapore is been affected by it also . so Singapore is now in strong haze environment .,Related - but not informative,2013 Singapore haze,0,Not informative
347403261579509760,RT @ChannelNewsAsia: Line for MacDonald's Hello Kitty toys in Singapore stretches outside when #SGHaze PSI was 282 at 11pm http://t.co/hgyA…,Related - but not informative,2013 Singapore haze,0,Not informative
347406327636701184,RT @STcom: #Sghaze update: PSI falls to 195 at 1am. @NEAsg,Related and informative,2013 Singapore haze,1,Informative
347406705119862785,RT @ChannelNewsAsia: Long lines for Hello Kitty collectibles at MacDonald's at Sun Plaza mall in Singapore amid #SGHaze (taken at 11pm) htt…,Related - but not informative,2013 Singapore haze,0,Not informative
347419728421203968,"Ahhh, to refresh the NEA website, or refresh the McDonalds webiste ? LOL #SGHaze #HelloKitty #NEA #HazyKitty",Not applicable,2013 Singapore haze,0,Not informative
347470139756785664,RT @Fariisssss: haze only in singapore/malaysia/indon and people want to talk about qiamat. so kirekan qiamat at singapore/malaysia/indon o…,Related - but not informative,2013 Singapore haze,0,Not informative
347480327742177280,RT @eiennofiesta: Mut last night the PSI was ranging from 200-321! @shizen11 #SGhaze,Related and informative,2013 Singapore haze,1,Informative
347504579216285696,RT @ChannelNewsAsia: #SGHaze: Pic of hazy sunrise at Bukit Panjang this morn by Olivia Wu. 7am PSI:128. Tweet us ur pic! http://t.co/DAcL1T…,Related and informative,2013 Singapore haze,1,Informative
347510228935376898,Anyone knows where in #Singapore we can still find stock of surgical masks &amp; N95 masks? #sghaze #masks… http://t.co/JhzKJLbKoL,Related - but not informative,2013 Singapore haze,0,Not informative
347514444189933568,@Khunnie0624 you should come to Singapore and sing Let It Rain to gather the rain clouds to drive this haze away hahaha,Related - but not informative,2013 Singapore haze,0,Not informative
347520525960101888,"SAF cancelled outfield exercises, NEA advised against sporting activity; manpower ministry still won’t issue stop-work order #sghaze #labour",Related and informative,2013 Singapore haze,1,Informative
347525357764759553,Heard we dispatched a delegation to Indonesia to talk about the #SGHaze. Srsly you expect them to produce a giant fan to blow this away meh?,Related - but not informative,2013 Singapore haze,0,Not informative
347531372413464576,RT @st_evel_ai: PSI 131. What are your thoughts and comments about the haze situation? How is it affecting you? #AsiaConnect #SGhaze #haze,Related - but not informative,2013 Singapore haze,0,Not informative
347533842866921472,Cannot see beyond 3 blocks #sghaze [pic] — https://t.co/Cb2XKadY2B,Related - but not informative,2013 Singapore haze,0,Not informative
347539610039095296,@Alan_Bball4Ever the whole Singapore with haze!,Related - but not informative,2013 Singapore haze,0,Not informative
347540243362226177,RT @mexwarrior: Love Singapore RT @unsteriorey: @mexwarrior Chavo i miss you! Can you save singapore from the haze since you're a warrior h…,Related - but not informative,2013 Singapore haze,0,Not informative
347541333881262080,RT @mrbrown: The reason the #sghaze looks like PSI 311 but is measured as 131 is because she wore lighter-colored clothes today. Don't pani…,Related and informative,2013 Singapore haze,1,Informative
347542504079495168,My colleague jus told me that the toilet air is much fresher den the surrending cos they spray the sanitizer every half hour ..  #SGHaze,Related - but not informative,2013 Singapore haze,0,Not informative
347542839661572096,"Our hotel in the distance as it is blanketed by haze.  According to The Straits Times, Singapore's air is now on... http://t.co/tYUyJv8sub",Related and informative,2013 Singapore haze,1,Informative
347543976280199168,I would love to see our minister of foreign affairs takes a stern action like his counterpart from singapore regarding #haze.,Related - but not informative,2013 Singapore haze,0,Not informative
347546891346653185,RT @ChannelNewsAsia: #SGHaze PSI reading rises to 153 at 10am,Related and informative,2013 Singapore haze,1,Informative
347551119179907072,RT @Lepak_: They should like make the singapore flyer spin faster then blow away the haze :D,Related - but not informative,2013 Singapore haze,0,Not informative
347552377487888386,RT @STcom: #SGHaze update: PSI is 198 at 11am @NEAsg,Related and informative,2013 Singapore haze,1,Informative
347552486556581888,PSI 198?? Do they seriously think we'd buy that load of crap #sghaze,Related and informative,2013 Singapore haze,1,Informative
347557213516210178,"yes goodjob , the wonder starts tmr! Indonesia will use cloud-seeding to douse fires causing #sghaze, but only from tomorrow",Related and informative,2013 Singapore haze,1,Informative
347564255744237568,RT @RidhwanAzman: Lobang was right. #SGhaze http://t.co/lcvuJjtweH,Related - but not informative,2013 Singapore haze,0,Not informative
347565061084155907,RT @IWANNAFLYWHEE: @RidhwanAzman: Lobang was right. #SGhaze http://t.co/fNDJn5aQRt,Related - but not informative,2013 Singapore haze,0,Not informative
347566004777390081,RT @Tham_Jiayi: “@RidhwanAzman: Lobang was right. #SGhaze http://t.co/DkqeX6d2jN” omgoshh! Ahahahahahaha! True true! :D,Not related,2013 Singapore haze,0,Not informative
347567275676680193,Just heard from friends that yesterday news reported that haze will last until late August. Seriously? #sghaze #fb,Related and informative,2013 Singapore haze,1,Informative
347568169050849281,@xinmsn_ch: [最新] 本地中午12点的空气污染指数，飙升到299点，再度进入危险水平。#sghaze,Related and informative,2013 Singapore haze,1,Informative
347569687367925760,“@TODAYonline: 299: The latest @NEAsg 3-hour PSI reading at 12 noon #sghaze http://t.co/4e6Omr3Z0l” -faint-,Related and informative,2013 Singapore haze,1,Informative
347571478352506880,Haze and the city.#Sghaze #Nofilter http://t.co/PwyQseWWlB,Related and informative,2013 Singapore haze,1,Informative
347571914543353856,R1 punye turn clear meter. RT @STcom: #SGHaze update: PSI is 299 at 12pm @NEAsg,Related and informative,2013 Singapore haze,1,Informative
347573722309332993,RT @Fake_PMLee: Relax. It's 299 PSI. Not hazardous yet.  Unless the person next to you farts and bring it 1 notch up.  #SGHaze,Related and informative,2013 Singapore haze,1,Informative
347576159183175680,RT @STcom: #SgHaze update: #Indonesia to begin cloud-seeding based on needs on the ground http://t.co/XeGAR85nAe,Related and informative,2013 Singapore haze,1,Informative
347577073545641984,@RidhwanAzman: Lobang was right. #SGhaze http://t.co/dPodenr8G1 hhahahahahahah ♡♡♡,Related - but not informative,2013 Singapore haze,0,Not informative
347577195167891456,‏RT @muttons: The perfect description of tonight #sghaze http://t.co/pFBuPs6IzP,Related and informative,2013 Singapore haze,1,Informative
347578021458362368,RT @YahooPH: Look at the haze that's blanketing Singapore because of the forest fires in Indonesia! :( http://t.co/Tr1Wt9DHpe http://t.co/H…,Related and informative,2013 Singapore haze,1,Informative
347581129429245952,@STcom: #SGHaze update: PSI is 371 at 1pm @NEAsg OMFG,Related and informative,2013 Singapore haze,1,Informative
347581242688012288,RT @ChannelNewsAsia: #SGHaze PSI reading hits 371 at 1pm - highest reading so far.,Related and informative,2013 Singapore haze,1,Informative
347581758608384001,RT @verifiedELF: Hopefully the haze dissapear before superjunior arrive in Singapore.We want them to see the beautiful side not this! http:…,Related - but not informative,2013 Singapore haze,0,Not informative
347581934756564992,RT @STcom: #SGHaze update: PSI is 371 at 1pm @NEAsg,Related and informative,2013 Singapore haze,1,Informative
347582060573102080,RT @SchoolprobIems: Singapore's 5Hs Hot Homework Humid Haze Headache,Related - but not informative,2013 Singapore haze,0,Not informative
347583956415287296,RT @govsingapore: 3-hour PSI is 371. Issued 1pm. http://t.co/4H5aOnf2DU #sghaze,Related and informative,2013 Singapore haze,1,Informative
347585793516249088,"RT @ELFriendSone: [INFO] Today, SNSD going to Singapore for Kpop festival. There is haze (kabut asap) in Singapore. Hope they are doing wel…",Related - but not informative,2013 Singapore haze,0,Not informative
347585831248216064,PSI 371 le lar! My head is aching ouch! #mustbethehaze #blamethehaze,Related and informative,2013 Singapore haze,1,Informative
347587135697715201,shall stop tweeting for awhile . if not ltr tio tweet jailed . nehmind . #blamethehaze,Related - but not informative,2013 Singapore haze,0,Not informative
347587206992506881,"RT @WeLoveDara: For those asking, there was an earthquake at Singapore earlier..  “@ChannelNewsAsia: #SGHaze PSI reading hits 371 at 1pm” …",Related and informative,2013 Singapore haze,1,Informative
347587420914585600,RT @mrbrown: 1pm PSI reading: 371  So when does it become a national security issue?  #sghaze,Related and informative,2013 Singapore haze,1,Informative
347589211886592000,RT @pal_rudebwoy: The Haze in Sumatra !  Retweet and let everyone know there are worst Haze then Singapore ! http://t.co/tyPNrN8Pql,Related and informative,2013 Singapore haze,1,Informative
347589413183832065,"“@luyeoI: So the news said its bc there's typhoon in Taiwan, thus increasing the speed of the haze coming to Singapore. 😂😂 #okay”",Related and informative,2013 Singapore haze,1,Informative
347590805701160960,I can't believe this!!!!!!!  RT STcom: #SGHaze update: PSI is 371 at 1pm,Related and informative,2013 Singapore haze,1,Informative
347590893798309888,Internet Failure #blamethehaze #sghaze #singapore #indonesia,Not related,2013 Singapore haze,0,Not informative
347590986064605185,So our neighbouring company's uncle announced to his employees not to come to work tomorrow #jealous #sghaze,Related - but not informative,2013 Singapore haze,0,Not informative
347592122700005377,RT @LixiannHere: OMG the construction workers still working even though psi is 371 !! Respect!! #sghaze http://t.co/XtfypqWHnr,Related - but not informative,2013 Singapore haze,0,Not informative
347593305506332674,"Guess more people are shopping online be it for grocery, clothes or electronic appliances now that it's hazardous to be outside. #SGHaze",Related - but not informative,2013 Singapore haze,0,Not informative
347594618306707456,Ninja spotted on duty. With the high PSI i cant take it..take care all my friends!! #sghaze #haze #work http://t.co/aOUw1F1If1,Related - but not informative,2013 Singapore haze,0,Not informative
347595050349371394,RT @fashionhippos: Haze update: Indonesian minister hits out at Singapore http://t.co/aNfBxmooIA,Related and informative,2013 Singapore haze,1,Informative
347596107305590784,“@pal_rudebwoy: The Haze in Sumatra !  Retweet and let everyone know there are worst Haze then Singapore ! http://t.co/Vq5yTtY4t4”,Related - but not informative,2013 Singapore haze,0,Not informative
347596623213371392,At least this crazy #sghaze is a good excuse to stay indoors and catch up on your reading. #kindle,Related - but not informative,2013 Singapore haze,0,Not informative
347597126513065984,RT @wxnwxnnn: Going to puasa and Singapore is having haze and denggi now . May Allah save and make us strong to face all the cabaran . Amin…,Related - but not informative,2013 Singapore haze,0,Not informative
347597210386563072,RT @mthasia: ALL THE BIRDS IN SINGAPORE STARTING TO DIE ALREADY!!!! #SGHAZE photo from Mamat Suali http://t.co/8Vhgtr1aHy,Not related,2013 Singapore haze,0,Not informative
347597629833748481,#SGHaze Take the following steps to protect yourself from the #haze in #Singapore. http://t.co/bz7VBuChIu,Related - but not informative,2013 Singapore haze,0,Not informative
347598082831183872,Perhaps its a good time to shop online now ☛ http://t.co/W011Syj4XY ☚ @ Qoo10 Singapore #sgHaze http://t.co/8aRZzmkX9W,Not related,2013 Singapore haze,0,Not informative
347598229627604992,RT @2ticketstoparis: Singapore looks like heaven and smells like hell. Very poetic. #sghaze,Related - but not informative,2013 Singapore haze,0,Not informative
347600163189166080,RT @rachelltan_: “@mthasia: ALL THE BIRDS IN SINGAPORE STARTING TO DIE ALREADY!!!! #SGHAZE photo from Mamat Suali http://t.co/6KhWuUlncA” o…,Related - but not informative,2013 Singapore haze,0,Not informative
347600431620423680,RT @ittipat_Rw: ทูตไทยในสิงคโปร์ แนะ  งดเดินทางไปสิงค์โปรช่วงนี้ หลังควันจากการเผาพื้นที่เกษตร ในอินโด ยังปกคลุมหนาแน่น #sghaze http://t.co…,Not applicable,2013 Singapore haze,0,Not informative
347601366950240256,West coast.. Training. So far #blamethehaze,Related - but not informative,2013 Singapore haze,0,Not informative
347602709156864000,RT @vow_vow: ประกาศเรื่อง สถานการณ์หมอกควันและมลพิษในประเทศสิงคโปร์ จากเว็บไซต์สถานเอกอัครราชทูต ณ สิงคโปร์ http://t.co/AfLH9fUuhB #SGHaze,Not applicable,2013 Singapore haze,0,Not informative
347603011113193473,"RT @ChannelNewsAsia: #SGHaze PSI reading dips slightly to 355 as of 2pm, still in the hazardous range.",Related and informative,2013 Singapore haze,1,Informative
347603636093861888,BUGIS ! #hang #out #with #them #to #bugis #haze #season #no #worried #Singapore http://t.co/QA12G3KS4l,Not applicable,2013 Singapore haze,0,Not informative
347604655288762368,RT @STcom: #SGHaze update: PSI is 355 at 2pm @NEAsg,Related and informative,2013 Singapore haze,1,Informative
347605380915933184,Took painkiller for the headache but now it's the eyes that are hurting. What now? #sghaze,Not related,2013 Singapore haze,0,Not informative
347606433665269760,"RT @TODAYonline: PM Lee, Ministers Ng Eng Hen and Vivian Balakrishnan to speak on #sghaze situation at 3pm, we’ll be tweeting live updates",Related and informative,2013 Singapore haze,1,Informative
347606681141796865,Featuring guest DJ from Indonesia! SMOKE OUT 2013 #sghaze #mustbethehaze #singapore #sg #sgag #sicktel http://t.co/UCXjzkr4wq,Not related,2013 Singapore haze,0,Not informative
347606790210453505,"RT @speishi: Singapore said nothing when there was fresh air, but complained about the occasional haze. Dumbfounded by his stupidity.",Related - but not informative,2013 Singapore haze,0,Not informative
347608837009846274,RT @chaneuimm: Indonesia says #Singapore behaving like a child over #sghaze - what's your response? #SGConnect @ChannelNewsAsia @st_evel_…,Related - but not informative,2013 Singapore haze,0,Not informative
347608912507310081,weather in taiwan is exactly the same as in singapore.. just without the haze.,Related and informative,2013 Singapore haze,1,Informative
347609055122038784,"ASIA Face Masks, Anyone? Singapore Struggles With Haze http://t.co/BzNf24p5Eb CNBC",Related - but not informative,2013 Singapore haze,0,Not informative
347610464420761601,RT @ChannelNewsAsia: SOLD OUT? Viewers telling us face masks sold out in many places. Did you manage to get some? #SGHaze http://t.co/XBvau…,Related and informative,2013 Singapore haze,1,Informative
347611605258878978,RT @EdmundDaniel: LOL!! RT @thejakartaglobe: Indonesia Says Singapore 'Behaving Like a Child Over Haze http://t.co/Fe0eDhq0md,Related - but not informative,2013 Singapore haze,0,Not informative
347611651400417280,RT @LeticiaBongnino: Lobang from ABTM was right! #PSI #SGHAZE #haze #mustbethehaze http://t.co/XU5Xh4o65D,Related - but not informative,2013 Singapore haze,0,Not informative
347615216550440962,Pls don a mask to work... ok if u say so #sghaze #facemasks #IronMan http://t.co/EWRAEiAynp,Related - but not informative,2013 Singapore haze,0,Not informative
347618047726587904,RT @leehsienloong: PM will write to Indon President to register Singapore’s serious concerns and repeat offer to help. #sghaze,Related and informative,2013 Singapore haze,1,Informative
347618597180411904,"RT @STcom: PM Lee announces a Haze Inter-Ministerial Committee, led by Mr Ng Eng Hen, to tackle haze issue #sghaze",Related and informative,2013 Singapore haze,1,Informative
347618622321086464,@leehsienloong @ChannelNewsAsia  singapore do a good job about this haze,Related - but not informative,2013 Singapore haze,0,Not informative
347618752340307968,RT @ChannelNewsAsia: PM @leehsienloong: #SGHaze could easily last for a few weeks or even longer. Singapore needs to adapt to conditions,Related - but not informative,2013 Singapore haze,0,Not informative
347618760745697280,Rang up the town council and complained about this ;( #sghaze http://t.co/hSZjiHLhkG,Not applicable,2013 Singapore haze,0,Not informative
347619171800064000,RT @soshi_bond: Guy wearing gas mask LOL #sghaze RT @DNAsystole: @soshi_bond http://t.co/q0mIP12QtV,Related - but not informative,2013 Singapore haze,0,Not informative
347619188568911872,"Health Ministry to start special scheme for Singaporeans under 18, the elderly with respiratory problems to pay $10 to see their GPs #SgHaze",Related and informative,2013 Singapore haze,1,Informative
347619889021861888,RT @leehsienloong: PM urged Singaporeans to see the doctor or GP promptly if they fall ill. #sghaze,Not related,2013 Singapore haze,0,Not informative
347620052574535680,"RT @mrbrown: Yeah. Pandan leaves, sure, that'll work. #sghaze http://t.co/8ntP4LTEyz",Related and informative,2013 Singapore haze,1,Informative
347620522328195072,RT @nicshields: My song about #sghaze http://t.co/c4JxfBjkLz,Related - but not informative,2013 Singapore haze,0,Not informative
347621214413529089,"RT @leehsienloong: PM: From today, Govt to hold daily press briefing for haze updates and recommend protective measures. #sghaze",Related and informative,2013 Singapore haze,1,Informative
347623470957461505,"RT @hai_ren: If you have a pet bird, bring it inside! #sghaze",Related - but not informative,2013 Singapore haze,0,Not informative
347623911355211776,I can't even see Chai Chee or Bedok area from my house. It's as if a white veil has covered the HDB blocks. This #sghaze is getting worse.,Related and informative,2013 Singapore haze,1,Informative
347624230092931072,:'O @iamizyann: Oh my gosh :((((( RT @DesireeLai: Birds dropping from the sky #sghaze (repost from djandrewt) http://t.co/Gs8nPm5Pmu,Not related,2013 Singapore haze,0,Not informative
347624372707667968,"RT @TeddybearTan: Couldn't find my Indian friend in the haze, got accused of being racist #blamethehaze",Related - but not informative,2013 Singapore haze,0,Not informative
347626725716402176,"RT @STcom: #SgHaze update: Hospitals seeing more patients with breathing problems, asthma http://t.co/O0NNQPESR2",Related and informative,2013 Singapore haze,1,Informative
347627371660197888,RT @ChannelNewsAsia: #SGHaze PSI reading drops to 253 at 4pm.,Related and informative,2013 Singapore haze,1,Informative
347629103890960385,RT @AJEnglish: Haze casts shadow over Singapore-Jakarta ties http://t.co/kugUsoSLVT,Related and informative,2013 Singapore haze,1,Informative
347629527528251392,RT @TODAYonline: PM Lee: Don't think fruitful for me to respond to what Indonesian minister said #sghaze http://t.co/nXDECvUEdl,Related and informative,2013 Singapore haze,1,Informative
347631175868751872,RT @YahooSG: PM Lee assures S'poreans that supply of N95 masks to be increased by Ministry of Health and is on top of the issue #sghaze,Related and informative,2013 Singapore haze,1,Informative
347634594230706176,"[Topix] Singapore haze at worst yet, Malaysia schools shut http://t.co/GEzchF0QOr",Related and informative,2013 Singapore haze,1,Informative
347640868922064896,Spend on masks. Save on makeup. #fb #sghaze http://t.co/nk6AiCxqUx,Related - but not informative,2013 Singapore haze,0,Not informative
347642596966936577,"Today 3 state of Asia on trending now its all about #Haze in Indonesia .The 3 state that treanding today is Malaysia , Singapore , Indonesia",Related and informative,2013 Singapore haze,1,Informative
347644035625779201,RT @501Awani: Indonesia says Singapore 'behaving like a child' over haze http://t.co/dvXsjQFVVg,Related and informative,2013 Singapore haze,1,Informative
347644522165047296,"RT @TODAYonline: 268: PSI reading at 5pm, according to @NEAsg #sghaze http://t.co/Ydn6RLoOAr",Related and informative,2013 Singapore haze,1,Informative
347648187974172673,RT @LeticiaBongnino: Korea has Psy.  USA has Jay-Z.  Singapore has PSI and Hay-Z  #sghaze,Related - but not informative,2013 Singapore haze,0,Not informative
347648708063662080,@LeticiaBongnino: Korea has Psy.  USA has Jay-Z.  Singapore has PSI and Hay-Z  #sghaze,Related - but not informative,2013 Singapore haze,0,Not informative
347657587392651264,RT @STcom: #Sghaze update: PSI rises to 310 at 6pm @NEASg,Related and informative,2013 Singapore haze,1,Informative
347659219006267392,Skin flaring up because of the #sghaze? @dermalogica Barrier Repair should help.,Related - but not informative,2013 Singapore haze,0,Not informative
347660221419769856,@ATIQOT READ! RT @STcom Seven-year-old American on vacation in #Singapore writes to @BarackObama about #Sghaze http://t.co/XpKL5Tzj0e,Related - but not informative,2013 Singapore haze,0,Not informative
347661605535891456,RT @JxstinCostanza: Lobang was right HAHAHA. #abtm #sghaze Credits: Ridwhan http://t.co/lqhKDQszii,Related - but not informative,2013 Singapore haze,0,Not informative
347664851948158976,"OMG a 7years old American girl, named Natalia wrote a letter to Obama about the haze condition in Singapore HAHA",Related - but not informative,2013 Singapore haze,0,Not informative
347667901198778368,RT @RidhwanAzman: Lobang was right. #SGhaze http://t.co/8xl71lCeah,Not related,2013 Singapore haze,0,Not informative
347671361524736001,RT @iSingaporeans: this 7yr old American is actually trying to do something to stop e haze. Unlike some who r paid millions. #sghaze http:/…,Related and informative,2013 Singapore haze,1,Informative
347671457955975168,@WayTooRed the wind is blowing the haze towards singapore -.-,Related - but not informative,2013 Singapore haze,0,Not informative
347675346100961280,Where'd the #sun go? Oh well at least we can rely on a #Banoffeepie  to get us thru a #hazyday http://t.co/ktISAnOMkb,Related - but not informative,2013 Singapore haze,0,Not informative
347676629570580481,Seven-year-old American on vacation in Singapore writes to Obama about haze http://t.co/AYAFTsyGid via @sharethis,Related and informative,2013 Singapore haze,1,Informative
347680240828547072,RT @helloimhannaaaa: A seven year old american who is on a vacation in Singapore wrote to president Obama about the haze awhh http://t.co/z…,Related - but not informative,2013 Singapore haze,0,Not informative
347684707762323456,"@STcom: #SgHaze could continue for a few months because of the dry season, says the Ministry of the Environment and Water Resources MONTHS",Related and informative,2013 Singapore haze,1,Informative
347685320147472384,RT @STcom: Met Service says dry conditions and westerly winds mean PSI reading for #SgHaze tomorrow is likely to be in very unhealthy ran…,Related and informative,2013 Singapore haze,1,Informative
347687299875733505,It's time to wear a freaking mask yo! #sg #mask #haze #psi #sgig #igaddict #sginstagram #instalike… http://t.co/KG4e7ePyzN,Related - but not informative,2013 Singapore haze,0,Not informative
347687870305288192,RT @TODAYonline: The #sghaze briefing has ended. The 3-hour PSI is at 8pm is 231 @NEAsg http://t.co/nXDECvUEdl,Related and informative,2013 Singapore haze,1,Informative
347688172286779393,RT @deenikml: 7 year old American wrote a letter to Obama about the haze in Singapore. http://t.co/DIOhfwFboB,Related - but not informative,2013 Singapore haze,0,Not informative
347691376735043587,RT @westpacwx: Singapore continues to sit under a cloud of smoke and haze today. We got some of the latest information and the... http://t.…,Related and informative,2013 Singapore haze,1,Informative
347692219798523904,"Yes Haze Is Not New In Singapore, It's Been 1997. Hopefully It Will Recover Fast &amp; Soon.  😍 #respect Lu La Mr Lee ☺👍",Related - but not informative,2013 Singapore haze,0,Not informative
347694820241842177,RT @theDesmondTan: #penang you will be missed :) #sghaze here I come to experience your power http://t.co/bKkiyRFEta,Related - but not informative,2013 Singapore haze,0,Not informative
347698091798966273,"RT @SGStudentsSay: Whole day PSI level is either unhealthy, very unhealthy or hazardous. #sghaze",Related - but not informative,2013 Singapore haze,0,Not informative
347701174604021761,Anyway the haze is really terrible. Usually can see Singapore for my level but now the haze has cover it entirely.,Related - but not informative,2013 Singapore haze,0,Not informative
347701896020099072,RT @ishan397: Not enough #Haze in Singapore? No problem! There are people to help! http://t.co/WLT48ids1o,Related - but not informative,2013 Singapore haze,0,Not informative
347702718116282369,"I still have doubt about the PSI, its 197 but I can't see the blocks opposite ...are they lying to us so we won't panic whatsoever?? #sghaze",Related and informative,2013 Singapore haze,1,Informative
347703905121083392,RT @ItsFaziraBiatch: @deenikml: 7 year old American wrote a letter to Obama about the haze in Singapore. http://t.co/gfgZsPd5Nc Haha cute,Related - but not informative,2013 Singapore haze,0,Not informative
347705184379600896,"RT @marywolmard: Part haze lah, banjir lah. Korang doa maha doa. Kalau Singapore nothing happen? Eh, club pe? Beach party pe? http://t.co/V…",Not applicable,2013 Singapore haze,0,Not informative
347712444711464961,An interesting playlist worth listening if u feel bored due to #SGHaze ♫ #sghaze http://t.co/h9qK4ClCKt #NowPlaying,Related - but not informative,2013 Singapore haze,0,Not informative
347716982956781570,Ninjaaaaaaaaa! #sghaze http://t.co/ITGRhMB4h8,Related - but not informative,2013 Singapore haze,0,Not informative
347723152782147584,RT @livinginsg: #WhatHazeDidToSingapore   Haze didn't do anything to Singapore.  It did something to Singaporeans instead.,Related - but not informative,2013 Singapore haze,0,Not informative
347731809808818177,RT @ChannelNewsAsia: #SGHaze: PSI now at 250 as of 11pm in Singapore,Related and informative,2013 Singapore haze,1,Informative
347732967449321472,My last PSI retweet. “@STcom: #Sghaze update: PSI rises to 250 at 11pm @NEAsg”,Related and informative,2013 Singapore haze,1,Informative
347735848940355584,RT @TODAYonline: #sghaze update: the 3-hour PSI at 11pm is 250 @NEAsg http://t.co/Ydn6RLoOAr,Related and informative,2013 Singapore haze,1,Informative
347747903353266176,#sghaze http://t.co/neXnsB0zZY,Not related,2013 Singapore haze,0,Not informative
347751271404552192,"RT @ChannelNewsAsia: #SGHaze: PSI is 210 as of midnight in Singapore, in the Very Unhealthy range, but down from the Hazardous 371 at 1…",Related and informative,2013 Singapore haze,1,Informative
347753024585883648,Singapore's 50 shades of haze.. :P,Related - but not informative,2013 Singapore haze,0,Not informative
347764391183257601,"RT @HerbertRSim: I consider this haze in #Singapore (PSI 290), an act of aggression from #Indonesia. It is literally a bio-chemical toxic w…",Related - but not informative,2013 Singapore haze,0,Not informative
347768635806322689,RT @HerbertRSim: Rebutal from #Indonesian abt the #haze in #Singapore... Comments please http://t.co/mrbDiZ4Cud,Related - but not informative,2013 Singapore haze,0,Not informative
347770149962645505,"RT @HerbertRSim: Looking on the bright side, the haze problem in #Singapore will definitely tackle the cases of dengue in some areas. #Haze…",Related - but not informative,2013 Singapore haze,0,Not informative
347794602734006272,RT @p_boocock: Crazy photos of the haze in Singapore caused by Indonesian forest fires: http://t.co/5lVXnOk9YV,Related and informative,2013 Singapore haze,1,Informative
347807735112409089,"#SGHAZE PSI has gone down to 104,hopefully later in the morning it won't go up anymore.",Related and informative,2013 Singapore haze,1,Informative
347848436642639872,@STcom: RT @NEAsg: 3-hour PSI is 94. Issued 6am. http://t.co/DnuIEizEGj #SGHaze #Haze LIKE HELL!  LOOK OUTSIDE! IT'S SO FREAKING HAZY!!!!!,Related and informative,2013 Singapore haze,1,Informative
347867424248438785,RT @SGnews: [CNA] Tourism in Singapore suffers haze blow http://t.co/KzYdzhycTp,Related - but not informative,2013 Singapore haze,0,Not informative
347868128878919680,RT @TODAYonline: #sghaze 8am update: The three-hour PSI is 158 http://t.co/HaQKIkhN1B,Related and informative,2013 Singapore haze,1,Informative
347874734932885504,RT @tushtopus: #sghaze changi airport http://t.co/Md85v136qK,Related - but not informative,2013 Singapore haze,0,Not informative
347879281545838592,How is this PSI 158? I can smell all kinds of soot !!! #haze #singapore #sghaze http://t.co/gqiU150P6r,Related and informative,2013 Singapore haze,1,Informative
347879629673091072,3 ply surgical masks are truly useless in this haze. Except for holding lavender essential oil. #sghaze,Related - but not informative,2013 Singapore haze,0,Not informative
347886256660815872,Now at 256... Gosh..!! #psi #haze #hazeattack #sghaze #unhealthy #mask http://t.co/9HctiomrLB,Related and informative,2013 Singapore haze,1,Informative
347891696677306368,Singapore mà có trendind list thì chắc Haze phải đứng #1 cả tuần luôn 8-} mấy đứa chọn về VN đợt mày may thế :)),Not applicable,2013 Singapore haze,0,Not informative
347891986109456384,A more colourful way to find out the PSI http://t.co/VpELYmwPql #sghaze,Related - but not informative,2013 Singapore haze,0,Not informative
347897270919905280,and so my leave ends...with a bad haze #sghaze,Related - but not informative,2013 Singapore haze,0,Not informative
347897379955027968,RT @ChannelNewsAsia: #SGHaze PSI reading at 10am is 367.,Related and informative,2013 Singapore haze,1,Informative
347902425715314688,"“@lionsXll_fan: I'm telling again, it's only 10am PSI is already 367. It will breach 400 today. #sghaze #singapore”",Related and informative,2013 Singapore haze,1,Informative
347903021302284288,RT @earthhour: Incredible NASA aerial images of the haze from Sumatra's wildfires http://t.co/deOBMNe5lh #SGHaze,Related and informative,2013 Singapore haze,1,Informative
347903151329918977,my contribution to the #sghaze pictures of #Singapore... view from my office building in Alexandra.… http://t.co/72N7UmslnG,Related and informative,2013 Singapore haze,1,Informative
347904120222535680,I know that #Singapore is the only country measuring PSI 3HR avg. Can @NEAsg measure 1HR avg. until this #haze issue clear? #sghaze #sg,Related and informative,2013 Singapore haze,1,Informative
347905114276765697,RT @chuaenlai: Yay! Now I can use #Instagram to take a video of nothing but the haze! #sghaze,Related - but not informative,2013 Singapore haze,0,Not informative
347905965703708672,RT @iamthekang: this is not a good week to work. #sghaze http://t.co/VlOmq43cCT,Related - but not informative,2013 Singapore haze,0,Not informative
347911019827445761,RT @mrbrown: Blow wind blow! Blow where? Blow to Agung Laksono!   -My (mature) friend on Facebook. #sghaze,Not related,2013 Singapore haze,0,Not informative
347911191810686976,@MarcusBale Yeah and we would have to wear a mask forever. #Sghaze,Related - but not informative,2013 Singapore haze,0,Not informative
347912886309498880,RT @ChannelNewsAsia: BREAKING: #SGHaze PSI reading hits record high – 400 as of 11am,Related and informative,2013 Singapore haze,1,Informative
347914446607360001,About Singapore and the haze: Upset the established order and everything becomes chaos. - The Joker (The Dark Knight),Related - but not informative,2013 Singapore haze,0,Not informative
347915587437072384,Haze in Singapore is reaching record levels--just passed 400 PSI count. Out our window--skyline is completely gone: http://t.co/nHkCG5M9YN,Related and informative,2013 Singapore haze,1,Informative
347916833153761280,"RT @TODAYonline: 400: Three-hour PSI hits new record at 11am, according to @NEAsg #sghaze http://t.co/HaQKIkhN1B",Related and informative,2013 Singapore haze,1,Informative
347918070477619200,"alhamdulillah. eh? still no news from MCYS about closure? AMAZING. RT “@YahooSG: Oh, PSI hitting 400 is a new all-time high. #sghaze”",Related and informative,2013 Singapore haze,1,Informative
347919068717801472,@namelessyun Haha! You should XD I saw someone tweeting about the haze may continue to be in Singapore until October. That's even more crazy,Related - but not informative,2013 Singapore haze,0,Not informative
347919798501523457,@Crazy_Bunnyz Here's another option! Order online at http://t.co/cGFiwERMh4  #foodpanda 10% discount by stating #PANDAHAZE #sghaze :),Not related,2013 Singapore haze,0,Not informative
347920117281210368,RT @Tzire: For people outside Singapore who think we're just whining about the haze.. Here's how bad it has… http://t.co/4Nk8HdSmuJ,Related and informative,2013 Singapore haze,1,Informative
347921081983721472,#SGHaze so Dr what now @VivianBala? PSI at 400. http://t.co/nUrEvTcFqq,Related and informative,2013 Singapore haze,1,Informative
347921698533810176,RT @captsingh: RT @earthhour PSI has just hit 400 in Singapore. Please take care anyone in the region affected by the haze http://t.co/q709…,Related and informative,2013 Singapore haze,1,Informative
347922390593961984,RT @vinitha: My work has asked us to work from home and not come in to work. All field work has been suspended for the past 3 days #sghaze,Related - but not informative,2013 Singapore haze,0,Not informative
347923464360951808,RT @nuttaputch: สภาพอากาศที่สิงค์โปร์ตอนนี้จากคนไทยที่อยู่สิงค์โปร์...สภาพแย่มากๆ เลยทีเดียว #SGHaze http://t.co/3BMhev1pTO,Not applicable,2013 Singapore haze,0,Not informative
347924181582757889,RT @bl_ueskyes: Garment should susidise our electricity bills too.. Stay indoors with air con is need $$ one xD #sghaze @livinginsg,Not related,2013 Singapore haze,0,Not informative
347924504531566592,"RT @soshi_bond: The view from my area now, with haze at 400 PSI (3-hour average). #nofilter #sghaze http://t.co/LtmxGm7A1X",Related and informative,2013 Singapore haze,1,Informative
347924559057534976,"RT @STcom: Take a selfie of yourself wearing a mask or anything else, to deal with the #sghaze or #haze, where you are. Tag @stcom as you s…",Related - but not informative,2013 Singapore haze,0,Not informative
347928463958749187,"RT @ChannelNewsAsia: #SGHaze PSI reading rises to 401 as of 12pm, well in the hazardous range.",Related and informative,2013 Singapore haze,1,Informative
347928669483839489,RT @muttons: Congrats @MiamiHeat! Perhaps we can be inspired to create our own basketball team - Singapore Haze.,Not related,2013 Singapore haze,0,Not informative
347928812073394177,RT @RicoHizon: #PrayforSingapore as #SGHaze Pollution index hits new dangerous and very unhealthy level of 400! #SingaporeHaze,Related and informative,2013 Singapore haze,1,Informative
347929109873172483,RT @JayMahFuckinPee: Singapore: Haze Y U come Singapore?!  Haze: Cuz Ur government want Foreign Talent. LOL  RT if u creid everytime,Related - but not informative,2013 Singapore haze,0,Not informative
347929160217411584,RT @_hrz: Naik 1 pun jadi hahaha RT @STcom: #Sghaze update: PSI rises to 401 at 12pm @NEAsg,Related and informative,2013 Singapore haze,1,Informative
347929567069085697,500+ now in fact? RT @STcom: #Sghaze update: PSI rises to 401 at 12pm @NEAsg,Related and informative,2013 Singapore haze,1,Informative
347929894195445760,This cat died. #Le #Sigh #sghaze http://t.co/UBYhYNBFXK,Related - but not informative,2013 Singapore haze,0,Not informative
347930884067950592,RT @Rainbows_1226: This is Singapore right now --&gt; RT iAhmaad_: Look at how bad the air is getting these few days. #SGHaze http://t.co/xgJ2…,Related - but not informative,2013 Singapore haze,0,Not informative
347931773243621378,RT @livinginsg: Haze now macam foreigner from Indonesia come in to Singapore...  See? We still don't like foreign stuff.,Related - but not informative,2013 Singapore haze,0,Not informative
347932167516590080,RT @JayMahFuckinPee: Singapore: Haze Y U come Singapore?!  Haze: Cuz Ur government want Foreign Talent.,Related - but not informative,2013 Singapore haze,0,Not informative
347933807514619904,"RT @DailyCclown: To all Indonesia, Malaysia &amp; Singapore CROWNs if you're affected the haze, pls take care of your body. Drink up &amp; Stay ind…",Related - but not informative,2013 Singapore haze,0,Not informative
347935086777348097,RT @FluffyIfaafy: Singapore so rich already. Can't they give workers a few off days from work. The haze is so bad.,Related - but not informative,2013 Singapore haze,0,Not informative
347935917241143298,“@RaymundMiranda: See how the SG haze looks from space c/o NASA Smoke Engulfs Singapore [annotated] http://t.co/dqx0iqpetr” #sghaze,Related and informative,2013 Singapore haze,1,Informative
347938148594094080,RT @SoSingaporean: Now the my friend's dunno what friend's friend who works in NEA is everybody's friend now. #sosingaporean #sghaze,Related - but not informative,2013 Singapore haze,0,Not informative
347940816188211200,New post: Singapore shrouded in haze from Sumatran forest fires http://t.co/KLZLVJQdQY,Related and informative,2013 Singapore haze,1,Informative
347941806018805760,"RT @keankj: If the #PSI reaches 404, then it's going to be 404: Error. Singapore not found #SGhaze #fb",Related and informative,2013 Singapore haze,1,Informative
347941902504570881,RT @yourskeithly: Omfg. #sghaze http://t.co/JbMUWhoqf6,Related - but not informative,2013 Singapore haze,0,Not informative
347942112223961089,"RT @SchoolprobIems: Singapore is small, and barely visible on the world map. Now got haze, Singapore not in the world map liao. #mustbetheh…",Related - but not informative,2013 Singapore haze,0,Not informative
347942619747348480,#Sghaze #haze #sgfog seriously what is this man!! http://t.co/B8BiNJ7Jaf,Related - but not informative,2013 Singapore haze,0,Not informative
347942724604919809,"RT @SoSingaporean: If PSI rises to 404, means error 404 Singapore Not Found, too hazy. #sghaze#sosingaporean http://t.co/EUO0rvrBo5",Related and informative,2013 Singapore haze,1,Informative
347943630566203392,"RT @suhailaaahhh: @vannyluvdae: #Sghaze this hahaha, omg so terrible. http://t.co/MZNLptySwp",Related and informative,2013 Singapore haze,1,Informative
347944200970575872,"RT @ChannelNewsAsia: #SGHaze PSI reading drops to 360 at 1pm, still in the hazardous range.",Related and informative,2013 Singapore haze,1,Informative
347944280666566657,New high as haze chokes Singapore http://t.co/pWJHL7QSeD #BBCWorld,Related and informative,2013 Singapore haze,1,Informative
347947422217027585,"#sghaze 1 paper towel, 2 paper clips, 2 rubber bands and 2 staples http://t.co/vlZZQv9fQU",Related - but not informative,2013 Singapore haze,0,Not informative
347949729054855168,RT @xnnxsue: #sghaze #repost Pls take note. http://t.co/EZcugP4XGc,Not applicable,2013 Singapore haze,0,Not informative
347953835295248384,"RT @StRegisSG: What's your plan for #summer? When #SGHaze is all gone, why not lounge with us at our tropical spa pool? #FriFotos http://t.…",Not related,2013 Singapore haze,0,Not informative
347955345248890880,RT @Tzire: For people outside Singapore who think we're just whining about the haze.. Here's how bad it has… http://t.co/KQDKwE4mYw,Related and informative,2013 Singapore haze,1,Informative
347956771329032192,RT @iAmRyanah: This is Singapore right now .. #SGHaze http://t.co/A9PA1UmBZv,Related and informative,2013 Singapore haze,1,Informative
347957975060717569,"RT @TODAYonline: 245: @NEAsg's three-hour PSI at 2pm, down from 360 at 1pm and record 401 at 12pm #sghaze http://t.co/HaQKIkhN1B",Related and informative,2013 Singapore haze,1,Informative
347962165178798080,"RT @ND_nanodesu: Singapore couples not producing enough babies? Let's create haze, let the couples stay at home. I'm sure they'll do... som…",Related - but not informative,2013 Singapore haze,0,Not informative
347962446213955585,"And so I'll still head to work today, to spread a little love. #sghaze",Related - but not informative,2013 Singapore haze,0,Not informative
347964941816434689,"Singapore haze worsens, Indonesia plans air tactic - Air pollution in Singapore has soared to record heights for a... http://t.co/tUnoPpO5hx",Related and informative,2013 Singapore haze,1,Informative
347966510469365760,It takes the whole country to solve the #haze problem in Singapore. Everyone should switch on the fan and blow it back to Indo.,Related - but not informative,2013 Singapore haze,0,Not informative
347966657299365888,"Take care, friends in Singapore. View of #SGHaze from space, via @NASA_EO http://t.co/EhCHCDGXHZ",Related - but not informative,2013 Singapore haze,0,Not informative
347966988628410368,The haze is like a giant smoke bomb. Singapore can't be seen anymore.,Related - but not informative,2013 Singapore haze,0,Not informative
347967806542852097,RT @groovygiraffeSG: PSI 245 @14:30. Avoid prolonged outdoors activities!  #psi #singapore #haze http://t.co/QlH2RWQi3K,Related and informative,2013 Singapore haze,1,Informative
347968603422863360,Indonesia's true motive : to kill the animals in Singapore and it's all going according to plan #blamethehaze,Not related,2013 Singapore haze,0,Not informative
347970927067279360,RT @fabian24071995: “@STcom: #Sghaze update: Only a heavy downpour can help #Singapore now: #Indonesia http://t.co/QH756lzVGY” isn't it lik…,Related - but not informative,2013 Singapore haze,0,Not informative
347974026691481600,RT @ChannelNewsAsia: #SGHaze LATEST: MOE informs schools in #Singapore to cancel all school activities for the rest of the June school vaca…,Related and informative,2013 Singapore haze,1,Informative
347974106374873089,RT @STcom: #SGHaze update: 3-hour PSI drops to 168 at 3pm @NEAsg,Related and informative,2013 Singapore haze,1,Informative
347976719401099264,"Due to the #sghaze, we are closing @Grey_Projects early today and we'll remain closed this weekend. Stay indoors and healthy, everyone.",Related - but not informative,2013 Singapore haze,0,Not informative
347979273744830464,"Thank God!!! #SGHaze Update: PSI down to 168 at 3pm, from very unhealthy to unhealthy range",Related and informative,2013 Singapore haze,1,Informative
347981370913611776,V E I L E D .  Since Tuesday.. And N95 are selling out fast. #sghaze http://t.co/XcCn6i1Ki0,Related - but not informative,2013 Singapore haze,0,Not informative
347981618352357378,"RT @STForeignDesk: #Haze watch: Nasa captures stunning image of fumes billowing from Sumatra to Singapore on June 19, Wednesday http://t.co…",Related and informative,2013 Singapore haze,1,Informative
347986643153715200,"RT @ChannelNewsAsia: Video showing acts of kindness in #SGHaze, touching a lot of hearts - http://t.co/Li61UscMEe",Related - but not informative,2013 Singapore haze,0,Not informative
347991332393984000,"RT @SuzuNKitty: well done, Mr. ESM Goh! “The Singapore Child is being suffocated. How can he not scream? #sghaze",Related - but not informative,2013 Singapore haze,0,Not informative
347992661950595073,"RT @mrbrown: 你怕Haze吗？...Haze,有什么好怕! #sghaze http://t.co/dntBUBPQKa",Related - but not informative,2013 Singapore haze,0,Not informative
347992863277211648,what if by school reopen the haze still there? will everyone go to school with masks on? 😷 #sghaze,Related - but not informative,2013 Singapore haze,0,Not informative
347993924440297472,"The reason my flight in Tokyo issue. #smallworld “@SingaporeAir: Update on haze situation in Singapore, please visit http://t.co/ypzEVqcCCo",Related and informative,2013 Singapore haze,1,Informative
347995723817709568,Cool @eskimon: What Singaporeans saying about #sghaze: This handy infographic analyses the chatter: http://t.co/ixVq0kc5Mq @stcom @mrbrown,Related - but not informative,2013 Singapore haze,0,Not informative
347997913240174592,RT @mrbrown: Friend: I treat you Haagen Dazs!  Me: Yay!  Friend: Open your mouth! Here! Haze 跟 Dust!  #sghaze,Related - but not informative,2013 Singapore haze,0,Not informative
348001209946345472,RT @Smithankyou: The story of how I finally got a N95. #SGHaze #Singapore #BADSGHazePuns http://t.co/rggMwsbCMx,Related - but not informative,2013 Singapore haze,0,Not informative
348004783510138881,RT @ChannelNewsAsia: #SGHaze PSI reading at 5pm down a notch to 143. Here's pic of the haze over Marina Bay Sands by Danny Tan. http://t.co…,Related and informative,2013 Singapore haze,1,Informative
348005882421977088,You can work from home for the next 2 days. #SGHaze,Related - but not informative,2013 Singapore haze,0,Not informative
348008109572231168,RT @iSingaporeans: Six steps to wearing the N95 mask - that is if you even have one.. #sghaze http://t.co/32CC8L6jvT,Related and informative,2013 Singapore haze,1,Informative
348011309851373568,People are complaining soo much about the haze but the chinese are still burning in singapore . Seriously?,Related - but not informative,2013 Singapore haze,0,Not informative
348012660425621504,This - BBC News - New pollution high as haze chokes Singapore http://t.co/x8W8lGzlAr,Related and informative,2013 Singapore haze,1,Informative
348018167546789888,RT @LeticiaBongnino: Want free Haagen Dazs? Open your mouth. Haze 跟 Dust! #sghaze,Related - but not informative,2013 Singapore haze,0,Not informative
348024719032860672,"RT @MOEsg: For the well-being of our staff &amp; students, ALL school activities are cancelled for the rest of the June vacation. #edsg #sghaze",Related and informative,2013 Singapore haze,1,Informative
348025704677523456,Is that really blue I'm seeing??! #sghaze #sgweather #singapore #haze #sumatrafires http://t.co/XI1MP8Ghv7,Related and informative,2013 Singapore haze,1,Informative
348029005628325889,RT @thenewpaper: 3-hr PSI reading is 139 at 6pm. #sghaze,Related and informative,2013 Singapore haze,1,Informative
348030716883369984,"RT @ChannelNewsAsia: Singapore Armed Forces to help transport 1 million masks to 200,000 poorer households - will reach by Sunday #SGHaze",Related and informative,2013 Singapore haze,1,Informative
348033086660952064,RT @TODAYonline: CASE urges sellers not to “take advantage of the plight of consumers” by raising prices of face masks #sghaze http://t.co/…,Related and informative,2013 Singapore haze,1,Informative
348036274344574976,"RT @STcom: #SgHaze About 1 million N95 face masks will be given out free by the Government to 200,000 low-income and vulnerable households",Related and informative,2013 Singapore haze,1,Informative
348037507448967169,RT @STcom: Daily haze briefing: Q: People are spreading rumours about cloud seeding and acid rain. #SGHaze,Related and informative,2013 Singapore haze,1,Informative
348046302925443072,"Sometimes whatsapp group similiar to the haze in singapore ... So kecoh over one thing -,-",Related - but not informative,2013 Singapore haze,0,Not informative
348047573791158272,RT @werexolf: When it comes to Allah no one can stop us RT @ChannelNewsAsia: Singapore Muslims advised to skip mosques due to haze http://t…,Related and informative,2013 Singapore haze,1,Informative
348047850602643458,RT @LazyWoodStock: @SoSingaporean Error 404 indeed :D #sghaze http://t.co/seAgTY4TSj,Related - but not informative,2013 Singapore haze,0,Not informative
348049108898021377,One positive of the #sghaze - the Marina Bay light show looks so much better.,Related and informative,2013 Singapore haze,1,Informative
348049125704613888,RT @STcom: #SgHaze: Nasa captures stunning image of fumes billowing from #Sumatra to #Singapore http://t.co/CljqR8EbeE,Related and informative,2013 Singapore haze,1,Informative
348050853757849600,RT @STcom: Indonesia blames eight firms for fires affecting region. Names two Singapore firms #SGHaze http://t.co/xJERGbcUYl,Related and informative,2013 Singapore haze,1,Informative
348056667042226176,RT @Soshifiers: Be safe back to the hotel girls. I doubt you girls can see the beautiful view of Singapore with haze.,Related - but not informative,2013 Singapore haze,0,Not informative
348060852945047552,BBC News - In pictures: Singapore haze http://t.co/EUDU1TcNU8,Related - but not informative,2013 Singapore haze,0,Not informative
348064153900036098,RT @STcom: #SGHaze update: 3-hour PSI at 142 at 9pm @NEAsg,Related and informative,2013 Singapore haze,1,Informative
348065265357045760,RT @Ken_Teh: Hearing that cloud seeding efforts in #Indonesia have been delayed might start tomorrow instead #haze #sghaze,Related and informative,2013 Singapore haze,1,Informative
348069245776707585,Haze update in Singapore: Three-hour PSI reading at 142 at 9pm within the unhealthy range.,Related and informative,2013 Singapore haze,1,Informative
348078800376045568,"RT @ChannelNewsAsia: #SGHaze Latest 3-hr PSI is 153, up from 142.",Related and informative,2013 Singapore haze,1,Informative
348079341441269761,RT @thenewpaper: 3-hour PSI reading as at 10pm is 153. #sghaze,Related and informative,2013 Singapore haze,1,Informative
348094860378644481,"RT @JunkieJune: ............ RT @STForeignDesk: Indonesia will not apologise to Singapore for haze: foreign minister, http://t.co/sCtdCWvwk6",Related and informative,2013 Singapore haze,1,Informative
348095921529176064,"RT @jiyongahhh: what the fuck? :) “@STForeignDesk: Indonesia will not apologise to Singapore for haze: foreign minister, http://t.co/4Chp7Y…",Related and informative,2013 Singapore haze,1,Informative
348098056434094082,"RT @Smljsia: Do you know who doesn‘t have a mask?  Bru doesn‘t, why?  Because... Bru no mask.  Bruno Mask.. Bruno Mars.  #sghaze",Not related,2013 Singapore haze,0,Not informative
348109729173745665,RT @STcom: #SGHaze update: 3-hour PSI up to 180 at 12am @NEAsg,Related and informative,2013 Singapore haze,1,Informative
348115852861775874,RT @MrVop: Singapore in haze over record smog http://t.co/UkolOYjuRF [CNN],Related and informative,2013 Singapore haze,1,Informative
348134945333579777,RT @STcom: Indonesia will not apologise to Singapore for haze: Foreign minister #SGHaze http://t.co/D23ewZ8Ui2,Related and informative,2013 Singapore haze,1,Informative
348147117207982080,RT @joannieoo: #sghaze #selfmademask http://t.co/acDB3shKFm,Related - but not informative,2013 Singapore haze,0,Not informative
348155077996986368,VIDEO: Why is Singapore lost in a haze? http://t.co/YBtx4iex8B,Related - but not informative,2013 Singapore haze,0,Not informative
348162418020581376,RT @palmerdebra: June 21 - Hazy Singapore :-( #sghaze #haze #unhealthy #psi #asthma #mask http://t.co/5jYFGN3OxN,Related and informative,2013 Singapore haze,1,Informative
348178259902595074,RT @JeremyAdamTan: BEST. ARTICLE. EVER.  http://t.co/XF0eXGQhNb #SGHAZE,Related - but not informative,2013 Singapore haze,0,Not informative
348188062028808193,@impzzzz hey .. your air quality and haze has been on our news 2nite. It seems Singapore smog has hit an high!! :( x,Related - but not informative,2013 Singapore haze,0,Not informative
348201617981571073,This is how the haze that's disrupting shipping looked last week from the Marina Bay Sands roof in Singapore http://t.co/00wkUrOazp,Related - but not informative,2013 Singapore haze,0,Not informative
348214507107143681,tell me if this isn't like PSI 500. what a nice morning #sghaze #nofilter #seriously #wtfisthis… http://t.co/FahmmIkyho,Related and informative,2013 Singapore haze,1,Informative
348241245769981952,"I'm rocking my N95 mask on the way to work. I can still smell the smoke though, and I'm on the underground. #sghaze",Related - but not informative,2013 Singapore haze,0,Not informative
348244462822105091,"RT @TODAYonline: 3-hour PSI reading now climbing back close to hazardous levels, reaching 292 as of 8am #sghaze http://t.co/EYxY5R4puD",Related and informative,2013 Singapore haze,1,Informative
348245440090742784,Towards Orchard Ion Singapore haze. 9am @ River Valley http://t.co/q6tSpCTe6p,Related - but not informative,2013 Singapore haze,0,Not informative
348248128647999488,RT @SlippeRIN: @YahooSG: Three-hour PSI reading at 323 at 9am within the hazardous range. #sghaze #haze #singapore,Related and informative,2013 Singapore haze,1,Informative
348249659560558592,Found a way to stop smoke fr entering after shutting all windows at home: Seal bottom of doors to outside with towels. #sghaze,Related and informative,2013 Singapore haze,1,Informative
348250137711230976,RT @BBC_Travel: Indonesia's smog and haze is getting Singapore more and more choked up http://t.co/1aPWj5Y9cE #bbcinbrief,Related and informative,2013 Singapore haze,1,Informative
348259696525836288,RT @STcom: #SgHaze update: 9am PSI back in 'hazardous' range with 323 reading http://t.co/EdYIdt3aSr,Related and informative,2013 Singapore haze,1,Informative
348260355052539904,RT @ChannelNewsAsia: #SGHaze - 3-hr PSI is 326 as of 10am. Ricky sent us this pic saying this is how we work at Changi Airport http://t.c…,Related and informative,2013 Singapore haze,1,Informative
348268244513214464,"Yung totoo?! Sinong ooperahan?! Haha. #SGHaze (with jayps, ⒹⒶⓄⓂⒾⓃⒼⓏⒶ, and 16 others) [pic] — https://t.co/xofLVQdIm0",Not applicable,2013 Singapore haze,0,Not informative
348272161997324288,RT @RovinNation: The haze is making Singapore a more stressful place to live in.,Related - but not informative,2013 Singapore haze,0,Not informative
348275785867595776,"RT @ChannelNewsAsia: #SGHaze 3-hr PSI is 322 as of 11am. View from One George Street, Singapore by Victor Joseph http://t.co/DKFU4SBNEQ",Related and informative,2013 Singapore haze,1,Informative
348276062687465472,"RT @Ken_Teh: #Indonesia blames 8 companies, including #Singapore's Sinar Mas &amp; AsiaPac Resources Int'l, for #haze fires, not naming others …",Related and informative,2013 Singapore haze,1,Informative
348276410810527744,@zzaheenn: Indonesia says Singapore acting 'like a child' over haze? wait. who spread the haze over Malaysia and Singapore? aha,Related and informative,2013 Singapore haze,1,Informative
348278034043895808,RT @mrbrown: Singaporeans have learned to use their Personal Smell Indicator and Personal Sight Indicator instead NEA's PSI numbers. #sghaze,Related - but not informative,2013 Singapore haze,0,Not informative
348282505171980288,"#sghaze Back to the PSI 300 range, please wear a mask as you go out.   9AM - 323 10AM - 326 11AM - 322  Stay safe guys",Related and informative,2013 Singapore haze,1,Informative
348283323057053697,RT @QueMazlan: Please #RT : C'mon guys! #sghaze #mustbethehaze #blamethehaze #Singapore http://t.co/wqgVCHq3ak,Related and informative,2013 Singapore haze,1,Informative
348283738280574977,Dentist lang ang pig.hahha. #sghaze #PSI 326 http://t.co/kSJG53qQMl,Related and informative,2013 Singapore haze,1,Informative
348285642490392578,RT @STcom: #SGHaze update: 3-hour PSI up to 292 at 8am @NEAsg,Related and informative,2013 Singapore haze,1,Informative
348286804320985089,@slimweixin: This couple seriously YOLO. LOL #sghaze http://t.co/EG0nPzjBw2,Related - but not informative,2013 Singapore haze,0,Not informative
348294333096660993,"RT @tzevoon: SEA's hotpots for the past 24 hours, from NASA earth data. #sghaze @SingaporeHaze_  @SabahInfo @KKCity http://t.co/xaZ1hx7SYp",Related and informative,2013 Singapore haze,1,Informative
348295096468377600,RT @STcom: #SgHaze update: More N95 masks will be in stock at NTUC Unity Healthcare as PSI dips to 319 http://t.co/WKHWYQtpZh,Related and informative,2013 Singapore haze,1,Informative
348299991204380672,RT @chloecnbc: #Haze update in #Singapore: Three-hour PSI reading at 322 at 11am within the hazardous range. Still not improving much... …,Related and informative,2013 Singapore haze,1,Informative
348300301570281473,RT @STcom: #SgHaze update: More N95 masks will be in stock at NTUC Unity Healthcare as PSI dips to 319 http://t.co/G3jUOkGx1Q,Related and informative,2013 Singapore haze,1,Informative
348301811553271808,"RT @2NE1SG: Hello everyone! Our girls have safely arrived in Singapore! But because of the #sghaze , we hope that they will stay healthy.",Related - but not informative,2013 Singapore haze,0,Not informative
348303283724627968,"RT @SGAG_SG: Huh, the trains still can go any slower meh? @STcom: SMRT to reduce train speed due to low visibility caused by #SgHaze",Related and informative,2013 Singapore haze,1,Informative
348303891894505473,ISN'T IT ALRDY DAMN SLOW. STILL SLOW DWN RT@STcom: SMRT to reduce train speed due to low visibility caused by #SgHaze http://t.co/Qte4phnCcX,Related - but not informative,2013 Singapore haze,0,Not informative
348310615380598784,RT @mrbrown: PSI 326 at 11am: Singaporeans by now are Whatever. #sghaze,Related and informative,2013 Singapore haze,1,Informative
348312167252111360,View just got a little better! Looks like #sghaze is on hiatus. http://t.co/NYUkkMh5b3,Related - but not informative,2013 Singapore haze,0,Not informative
348314373493780482,Haze looks to have disappeared. Opens window after 10 years. Take in deep breathe. Nearly dies choking.. #sghaze,Related - but not informative,2013 Singapore haze,0,Not informative
348317103956295682,RT @ChannelNewsAsia: Some of our viewers in Singapore are reporting blue skies after days of #SGHaze - is it clearing up where you are? htt…,Related and informative,2013 Singapore haze,1,Informative
348330374750932992,RT @_SGkid: @ChannelNewsAsia: NTUC Unity Healthcare in S'pore says it's selling 800.000 N95 masks today at 10% off #SGHaze  Just give for…,Related and informative,2013 Singapore haze,1,Informative
348330731270967296,Oh wow I can finally see Bukit Timah Hill. https://t.co/qGU5b3VYYk #sghaze,Related - but not informative,2013 Singapore haze,0,Not informative
348332417385369600,oh my god the haze has had an effect on currency of malaysia and singapore!!,Related and informative,2013 Singapore haze,1,Informative
348333474341597185,RT @MatSegNY: @ChannelNewsAsia  @STcom   #BlueSkies #SGHaze   Looks like Singapore is haze free! Can those masks! http://t.co/R3Ye665l9x,Related and informative,2013 Singapore haze,1,Informative
348334069911797760,RT @HoJianQing: @syedhusen: Sunshine at East Coast near VJC  @ChannelNewsAsia: reporting blue skies after days of #SGHaze  http://t.co/Nh0…,Related and informative,2013 Singapore haze,1,Informative
348337286942965760,Finally the haze eases up. Stepped out on my balcony mask-less for the first time in days. Hope this lasts! #sghaze,Related and informative,2013 Singapore haze,1,Informative
348338503312089088,RT @STcom: #SGHaze update: 3-hour PSI is 122 at 3pm @NEAsg,Related and informative,2013 Singapore haze,1,Informative
348339958714597377,"RT @ChannelNewsAsia: 3-hr PSI as of 3pm is 122, down from 178, but still unhealthy (pic: Suhaimy Abdul Malek) #SGHaze #BlueSkies http://t…",Related and informative,2013 Singapore haze,1,Informative
348340533346844672,"By faith I prophesy, all #sghaze WILL be gone tomorrow! The spirit of cancer has no power in my nation!",Related - but not informative,2013 Singapore haze,0,Not informative
348342794064125952,The sky is visibly clearer. Air quality improving hour-by-hour since early afternoon. The acrid smell of ash has lifted a little. #sghaze,Related and informative,2013 Singapore haze,1,Informative
348352617132457984,RT @STcom: #SGHaze update: 3-hour PSI is 85 at 4pm @NEAsg,Related and informative,2013 Singapore haze,1,Informative
348353506329116673,RT @alienwhdgus1004: The haze was having a tour in Singapore and Malaysia. Now those haze are back to indo. Hahahah,Related - but not informative,2013 Singapore haze,0,Not informative
348355452486156288,RT @ChannelNewsAsia: 3-hr PSI as of 4pm in Singapore is 85 - officially out of the 'unhealthy' range (photo: Normizan Raffie) #SGHaze http:…,Related and informative,2013 Singapore haze,1,Informative
348356241019510784,"Thank you all who booked an air ticket to another country to siam the #sghaze, for the blue skies. Now, drivers! Wash your cars!",Related - but not informative,2013 Singapore haze,0,Not informative
348358489153867776,"RT @STcom: #SGHaze update: 4pm PSI reading fell to 85, the lowest since Tuesday morning http://t.co/NNOaFKsERi http://t.co/fEicGEBCGt",Related and informative,2013 Singapore haze,1,Informative
348365879542697985,@TODAYonline: #sghaze update: The @NEAsg's 3-hour PSI reading at 5pm is 73 http://t.co/r8s54LPQYI lol yaaay,Related and informative,2013 Singapore haze,1,Informative
348365917283045378,"Wind direction changed. Don come back, wan to come back come back next month. #sghaze",Related - but not informative,2013 Singapore haze,0,Not informative
348366814868283393,RT @ChannelNewsAsia: 3-hr PSI dips further to 73 as of 5pm in Singapore. Lowest reading since Tuesday #SGHaze,Related and informative,2013 Singapore haze,1,Informative
348374431728541696,Should have a number where bosses and Companies can buy mask for their staffs and family #sghaze,Related - but not informative,2013 Singapore haze,0,Not informative
348375161516462080,"RT @STcom: #SGHaze update: 5pm PSI reading falls to 73, the lowest reading since last Sunday http://t.co/6CMmq3BM3Y",Related and informative,2013 Singapore haze,1,Informative
348379603309568001,RT @ChannelNewsAsia: BREAKING: Hazy conditions likely to return tomorrow in Singapore. @NEAsg forecast here #SGHaze http://t.co/xVyeSdqtoG,Related and informative,2013 Singapore haze,1,Informative
348381230674354176,RT @Fake_PMLee: #SGHaze affects health. I did not realised it hits one's eyesight so quickly. http://t.co/qtv5D7STtS,Related - but not informative,2013 Singapore haze,0,Not informative
348381692064575488,RT @STcom: #SGHaze update: 3-hour PSI is 73 at 6pm @NEAsg,Related and informative,2013 Singapore haze,1,Informative
348383357194874880,"RT @ChannelNewsAsia: 3-hr PSI remains at 73 as of 6pm in Singapore, #SGHaze likely to return tomorrow",Related and informative,2013 Singapore haze,1,Informative
348396653121765376,RT @STcom: #SGHaze update: 3-hour PSI is 77 at 7pm @NEAsg,Related and informative,2013 Singapore haze,1,Informative
348398150492499970,LOL the haze went away today cause SNSD and 2NE1 is in Singapore right 😏😏😏😏😏,Related - but not informative,2013 Singapore haze,0,Not informative
348400537043091456,RT @ChannelNewsAsia: 3-hr PSI is 77 as of 7pm in Singapore. Up a smidge from 73 at 6pm #SGHaze,Related and informative,2013 Singapore haze,1,Informative
348401870840147969,"RT @ChannelNewsAsia: With #SGHaze cleared for today, LionsXII vs Johor Darul Takzim #MSL match to kick off as scheduled at 7:45pm, Jalan Be…",Related - but not informative,2013 Singapore haze,0,Not informative
348427087016755200,@sexybeautycrime ehhh siala aku bobual baik baik kena marah siol?! Kau ok tk? Asl? Nyonya tu marah2 kau pe? Ckp ngn nyonya tu #mustbehaze,Not applicable,2013 Singapore haze,0,Not informative
348429192544780289,RT @SGKWave: Baekho thinks it's a pity that they are unable to see the beautiful and clean land of Singapore :( #NUESTinSG #sghaze,Not related,2013 Singapore haze,0,Not informative
348445428678799360,RT @FadhilJO: @priddyx: Annoying fadhil &amp; zak is really being so annoying. Hahaha. All because of haze! Hahahamust be the haze #sghaze,Related - but not informative,2013 Singapore haze,0,Not informative
348459504800772097,RT @xinmsn_ch: [最新] 新加坡晚上11点的空气污染指数为91点，保持在适中水平。#sghaze,Not applicable,2013 Singapore haze,0,Not informative
348466379248267264,@wallflour 妳看本地新聞台的推 3-hr PSI is 91 as of 11pm in Singapore. Did you make the most of the break in the #SGHaze? 是要傳達怎樣的訊息？幹。,Related and informative,2013 Singapore haze,1,Informative
348471731180142592,"RT @chuaenlai: Yay! No more #sghaze! But nothing to talk about anymore. Ok lah, goodnight. ZZZZZZZ",Related - but not informative,2013 Singapore haze,0,Not informative
348508909495009280,#sghaze #haze is back now. My place at pasir ris is under think haze,Related - but not informative,2013 Singapore haze,0,Not informative
348518174725124097,RT @dbhbmusic: What PATRICK STAR has to say about the Haze in Singapore. #SGHaze #NoOffenceMalaysia http://t.co/ZpbHUG20ma,Related - but not informative,2013 Singapore haze,0,Not informative
348520045355335680,#sghaze Shanmugam issues warning #sgpolitics #sgelection #oursgconv #sgelections #sgpol http://t.co/ytrmtnQqyz,Not applicable,2013 Singapore haze,0,Not informative
348528496886288385,RT @chuanjin1: #sghaze masks to Marine Pde delivered. Mountbatten ongoing. Off to potong Pasir  now.,Related - but not informative,2013 Singapore haze,0,Not informative
348580292358975488,My city is disappearing into the haze #haze haze#Singapore haze,Related - but not informative,2013 Singapore haze,0,Not informative
348622906475036672,"#SGHaze PSI reading as of 10am is 96, still in the 'unhealthy' range.",Related and informative,2013 Singapore haze,1,Informative
348646348427505664,RT @alfmorere: シンガポールヘイズ: PSI値はもちろんの事だが、PM2.5値も要注意！http://t.co/qbip8YknZ5 #singaporehaze #sghaze #haze #psi #pm2.5 #ヘイズ #シンガポール #singapore …,Not applicable,2013 Singapore haze,0,Not informative
348673531728510977,"RT @FakeSTcom: Mediacorp announces new investigative crime drama set in burning Indonesian forests, called CSI: PSI. #sghaze",Related - but not informative,2013 Singapore haze,0,Not informative
348674081186525184,RT @KhairinaRahman: Malaysia should do what Singapore did to Indonesia about the haze. I'm getting sick of it! Now everyone body smell stin…,Related - but not informative,2013 Singapore haze,0,Not informative
348685552595382273,"RT @inxianity: schools in singapore are closed because of the haze, how about malaysia????",Related and informative,2013 Singapore haze,1,Informative
348689667215986688,RT @TODAYonline: #sghaze update: The NEA's 3-hour PSI reading at 2pm is at 78. PM2.5 concentration is at 70-91 http://t.co/Ydn6RLoOAr,Related and informative,2013 Singapore haze,1,Informative
348692913586311168,RT @STcom: #SGhaze update: 3-hour PSI dips to 83 at 12pm; 24-hour PSI is 88-98.,Related and informative,2013 Singapore haze,1,Informative
348696352915595267,"RT @Soshifiers: AFTER SOSHI LEFT, THE HAZE IS BACK. OH GOD, I THINK SNSD, YOU HAVE TO BE IN SINGAPORE FOREVER SO THERE WON'T BE HAZE.",Related - but not informative,2013 Singapore haze,0,Not informative
348699544818692096,"“@taengled: AFTER SOSHI LEFT, THE HAZE IS. BACK. OH GOD, I THINK SNSD, YOU HAVE TO BE IN SINGAPORE FOREVER SO THERE WON'T BE HAZE.",Related - but not informative,2013 Singapore haze,0,Not informative
348705085485899776,Singapore gets some relief from haze of choking fumes http://t.co/aNbmXr3tL3,Related and informative,2013 Singapore haze,1,Informative
348708386407325696,#OpenFollow Palm oil companies behind Singapore haze: Greenpeace - Channel News Asia http://t.co/wuDlvsWdIr #Singapore,Related and informative,2013 Singapore haze,1,Informative
348716011618443264,RT @CHANELLELAH__: @SatanicLucifer_: “@CHANELLELAH__: singapore now:  dengue haze  SARS  what's after this? world end?” contagious cancer…,Related - but not informative,2013 Singapore haze,0,Not informative
348727097189072897,"RT @mrbrown: If you polish your car, it will surely rain. Come on! Shine for Singapore! #sghaze",Related - but not informative,2013 Singapore haze,0,Not informative
348729584423931905,RT @STcom: #SGHaze update: 3pm reading down to 122 as more reports of blue skies http://t.co/x9ZBBCR61K http://t.co/3gJDSqGiua,Related and informative,2013 Singapore haze,1,Informative
348731119539195904,RT @STcom: #SGHaze update: Three-hour PSI is 78 at 3pm @NEASg,Related and informative,2013 Singapore haze,1,Informative
348749159223918592,Singapore and Malaysian based Companies Indicated in Haze Problem - Indonesian Officials http://t.co/Kqnlhtnu2o,Related and informative,2013 Singapore haze,1,Informative
348761712780001280,"@dreams4you_ then we should all go malaysia , buy big fans and blow the haze to singapore , so school wouldnt reopen:p",Related - but not informative,2013 Singapore haze,0,Not informative
348769434485272576,"If there's anything the haze has been useful for, it is it helped put Singapore on the world map and known internationally. #sghaze",Related - but not informative,2013 Singapore haze,0,Not informative
348771049304887297,"When the haze was in Singapore, everybody wanted it to go away, but when it left, everybody want's it to come back #Logic",Related - but not informative,2013 Singapore haze,0,Not informative
348773238702219266,Will we be able to catch the #supermoon tonight? #sghaze #Singapore,Not related,2013 Singapore haze,0,Not informative
348776606745112576,RT @aLiCiAlOlDaYz: Tell the younger ones we survived the #sghaze and end of the world.  - Tough generation -,Related - but not informative,2013 Singapore haze,0,Not informative
348777735017091072,"(SgNA) Worst of haze shifts from Singapore to Malaysia, state of emergency declared in southern district of Muar... http://t.co/a3OfD4nXvd",Related and informative,2013 Singapore haze,1,Informative
348791756562776065,RT @TODAYonline: #sghaze update: The NEA's 3-hour PSI reading at 9pm is at 76. PM2.5 concentration is at 68-110; 24-hour PSI at 78-105 http…,Related and informative,2013 Singapore haze,1,Informative
348792238916112386,"RT @STcom: #SGHaze update: Three-hour PSI at 76 at 9pm, 24-hour PSI at 78-105 @NEAsg",Related and informative,2013 Singapore haze,1,Informative
348800753336471552,@jazperryman_ bcos of forest fires in indo...huge haze has been covering Singapore and Malaysia this past week.,Related and informative,2013 Singapore haze,1,Informative
348806507942510592,"RT @RandoCore: Being poly students, our luck has resulted in the haze clearing up right before school starts. Singapore fucks us over yet a…",Related - but not informative,2013 Singapore haze,0,Not informative
348808814801334273,"@SBYudhoyono ,figure out some effective methods 2 stop d crazy burning.The haze might polluted singapore but also killing d sumatera people",Related - but not informative,2013 Singapore haze,0,Not informative
348816104489107456,OFFICIAL #SGHAZE MERCHANDISE AT http://t.co/S9cY9IY1rR! I know the haze is over and… http://t.co/Y5zaQrwmx1,Related - but not informative,2013 Singapore haze,0,Not informative
348817610265198595,RT @john_larkin: SIngapore CBD. Clear day &amp; the current haze disaster. Indonesia must stop illegal forest fires now. #haze #Singapore http:…,Related and informative,2013 Singapore haze,1,Informative
348823226417299458,"RT @STcom: #SGHaze update: Three-hour PSI at 80 at 11pm, 24-hour PSI is 76-110 @NEAsg",Related and informative,2013 Singapore haze,1,Informative
348847435973541888,RT @singapore: Friend: I treat you Haagen Dazs!  Me: Yay!  Friend: Open your mouth! Here! Haze 跟 Dust!  #sghaze - @mrbrown,Related - but not informative,2013 Singapore haze,0,Not informative
348864846500098048,Dr Vivian Balakrishnan: Don't profit from #sghaze. #sgpolitics #sgelection #oursgconv #sgelections #sgpol http://t.co/s5HXxEV2M2,Related - but not informative,2013 Singapore haze,0,Not informative
348968223519154177,Worst of haze shifts from Singapore to Malaysia http://t.co/GrxYR72UCn #vegafebryandoko,Related and informative,2013 Singapore haze,1,Informative
348988838519119874,RT @xinmsn_ch: [最新]新加坡上午10点的空气污染指数为49点，属于“良好”水平。24小时的平均空气污染指数在58到91点之间。#sghaze,Related and informative,2013 Singapore haze,1,Informative
348998036640374784,RT @ChinF3i: Let's pray for the Indonesian and Singapore citizens . Haze please go away faster.,Related - but not informative,2013 Singapore haze,0,Not informative
349000670646513665,Chocolates to beat the haze! Thank You @nira_chan! 😊 #MondayBluesNot @ ChurpChurp (Singapore) http://t.co/cOkdo4O9W4,Related - but not informative,2013 Singapore haze,0,Not informative
349002654573268994,"RT @Ken_Teh: Still waiting for rains, #haze looks a lot worse in Dumai today #sghaze http://t.co/wulYKfeank",Related - but not informative,2013 Singapore haze,0,Not informative
349045813948841984,"RT @ChannelNewsAsia: #SGHaze 3-hr PSI reading at 2pm is 65, still in the moderate range.",Related and informative,2013 Singapore haze,1,Informative
349046266921095168,BBC News - Singapore haze: BBC's David Shukman explains http://t.co/0bE8xXqdXd,Related - but not informative,2013 Singapore haze,0,Not informative
349060552733097984,@CharmaineSia toture Write a 500 word exposition essay on the topic “What are the effects of the haze on Singapore?,Related - but not informative,2013 Singapore haze,0,Not informative
349071671833001984,"Welcome back to Singapore, Haze😷",Related - but not informative,2013 Singapore haze,0,Not informative
349094690177576960,"Haze update: Malaysia, Singapore should know themselves, says Indonesian minister http://t.co/SgSnrfwuAx",Related and informative,2013 Singapore haze,1,Informative
349098133692747776,RT @stompsingapore: Singapore haze update: 3-hour PSI increases to 82 as of 5pm on June 24 http://t.co/bQYzeD9ujI http://t.co/bzYiMLAtML,Related and informative,2013 Singapore haze,1,Informative
349099429762048000,"RT @bernamadotcom: Malaysian companies are not at fault in clearing land in Indonesia using fire, causing haze which affects Singapore and …",Related - but not informative,2013 Singapore haze,0,Not informative
349104269951135744,(Stmp) SilkAir flight forced to turn back to Singapore from Pekanbaru due to haze http://t.co/YZYPWiWequ,Related and informative,2013 Singapore haze,1,Informative
349147903308201984,RT @ChannelNewsAsia: There are 437 hotspots in Indonesia's Sumatra island today - nearly double yesterday's #Haze #MYHaze #SGHaze http://t.…,Related and informative,2013 Singapore haze,1,Informative
349158355522158592,RT @TODAYonline: 24-hour PSI tomorrow is expected to be in the moderate band of 51 to 100 #sghaze http://t.co/QXi0DQBZmT,Related and informative,2013 Singapore haze,1,Informative
349160930820632577,RT @ChannelNewsAsia: Indonesian President SBY on #haze: negative remarks by certain officials should not have been made #MYHaze #SGHaze,Related - but not informative,2013 Singapore haze,0,Not informative
349174117712404480,RT @ChannelNewsAsia: No basis for theory that haze reduces mosquito/dengue threat - Environment Minister in Singapore http://t.co/1EYqynsAxY,Not related,2013 Singapore haze,0,Not informative
349175694770712577,"RT @STcom: Indonesia's @SBYudhoyono apologises for #haze, seeks understanding of relatives in Singapore and Malaysia http://t.co/VtgCNvL8c4",Related - but not informative,2013 Singapore haze,0,Not informative
349180811825774593,RT @clementchio: Haze Response: Singapore vs Malaysia.  Hope this makes #SgHaze complainers feel a little better. http://t.co/S4v9W8hGrQ,Related - but not informative,2013 Singapore haze,0,Not informative
349188357395447808,"RT @ChannelNewsAsia: JUST IN: Indonesian president apologises to Singapore &amp; Malaysia for #haze, says they had no intention to cause it, wi…",Related - but not informative,2013 Singapore haze,0,Not informative
349190555181391872,RT @TheN95Mask: Baby are you haze? Because it's hard to breath when you're around. #sghaze #pickuplines,Related - but not informative,2013 Singapore haze,0,Not informative
349191930929889280,“@ChannelNewsAsia: WATCH the Indonesian President saying sorry to #Singapore &amp; #Malaysia for the #haze http://t.co/EABg6FS1RZ” seriously?!,Related and informative,2013 Singapore haze,1,Informative
349322986148466689,RT @501Awani: SBY apologises to Malaysia and Singapore on haze problem http://t.co/lSRbBvkOc6,Related - but not informative,2013 Singapore haze,0,Not informative
349332750467203072,"RT @TODAYonline: Dengue: Despite online speculation #sghaze would slow it down, number of cases hit weekly record high of 853 http://t.co/u…",Related and informative,2013 Singapore haze,1,Informative
349343081046351873,"RT @STForeignDesk: Indonesia President Yudhoyono apologises to Singapore, Malaysia for #haze. http://t.co/Yp8RVRUf0E",Related - but not informative,2013 Singapore haze,0,Not informative
349405387457437696,Hahaha RT @fuckyeahjamie: HAAHAHHAHWA IS DOT DECIMAL. RT @NEAsg: 24-hour PSI is . Issued 1pm. http://t.co/Gc37QgV9zW #sghaze,Related and informative,2013 Singapore haze,1,Informative
349417689355264000,RT @mrbrown: Your first arrests are the lowly farmers and not the big corporations causing most of it. How convenient. #sghaze http://t.co/…,Related - but not informative,2013 Singapore haze,0,Not informative
349419442536587265,"the sky is gloomy, finally a sight of rain-to-be is here! #sghaze",Related - but not informative,2013 Singapore haze,0,Not informative
349424639296028673,dark clouds all around but that'll be acid raid bec of all the haze. stay indoors everyone! #sghaze,Related - but not informative,2013 Singapore haze,0,Not informative
349424664466030593,RT @NEAsg: 3-hour PSI is 69. Issued 3pm. http://t.co/jWFeoz49pP #sghaze,Related and informative,2013 Singapore haze,1,Informative
349428045062483970,RT @FyyGarfield: THIS IS WHY ITS RAINING ICE IN SINGAPORE. ITS BECAUSE INDONESIA DID THIS TO LESSEN THE Haze. ITS CALLED CLOUD SEEDING http…,Related - but not informative,2013 Singapore haze,0,Not informative
349437117371392001,RT @Fake_PMLee: Worst #SGHaze ever. Hail stones in the West. Indonesia apologising.  I don't know about you guys but I am boarding the Ark …,Related - but not informative,2013 Singapore haze,0,Not informative
349438384038617089,RT @iBlackazoid: THIS IS WHY ITS RAINING ICE IN SINGAPORE. ITS BECAUSE INDONESIA DID THIS TO LESSEN THE Haze. ITS CALLED CLOUD SEEDING http…,Related - but not informative,2013 Singapore haze,0,Not informative
349446722302377984,RT @Greenpeace: This is not some kind of far away planet. This is a forest in Sumatra after the catastrophic fires. #sghaze http://t.co/jmc…,Related - but not informative,2013 Singapore haze,0,Not informative
349450539135803395,"RT @xPentagon: Singapore's Weather :  Hot Ho H Hu Hum Humid Humi Hum Hu H Ha Haz Haze Haz Ha H Ha Hai Hail Hello Foreigners , Enjoy your st…",Not related,2013 Singapore haze,0,Not informative
349452279776157696,RT @RidhwanAzman: There was #SGHaze then now #SGHail . Oh my. What's next #SGTornado ah?!,Related - but not informative,2013 Singapore haze,0,Not informative
349454540472455169,RT @xinmsn_ch: [最新]新加坡下午5点的空气污染指数为73点，属“适中“水平 #sghaze,Related and informative,2013 Singapore haze,1,Informative
349457904337825793,"#SGhaze update: 3-hour PSI at 5pm is 73, in 'moderate' range, 24-hr PSI is 52-65. @NEAsg",Related and informative,2013 Singapore haze,1,Informative
349460110537531392,"RT @SchoolprobIems: After #sghaze, now #sghail, I guess #sgsnow will be up next? I want to build a snowman. :(",Related - but not informative,2013 Singapore haze,0,Not informative
349462077645139968,"After the haze cleared in Singapore, they are hit by hail stones (ice). Will Malaysia be next ? Is that extreme... http://t.co/mdk6hultPm",Related and informative,2013 Singapore haze,1,Informative
349466334859505665,“@fakeSGP This month is prolly the most interesting month the weatherman ever had in his carreer. #sghaze #sghail”,Related - but not informative,2013 Singapore haze,0,Not informative
349467379241189376,"RT @aaandychua: we have all types of weather here in singapore now. you want the sun, rain, haze or hail?",Related - but not informative,2013 Singapore haze,0,Not informative
349468629139595264,RT @mrbrown: Why is Jurong getting the hail but not the rest of Singapore?   BECAUSE OF THE DECADENCE OF THE WEST!!!   #sghaze #sghail,Not related,2013 Singapore haze,0,Not informative
349480612295487488,RT @plaitedbananas: “@STcom: NEA: Hail not related to cloud seeding; rain is not toxic #sghail #SGHaze http://t.co/xqvK3XgqFj” Armageddon i…,Related and informative,2013 Singapore haze,1,Informative
349483955164164097,24-hour PSI is 52-62. Issued 7pm. http://t.co/jWFeoz49pP #sghaze,Related and informative,2013 Singapore haze,1,Informative
349488426275442689,RT @yasminbods: To all SJ-ians tomorrow school will be closed! So have fun during the one day holiday!! #BlameTheHaze #ThanksToTheHazeSchoo…,Related and informative,2013 Singapore haze,1,Informative
349527068402393088,RT @livinginsg: First #sghaze top trend  Now #SGHail.  #SgSnow next maybe?,Related - but not informative,2013 Singapore haze,0,Not informative
349555375751696384,@MuhaiminDaNinja: Man mental puberty like stage 2 or something is weird as hell for me XD Maybe it's just the haze lah #blamethehaze ah,Related - but not informative,2013 Singapore haze,0,Not informative
349569305018503168,RT @mdfrdz: Don't worry. I'm safe. #sgHail #sgHaze http://t.co/mU9W64KFn3,Related - but not informative,2013 Singapore haze,0,Not informative
349721969329049600,......... ;; RT @STForeignDesk: On #STAsiaReport: #Haze spreads to south Thailand http://t.co/wju82Fj63V #sghaze,Related and informative,2013 Singapore haze,1,Informative
349748133397405696,"After weeks without it, happy that it's finally raining here in Singapore. It should drive what's left of the haze away.",Related - but not informative,2013 Singapore haze,0,Not informative
349770396750446592,RT @NEAsg: 3-hour PSI is 55. Issued 2pm. http://t.co/jWFeoz49pP #sghaze,Related and informative,2013 Singapore haze,1,Informative
349772158370721793,Haze brings Malacca Strait navigational alert http://t.co/li4i72IAXs #maritime #shipping #haze #Malaysia #Indonesia #Singapore,Related and informative,2013 Singapore haze,1,Informative
349835999871901697,"RT @TheN95Mask: Our love is like the PSI level. It goes up and down, but like the PSI level, Ill always be there. #sghaze #hazepickuplines…",Related - but not informative,2013 Singapore haze,0,Not informative
349850545722363904,#Bangalore rains soon gonna throw over the #singapore haze. No visibility at all ! How is one to drive out from work ? #stranded #monsoons,Related - but not informative,2013 Singapore haze,0,Not informative
349854924546383873,@nytimeswell @nytimesweek @nytimesvows @nytimesvisual  Singapore companies sent haze back to their country http://t.co/errXkRydEp,Related - but not informative,2013 Singapore haze,0,Not informative
350047497642713088,RT @Fake_PMLee: #SGHaze showed the better sides of SGreans; sharing and caring for one another.  McD's Hello Kitty reminds us we are not th…,Related - but not informative,2013 Singapore haze,0,Not informative
350048361673531392,"#Forest fires in Indonesia ongoing problem, #sghaze especially severe due to wind, reports @mongabay with WRI data http://t.co/P3S4cPC56m",Related and informative,2013 Singapore haze,1,Informative
350104452100915201,"RT @STcom: #Sghaze update: 3-hour PSI at 12pm is 62, in the 'Moderate' range. 24-hour PSI is 54-59. PM2.5 concentrations at 45-53.",Related and informative,2013 Singapore haze,1,Informative
350122894464004096,RT @Blazingmonkeys: Singapore's 5H:  Heat Haze Hail Hello kitty Homeworks,Related - but not informative,2013 Singapore haze,0,Not informative
350124731560763392,Singapore 4A : - Adelyn Hosebo - Aaron Tan - Alex Tan - Amy Cheong Singapore 5H : - Hot - Humid - Haze - Hail - Hello Kitty,Not related,2013 Singapore haze,0,Not informative
350134642680139780,RT @NEAsg: 24-hour PSI is 56-60. Issued 2pm. http://t.co/jWFeoz49pP #sghaze,Related and informative,2013 Singapore haze,1,Informative
350154066527129600,RT @WidyaRakaS: Singapore companies sent haze back to their country http://t.co/lMUYUU0irQ | @leehsienloong @SBYudhoyono,Related - but not informative,2013 Singapore haze,0,Not informative
350163705033523201,RT @NEAsg: 3-hour PSI is 63. Issued 4pm. http://t.co/jWFeoz49pP #sghaze,Related and informative,2013 Singapore haze,1,Informative
350165219181461505,RT @xPentagon: Singapore 4A :  - Adelyn Hosebo  - Aaron Tan  - Alex Tan  - Amy Cheong Singapore 5H :  - Hot  - Humid  - Haze  - Hail  - Hel…,Related - but not informative,2013 Singapore haze,0,Not informative
350172710183247875,RT @stompsingapore: Singapore haze update: 3-hour PSI is 63 as of 4pm on June 27 http://t.co/CAVHTrhgbg http://t.co/Ubak9jO22a,Related and informative,2013 Singapore haze,1,Informative
350237214388662276,Haze doesn’t change safety of Singapore’s water: Vivian Balakrishnan http://t.co/pVuxpsOPUq via @zite,Related and informative,2013 Singapore haze,1,Informative
350247846945099779,RT @sevrinette: I will never complain about pollution in Manila after experiencing haze in Singapore! The sky has… http://t.co/RKHJAOqj4e,Related - but not informative,2013 Singapore haze,0,Not informative
350256575321092096,"RT @livinginsg: The 3Hs of Singapore.  Haze, Hail, Hello Kitty.",Related - but not informative,2013 Singapore haze,0,Not informative
350378516308688896,RT @NEAsg: 3-hour PSI is 48. Issued 6am. http://t.co/jWFeoz49pP #sghaze,Related and informative,2013 Singapore haze,1,Informative
350497382896640002,24-hour PSI is 51-59. Issued 2pm. http://t.co/jWFeoz49pP #sghaze,Related and informative,2013 Singapore haze,1,Informative
350558246425214976,RT @anbuJAckavle: #SGHaze is stil trending? Why no one trend #SGHelloKitty?,Related - but not informative,2013 Singapore haze,0,Not informative
350590454502395908,RT @Greenpeace: What the slash and burn in Sumatra taught us: we need zero #deforestation! http://t.co/3vkhYiPYHh #sghaze http://t.co/SVrCm…,Related and informative,2013 Singapore haze,1,Informative
350597165351047169,"RT @AirAsia: The haze’s gone in Malaysia &amp; Singapore! But not our low fares, check it out now at http://t.co/3Wr5So9veD",Related - but not informative,2013 Singapore haze,0,Not informative
350620166943539202,Heard that PSI is gonna increase ? #Sghaze,Related - but not informative,2013 Singapore haze,0,Not informative
350680673964654592,RT @NEAsg: 3-hour PSI is 62. Issued 2am. http://t.co/jWFeoz49pP #sghaze,Related and informative,2013 Singapore haze,1,Informative
351948716929859584,RT @NEAsg: 3-hour PSI is 46. Issued 2pm. http://t.co/jWFeoz49pP #sghaze,Related and informative,2013 Singapore haze,1,Informative
352700747256832001,RT @NEAsg: 3-hour PSI is 36. Issued 4pm. http://t.co/jWFeoz49pP #sghaze,Related and informative,2013 Singapore haze,1,Informative
352756284023508992,RT @shitsingapore: The new 1$ coin in Singapore. Have you gotten yours? 😉 #sg #singapore #sghaze #LOL #nolink http://t.co/P3hY8VyPaz,Not related,2013 Singapore haze,0,Not informative
352857123463507968,LOL this is legendary RT @NEAsg: 3-hour PSI is 7. Issued 2am. http://t.co/xY2mlLJEbm #sghaze,Related and informative,2013 Singapore haze,1,Informative
352938543317921792,RT @NEAsg: 3-hour PSI is 7. Issued 2am. http://t.co/jWFeoz49pP #sghaze,Related and informative,2013 Singapore haze,1,Informative
